branch_id,brand,branch,bill_no,fact_no,session_no,table,seat_no,waiter,people_no,pay_type,disc_type,open_time,date,bill_time,bill_date,printed,posted,total,received,taxes,auto_grat,login_ref,cash_draw,sale_type,sale_area,acc_posted,discount,dollardisc,taxable,prt_time,prt_date,disc_pct,hidden,tax_table,account_no,rev_center,phone,cust_id,phone_id,gratovrpct,gratovramt,note,sls_name,cash_back,trans_id,start_stn,settle_stn,waiter0,send_time,assg_time,tray_ref,notaxamt,retn_time,address_id,addr_mode,advconvert,ready_time,dlv_time
83,Manam,Manam SM Cebu,2799,0.0,0.0,0,0,100490,0,12,GRABPWD 60,10:15:37.397,2025-07-01,10:15:37.397,2025-07-01,True,False,523.0,523.0,49.61,0.0,0,1,GRABFOOD,1,False,60.0,0,False,10:15:37.397,2025-07-01,0.0,False,1,0.0,GRABFOOD,0.0,0,0,-99.99,-10000000000,<NA>,0.0,0,2799,0,0,0,10:15:37.397,0.0,1,0,0.0,0,0,0,10:15:37.397,10:15:37.397
83,Manam,Manam SM Cebu,2800,0.0,0.0,0,0,100490,0,12,<NA>,10:17:33.05,2025-07-01,10:17:33.05,2025-07-01,True,False,826.0,826.0,88.5,0.0,0,1,GRABFOOD,1,False,0.0,0,False,10:17:33.05,2025-07-01,0.0,False,1,0.0,GRABFOOD,0.0,0,0,-99.99,-10000000000,<NA>,0.0,0,2800,0,0,0,10:17:33.05,0.0,1,0,0.0,0,0,0,10:17:33.05,10:17:33.05
83,Manam,Manam SM Cebu,2801,0.0,0.0,0,0,100490,0,12,<NA>,10:20:32.727,2025-07-01,10:20:32.727,2025-07-01,True,False,530.0,530.0,56.79,0.0,0,1,GRABFOOD,1,False,0.0,0,False,10:20:32.727,2025-07-01,0.0,False,1,0.0,GRABFOOD,0.0,0,0,-99.99,-10000000000,<NA>,0.0,0,2801,0,0,0,10:20:32.727,0.0,1,0,0.0,0,0,0,10:20:32.727,10:20:32.727
83,Manam,Manam SM Cebu,2802,0.0,0.0,0,0,100490,0,12,<NA>,10:26:58.62,2025-07-01,10:26:58.62,2025-07-01,True,False,3130.0,3130.0,335.36,0.0,0,1,GRABFOOD,1,False,0.0,0,False,10:26:58.62,2025-07-01,0.0,False,1,0.0,GRABFOOD,0.0,0,0,-99.99,-10000000000,<NA>,0.0,0,2802,0,0,0,10:26:58.62,0.0,1,0,0.0,0,0,0,10:26:58.62,10:26:58.62
83,Manam,Manam SM Cebu,2804,0.0,0.0,43,0,100490,1,1,<NA>,10:16:27.913,2025-07-01,10:16:27.913,2025-07-01,True,False,1135.0,1135.0,121.61,-86.14,0,1,DINEIN1,1,False,0.0,0,False,10:16:27.913,2025-07-01,0.0,False,1,0.0,DINEIN1,0.0,0,0,-99.99,-10000000000,<NA>,0.0,0,2804,0,0,0,10:16:27.913,0.0,1,0,0.0,0,0,0,10:16:27.913,10:16:27.913
83,Manam,Manam SM Cebu,2808,0.0,0.0,0,0,102267,0,12,<NA>,11:10:39.837,2025-07-01,11:10:39.837,2025-07-01,True,False,278.0,278.0,29.79,0.0,0,1,GRABFOOD,1,False,0.0,0,False,11:10:39.837,2025-07-01,0.0,False,1,0.0,GRABFOOD,0.0,0,0,-99.99,-10000000000,<NA>,0.0,0,2808,0,0,0,11:10:39.837,0.0,1,0,0.0,0,0,0,11:10:39.837,11:10:39.837
83,Manam,Manam SM Cebu,2809,0.0,0.0,0,0,102267,0,12,<NA>,11:11:54.817,2025-07-01,11:11:54.817,2025-07-01,True,False,865.0,865.0,92.67,0.0,0,1,GRABFOOD,1,False,0.0,0,False,11:11:54.817,2025-07-01,0.0,False,1,0.0,GRABFOOD,0.0,0,0,-99.99,-10000000000,<NA>,0.0,0,2809,0,0,0,11:11:54.817,0.0,1,0,0.0,0,0,0,11:11:54.817,11:11:54.817
83,Manam,Manam SM Cebu,2810,0.0,0.0,0,0,102267,0,12,<NA>,11:13:46.243,2025-07-01,11:13:46.243,2025-07-01,True,False,1144.0,1144.0,122.57,0.0,0,1,GRABFOOD,1,False,0.0,0,False,11:13:46.243,2025-07-01,0.0,False,1,0.0,GRABFOOD,0.0,0,0,-99.99,-10000000000,<NA>,0.0,0,2810,0,0,0,11:13:46.243,0.0,1,0,0.0,0,0,0,11:13:46.243,11:13:46.243
83,Manam,Manam SM Cebu,2811,0.0,0.0,0,0,108006,0,1,<NA>,11:11:40.073,2025-07-01,11:11:40.073,2025-07-01,True,False,1430.0,1430.0,153.21,0.0,0,1,TAKEOUT,1,False,0.0,0,False,11:11:40.073,2025-07-01,0.0,False,1,0.0,TAKEOUT,0.0,0,0,-99.99,-10000000000,<NA>,0.0,0,2811,0,0,0,11:11:40.073,0.0,1,0,0.0,0,0,0,11:11:40.073,11:11:40.073
83,Manam,Manam SM Cebu,2812,0.0,0.0,0,0,102267,0,12,<NA>,11:16:58.523,2025-07-01,11:16:58.523,2025-07-01,True,False,268.0,268.0,28.71,0.0,0,1,GRABFOOD,1,False,0.0,0,False,11:16:58.523,2025-07-01,0.0,False,1,0.0,GRABFOOD,0.0,0,0,-99.99,-10000000000,<NA>,0.0,0,2812,0,0,0,11:16:58.523,0.0,1,0,0.0,0,0,0,11:16:58.523,11:16:58.523
83,Manam,Manam SM Cebu,2813,0.0,0.0,24,0,102267,2,1,<NA>,10:41:32.153,2025-07-01,10:41:32.153,2025-07-01,True,False,855.0,855.0,91.61,-64.89,0,1,DINEIN1,1,False,0.0,0,False,10:41:32.153,2025-07-01,0.0,False,1,0.0,DINEIN1,0.0,0,0,-99.99,-10000000000,<NA>,0.0,0,2813,0,0,0,10:41:32.153,0.0,1,0,0.0,0,0,0,10:41:32.153,10:41:32.153
83,Manam,Manam SM Cebu,2814,0.0,0.0,22,0,102267,3,1,<NA>,10:34:34.167,2025-07-01,10:34:34.167,2025-07-01,True,False,1678.58,1678.58,71.43571428571428,-131.54,0,1,DINEIN1,1,False,238.09,0,False,10:34:34.167,2025-07-01,0.0,False,1,0.0,DINEIN1,0.0,0,0,-99.99,-10000000000,<NA>,0.0,0,2814,0,0,0,10:34:34.167,0.0,1,0,0.0,0,0,0,10:34:34.167,10:34:34.167
83,Manam,Manam SM Cebu,2815,0.0,0.0,20,0,102267,3,1,<NA>,10:22:37.207,2025-07-01,10:22:37.207,2025-07-01,True,False,1822.51,1822.51,76.96714285714286,-141.75,0,1,DINEIN1,1,False,256.55,0,False,10:22:37.207,2025-07-01,0.0,False,1,0.0,DINEIN1,0.0,0,0,-99.99,-10000000000,<NA>,0.0,0,2815,0,0,0,10:22:37.207,0.0,1,0,0.0,0,0,0,10:22:37.207,10:22:37.207
83,Manam,Manam SM Cebu,2816,0.0,0.0,0,0,102267,0,10,<NA>,11:23:48.76,2025-07-01,11:23:48.76,2025-07-01,True,False,885.0,885.0,94.82,0.0,0,1,FOODPANDA,1,False,0.0,0,False,11:23:48.76,2025-07-01,0.0,False,1,0.0,FOODPANDA,0.0,0,0,-99.99,-10000000000,<NA>,0.0,0,2816,0,0,0,11:23:48.76,0.0,1,0,0.0,0,0,0,11:23:48.76,11:23:48.76
83,Manam,Manam SM Cebu,2817,0.0,0.0,28,0,102267,2,3,<NA>,10:13:49.62,2025-07-01,10:13:49.62,2025-07-01,True,False,1095.0,1095.0,136.08,-96.38,0,1,DINEIN1,1,False,0.0,0,False,10:13:49.62,2025-07-01,0.0,False,1,0.0,DINEIN1,0.0,0,0,-99.99,-10000000000,<NA>,0.0,0,2817,0,0,0,10:13:49.62,0.0,1,0,0.0,0,0,0,10:13:49.62,10:13:49.62
83,Manam,Manam SM Cebu,2819,0.0,0.0,44,0,107996,2,3,<NA>,10:38:52.953,2025-07-01,10:38:52.953,2025-07-01,True,False,2170.0,2170.0,232.5,-164.69,0,1,DINEIN1,1,False,0.0,0,False,10:38:52.953,2025-07-01,0.0,False,1,0.0,DINEIN1,0.0,0,0,-99.99,-10000000000,<NA>,0.0,0,2819,0,0,0,10:38:52.953,0.0,1,0,0.0,0,0,0,10:38:52.953,10:38:52.953
83,Manam,Manam SM Cebu,2820,0.0,0.0,42,0,107996,3,3,<NA>,10:51:10.703,2025-07-01,10:51:10.703,2025-07-01,True,False,2220.0,2220.0,237.85,-168.48,0,1,DINEIN1,1,False,0.0,0,False,10:51:10.703,2025-07-01,0.0,False,1,0.0,DINEIN1,0.0,0,0,-99.99,-10000000000,<NA>,0.0,0,2820,0,0,0,10:51:10.703,0.0,1,0,0.0,0,0,0,10:51:10.703,10:51:10.703
83,Manam,Manam SM Cebu,2821,0.0,0.0,26,0,107996,3,3,<NA>,10:45:08.97,2025-07-01,10:45:08.97,2025-07-01,True,False,2630.0,2630.0,308.58,-218.57,0,1,DINEIN1,1,False,0.0,0,False,10:45:08.97,2025-07-01,0.0,False,1,0.0,DINEIN1,0.0,0,0,-99.99,-10000000000,<NA>,0.0,0,2821,0,0,0,10:45:08.97,0.0,1,0,0.0,0,0,0,10:45:08.97,10:45:08.97
83,Manam,Manam SM Cebu,2822,0.0,0.0,6,0,107996,2,1,<NA>,11:07:38.297,2025-07-01,11:07:38.297,2025-07-01,True,False,1420.0,1420.0,152.15,-107.77,0,1,DINEIN1,1,False,0.0,0,False,11:07:38.297,2025-07-01,0.0,False,1,0.0,DINEIN1,0.0,0,0,-99.99,-10000000000,<NA>,0.0,0,2822,0,0,0,11:07:38.297,0.0,1,0,0.0,0,0,0,11:07:38.297,11:07:38.297
83,Manam,Manam SM Cebu,2823,0.0,0.0,0,0,102267,0,12,<NA>,11:46:52.22,2025-07-01,11:46:52.22,2025-07-01,True,False,636.0,636.0,68.14,0.0,0,1,GRABFOOD,1,False,0.0,0,False,11:46:52.22,2025-07-01,0.0,False,1,0.0,GRABFOOD,0.0,0,0,-99.99,-10000000000,<NA>,0.0,0,2823,0,0,0,11:46:52.22,0.0,1,0,0.0,0,0,0,11:46:52.22,11:46:52.22
83,Manam,Manam SM Cebu,2824,0.0,0.0,7,0,102267,2,1,<NA>,10:49:53.943,2025-07-01,10:49:53.943,2025-07-01,True,False,1355.0,1355.0,163.93,-116.12,0,1,DINEIN1,1,False,0.0,0,False,10:49:53.943,2025-07-01,0.0,False,1,0.0,DINEIN1,0.0,0,0,-99.99,-10000000000,<NA>,0.0,0,2824,0,0,0,10:49:53.943,0.0,1,0,0.0,0,0,0,10:49:53.943,10:49:53.943
83,Manam,Manam SM Cebu,2825,0.0,0.0,4,0,102267,3,3,<NA>,10:58:31.203,2025-07-01,10:58:31.203,2025-07-01,True,False,1365.0,1365.0,146.25,-103.59,0,1,DINEIN1,1,False,0.0,0,False,10:58:31.203,2025-07-01,0.0,False,1,0.0,DINEIN1,0.0,0,0,-99.99,-10000000000,<NA>,0.0,0,2825,0,0,0,10:58:31.203,0.0,1,0,0.0,0,0,0,10:58:31.203,10:58:31.203
83,Manam,Manam SM Cebu,2826,0.0,0.0,0,0,102267,0,12,<NA>,11:52:24.96,2025-07-01,11:52:24.96,2025-07-01,True,False,1595.0,1595.0,190.71,0.0,0,1,GRABFOOD,1,False,0.0,0,False,11:52:24.96,2025-07-01,0.0,False,1,0.0,GRABFOOD,0.0,0,0,-99.99,-10000000000,<NA>,0.0,0,2826,0,0,0,11:52:24.96,0.0,1,0,0.0,0,0,0,11:52:24.96,11:52:24.96
83,Manam,Manam SM Cebu,2827,0.0,0.0,7,0,102267,2,1,<NA>,11:52:43.763,2025-07-01,11:52:43.763,2025-07-01,True,False,175.0,175.0,18.75,-13.28,0,1,DINEIN1,1,False,0.0,0,False,11:52:43.763,2025-07-01,0.0,False,1,0.0,DINEIN1,0.0,0,0,-99.99,-10000000000,<NA>,0.0,0,2827,0,0,0,11:52:43.763,0.0,1,0,0.0,0,0,0,11:52:43.763,11:52:43.763
83,Manam,Manam SM Cebu,2828,0.0,0.0,1,0,102267,2,1,<NA>,11:08:37.983,2025-07-01,11:08:37.983,2025-07-01,True,False,1097.8600000000001,1097.8600000000001,62.13857142857143,-79.23,0,1,DINEIN1,1,False,103.57,0,False,11:08:37.983,2025-07-01,0.0,False,1,0.0,DINEIN1,0.0,0,0,-99.99,-10000000000,<NA>,0.0,0,2828,0,0,0,11:08:37.983,0.0,1,0,0.0,0,0,0,11:08:37.983,11:08:37.983
83,Manam,Manam SM Cebu,2829,0.0,0.0,50,0,102267,7,3,<NA>,11:01:53.117,2025-07-01,11:01:53.117,2025-07-01,True,False,3749.23,3749.23,364.59,-292.68,0,1,DINEIN1,1,False,101.28,0,False,11:01:53.117,2025-07-01,0.0,False,1,0.0,DINEIN1,0.0,0,0,-99.99,-10000000000,<NA>,0.0,0,2829,0,0,0,11:01:53.117,0.0,1,0,0.0,0,0,0,11:01:53.117,11:01:53.117
83,Manam,Manam SM Cebu,2830,0.0,0.0,33,0,102267,5,1,<NA>,11:08:15.667,2025-07-01,11:08:15.667,2025-07-01,True,False,2714.28,2714.28,0.0,-184.57,0,1,DINEIN1,1,False,542.84,0,False,11:08:15.667,2025-07-01,0.0,False,1,0.0,DINEIN1,0.0,0,0,-99.99,-10000000000,<NA>,0.0,0,2830,0,0,0,11:08:15.667,0.0,1,0,0.0,0,0,0,11:08:15.667,11:08:15.667
83,Manam,Manam SM Cebu,2831,0.0,0.0,10,0,102267,4,1,<NA>,11:15:09.327,2025-07-01,11:15:09.327,2025-07-01,True,False,2155.67,2155.67,177.98714285714283,-159.7,0,1,DINEIN1,1,False,98.88,0,False,11:15:09.327,2025-07-01,0.0,False,1,0.0,DINEIN1,0.0,0,0,-99.99,-10000000000,<NA>,0.0,0,2831,0,0,0,11:15:09.327,0.0,1,0,0.0,0,0,0,11:15:09.327,11:15:09.327
83,Manam,Manam SM Cebu,2832,0.0,0.0,9,0,102267,2,3,<NA>,11:34:47.66,2025-07-01,11:34:47.66,2025-07-01,True,False,1025.0,1025.0,109.82,-77.79,0,1,DINEIN1,1,False,0.0,0,False,11:34:47.66,2025-07-01,0.0,False,1,0.0,DINEIN1,0.0,0,0,-99.99,-10000000000,<NA>,0.0,0,2832,0,0,0,11:34:47.66,0.0,1,0,0.0,0,0,0,11:34:47.66,11:34:47.66
83,Manam,Manam SM Cebu,2834,0.0,0.0,15,0,102267,3,3,<NA>,11:13:06.44,2025-07-01,11:13:06.44,2025-07-01,True,False,1885.17,1885.17,139.63571428571427,-138.47,0,1,DINEIN1,1,False,116.37,0,False,11:13:06.44,2025-07-01,0.0,False,1,0.0,DINEIN1,0.0,0,0,-99.99,-10000000000,<NA>,0.0,0,2834,0,0,0,11:13:06.44,0.0,1,0,0.0,0,0,0,11:13:06.44,11:13:06.44
83,Manam,Manam SM Cebu,2835,0.0,0.0,24,0,102267,4,3,<NA>,11:25:52.037,2025-07-01,11:25:52.037,2025-07-01,True,False,1489.01,1489.01,122.94428571428573,-110.31,0,1,DINEIN1,1,False,68.31,0,False,11:25:52.037,2025-07-01,0.0,False,1,0.0,DINEIN1,0.0,0,0,-99.99,-10000000000,<NA>,0.0,0,2835,0,0,0,11:25:52.037,0.0,1,0,0.0,0,0,0,11:25:52.037,11:25:52.037
83,Manam,Manam SM Cebu,2836,0.0,0.0,22,0,102267,4,3,<NA>,11:43:27.297,2025-07-01,11:43:27.297,2025-07-01,True,False,2664.2,2664.2,227.6042857142857,-204.04,0,1,DINEIN1,1,False,126.34,0,False,11:43:27.297,2025-07-01,0.0,False,1,0.0,DINEIN1,0.0,0,0,-99.99,-10000000000,<NA>,0.0,0,2836,0,0,0,11:43:27.297,0.0,1,0,0.0,0,0,0,11:43:27.297,11:43:27.297
83,Manam,Manam SM Cebu,2837,0.0,0.0,20,0,102267,4,3,<NA>,11:36:26.77,2025-07-01,11:36:26.77,2025-07-01,True,False,3776.08,3776.08,311.7857142857143,-279.74,0,1,DINEIN1,1,False,173.21,0,False,11:36:26.77,2025-07-01,0.0,False,1,0.0,DINEIN1,0.0,0,0,-99.99,-10000000000,<NA>,0.0,0,2837,0,0,0,11:36:26.77,0.0,1,0,0.0,0,0,0,11:36:26.77,11:36:26.77
83,Manam,Manam SM Cebu,2838,0.0,0.0,18,0,102267,4,3,<NA>,11:16:32.847,2025-07-01,11:16:32.847,2025-07-01,True,False,3401.7599999999998,3401.7599999999998,0.0,-263.19,0,1,DINEIN1,1,False,774.1,0,False,11:16:32.847,2025-07-01,0.0,False,1,0.0,DINEIN1,0.0,0,0,-99.99,-10000000000,<NA>,0.0,0,2838,0,0,0,11:16:32.847,0.0,1,0,0.0,0,0,0,11:16:32.847,11:16:32.847
83,Manam,Manam SM Cebu,2839,0.0,0.0,41,0,102267,4,3,<NA>,11:50:03.697,2025-07-01,11:50:03.697,2025-07-01,True,False,2110.0,2110.0,226.08,-160.13,0,1,DINEIN1,1,False,0.0,0,False,11:50:03.697,2025-07-01,0.0,False,1,0.0,DINEIN1,0.0,0,0,-99.99,-10000000000,<NA>,0.0,0,2839,0,0,0,11:50:03.697,0.0,1,0,0.0,0,0,0,11:50:03.697,11:50:03.697
83,Manam,Manam SM Cebu,2840,0.0,0.0,43,0,102267,5,3,<NA>,11:46:03.51,2025-07-01,11:46:03.51,2025-07-01,True,False,2155.0,2155.0,269.48,-190.87,0,1,DINEIN1,1,False,0.0,0,False,11:46:03.51,2025-07-01,0.0,False,1,0.0,DINEIN1,0.0,0,0,-99.99,-10000000000,<NA>,0.0,0,2840,0,0,0,11:46:03.51,0.0,1,0,0.0,0,0,0,11:46:03.51,11:46:03.51
83,Manam,Manam SM Cebu,2841,0.0,0.0,28,0,102267,2,3,<NA>,11:56:20.343,2025-07-01,11:56:20.343,2025-07-01,True,False,1500.0,1500.0,169.82,-120.29,0,1,DINEIN1,1,False,0.0,0,False,11:56:20.343,2025-07-01,0.0,False,1,0.0,DINEIN1,0.0,0,0,-99.99,-10000000000,<NA>,0.0,0,2841,0,0,0,11:56:20.343,0.0,1,0,0.0,0,0,0,11:56:20.343,11:56:20.343
83,Manam,Manam SM Cebu,2842,0.0,0.0,31,0,102267,2,3,<NA>,11:06:32.693,2025-07-01,11:06:32.693,2025-07-01,True,False,2867.5,2867.5,166.61285714285714,-212.42,0,1,DINEIN1,1,False,277.68,0,False,11:06:32.693,2025-07-01,0.0,False,1,0.0,DINEIN1,0.0,0,0,-99.99,-10000000000,<NA>,0.0,0,2842,0,0,0,11:06:32.693,0.0,1,0,0.0,0,0,0,11:06:32.693,11:06:32.693
83,Manam,Manam SM Cebu,2843,0.0,0.0,51,0,102267,6,3,<NA>,11:28:31.427,2025-07-01,11:28:31.427,2025-07-01,True,False,3713.3999999999996,3713.3999999999996,303.40714285714284,-300.69,0,1,DINEIN1,1,False,252.69,0,False,11:28:31.427,2025-07-01,0.0,False,1,0.0,DINEIN1,0.0,0,0,-99.99,-10000000000,<NA>,0.0,0,2843,0,0,0,11:28:31.427,0.0,1,0,0.0,0,0,0,11:28:31.427,11:28:31.427
83,Manam,Manam SM Cebu,2844,0.0,0.0,17,0,102267,2,1,<NA>,11:59:59.247,2025-07-01,11:59:59.247,2025-07-01,True,False,1476.25,1476.25,87.85714285714286,-112.02,0,1,DINEIN1,1,False,146.44,0,False,11:59:59.247,2025-07-01,0.0,False,1,0.0,DINEIN1,0.0,0,0,-99.99,-10000000000,<NA>,0.0,0,2844,0,0,0,11:59:59.247,0.0,1,0,0.0,0,0,0,11:59:59.247,11:59:59.247
83,Manam,Manam SM Cebu,2845,0.0,0.0,27,0,102267,4,3,<NA>,11:51:56.447,2025-07-01,11:51:56.447,2025-07-01,True,False,3660.0,3660.0,392.15,-277.77,0,1,DINEIN1,1,False,0.0,0,False,11:51:56.447,2025-07-01,0.0,False,1,0.0,DINEIN1,0.0,0,0,-99.99,-10000000000,<NA>,0.0,0,2845,0,0,0,11:51:56.447,0.0,1,0,0.0,0,0,0,11:51:56.447,11:51:56.447
83,Manam,Manam SM Cebu,2846,0.0,0.0,12,0,102267,3,3,<NA>,11:26:50.377,2025-07-01,11:26:50.377,2025-07-01,True,False,1883.93,1883.93,0.0,-146.32,0,1,DINEIN1,1,False,430.36,0,False,11:26:50.377,2025-07-01,0.0,False,1,0.0,DINEIN1,0.0,0,0,-99.99,-10000000000,<NA>,0.0,0,2846,0,0,0,11:26:50.377,0.0,1,0,0.0,0,0,0,11:26:50.377,11:26:50.377
83,Manam,Manam SM Cebu,2847,0.0,0.0,10,0,102267,3,3,<NA>,12:31:13.923,2025-07-01,12:31:13.923,2025-07-01,True,False,1120.0,1120.0,120.0,-85.0,0,1,DINEIN1,1,False,0.0,0,False,12:31:13.923,2025-07-01,0.0,False,1,0.0,DINEIN1,0.0,0,0,-99.99,-10000000000,<NA>,0.0,0,2847,0,0,0,12:31:13.923,0.0,1,0,0.0,0,0,0,12:31:13.923,12:31:13.923
83,Manam,Manam SM Cebu,2848,0.0,0.0,4,0,102267,10,3,<NA>,12:04:56.417,2025-07-01,12:04:56.417,2025-07-01,True,False,6310.0,6310.0,805.71,-570.71,0,1,DINEIN1,1,False,0.0,0,False,12:04:56.417,2025-07-01,0.0,False,1,0.0,DINEIN1,0.0,0,0,-99.99,-10000000000,<NA>,0.0,0,2848,0,0,0,12:04:56.417,0.0,1,0,0.0,0,0,0,12:04:56.417,12:04:56.417
83,Manam,Manam SM Cebu,2849,0.0,0.0,7,0,102267,4,1,<NA>,12:19:10.543,2025-07-01,12:19:10.543,2025-07-01,True,False,2637.41,2637.41,217.76857142857145,-195.38,0,1,DINEIN1,1,False,120.98,0,False,12:19:10.543,2025-07-01,0.0,False,1,0.0,DINEIN1,0.0,0,0,-99.99,-10000000000,<NA>,0.0,0,2849,0,0,0,12:19:10.543,0.0,1,0,0.0,0,0,0,12:19:10.543,12:19:10.543
83,Manam,Manam SM Cebu,2850,0.0,0.0,35,0,102267,3,3,<NA>,12:23:18.307,2025-07-01,12:23:18.307,2025-07-01,True,False,2029.82,2029.82,150.35714285714283,-149.1,0,1,DINEIN1,1,False,125.3,0,False,12:23:18.307,2025-07-01,0.0,False,1,0.0,DINEIN1,0.0,0,0,-99.99,-10000000000,<NA>,0.0,0,2850,0,0,0,12:23:18.307,0.0,1,0,0.0,0,0,0,12:23:18.307,12:23:18.307
83,Manam,Manam SM Cebu,2851,0.0,0.0,15,0,102267,3,1,<NA>,12:32:03.393,2025-07-01,12:32:03.393,2025-07-01,True,False,1042.85,1042.85,84.28285714285714,-83.58,0,1,DINEIN1,1,False,70.23,0,False,12:32:03.393,2025-07-01,0.0,False,1,0.0,DINEIN1,0.0,0,0,-99.99,-10000000000,<NA>,0.0,0,2851,0,0,0,12:32:03.393,0.0,1,0,0.0,0,0,0,12:32:03.393,12:32:03.393
83,Manam,Manam SM Cebu,2852,0.0,0.0,9,0,102267,2,1,<NA>,12:30:04.05,2025-07-01,12:30:04.05,2025-07-01,True,False,2100.0,2100.0,225.0,-159.38,0,1,DINEIN1,1,False,0.0,0,False,12:30:04.05,2025-07-01,0.0,False,1,0.0,DINEIN1,0.0,0,0,-99.99,-10000000000,<NA>,0.0,0,2852,0,0,0,12:30:04.05,0.0,1,0,0.0,0,0,0,12:30:04.05,12:30:04.05
83,Manam,Manam SM Cebu,2853,0.0,0.0,25,0,102267,3,3,<NA>,12:38:49.083,2025-07-01,12:38:49.083,2025-07-01,True,False,2415.0,2415.0,258.75,-183.28,0,1,DINEIN1,1,False,0.0,0,False,12:38:49.083,2025-07-01,0.0,False,1,0.0,DINEIN1,0.0,0,0,-99.99,-10000000000,<NA>,0.0,0,2853,0,0,0,12:38:49.083,0.0,1,0,0.0,0,0,0,12:38:49.083,12:38:49.083
83,Manam,Manam SM Cebu,2854,0.0,0.0,31,0,102267,4,1,<NA>,13:07:35.323,2025-07-01,13:07:35.323,2025-07-01,True,False,1339.29,1339.29,85.71571428571428,-109.28,0,1,DINEIN1,1,False,142.86,0,False,13:07:35.323,2025-07-01,0.0,False,1,0.0,DINEIN1,0.0,0,0,-99.99,-10000000000,<NA>,0.0,0,2854,0,0,0,13:07:35.323,0.0,1,0,0.0,0,0,0,13:07:35.323,13:07:35.323
83,Manam,Manam SM Cebu,2855,0.0,0.0,0,0,100490,0,3,<NA>,13:10:42.14,2025-07-01,13:10:42.14,2025-07-01,True,False,625.0,625.0,66.96,0.0,0,1,TAKEOUT,1,False,0.0,0,False,13:10:42.14,2025-07-01,0.0,False,1,0.0,TAKEOUT,0.0,0,0,-99.99,-10000000000,<NA>,0.0,0,2855,0,0,0,13:10:42.14,0.0,1,0,0.0,0,0,0,13:10:42.14,13:10:42.14
83,Manam,Manam SM Cebu,2856,0.0,0.0,26,0,102267,3,1,<NA>,13:20:43.97,2025-07-01,13:20:43.97,2025-07-01,True,False,1075.17,1075.17,79.63714285714286,-78.97,0,1,DINEIN1,1,False,66.37,0,False,13:20:43.97,2025-07-01,0.0,False,1,0.0,DINEIN1,0.0,0,0,-99.99,-10000000000,<NA>,0.0,0,2856,0,0,0,13:20:43.97,0.0,1,0,0.0,0,0,0,13:20:43.97,13:20:43.97
83,Manam,Manam SM Cebu,2857,0.0,0.0,28,0,102267,2,1,<NA>,13:32:30.857,2025-07-01,13:32:30.857,2025-07-01,True,False,1070.0,1070.0,135.54,-96.0,0,1,DINEIN1,1,False,0.0,0,False,13:32:30.857,2025-07-01,0.0,False,1,0.0,DINEIN1,0.0,0,0,-99.99,-10000000000,<NA>,0.0,0,2857,0,0,0,13:32:30.857,0.0,1,0,0.0,0,0,0,13:32:30.857,13:32:30.857
83,Manam,Manam SM Cebu,2858,0.0,0.0,10,0,102267,2,1,<NA>,13:21:49.907,2025-07-01,13:21:49.907,2025-07-01,True,False,1528.48,1528.48,86.51714285714286,-110.31,0,1,DINEIN1,1,False,144.2,0,False,13:21:49.907,2025-07-01,0.0,False,1,0.0,DINEIN1,0.0,0,0,-99.99,-10000000000,<NA>,0.0,0,2858,0,0,0,13:21:49.907,0.0,1,0,0.0,0,0,0,13:21:49.907,13:21:49.907
83,Manam,Manam SM Cebu,2859,0.0,0.0,43,0,102267,5,1,<NA>,12:59:25.333,2025-07-01,12:59:25.333,2025-07-01,True,False,3266.57,3266.57,231.13285714285712,-249.96,0,1,DINEIN1,1,False,255.72,0,False,12:59:25.333,2025-07-01,0.0,False,1,0.0,DINEIN1,0.0,0,0,-99.99,-10000000000,<NA>,0.0,0,2859,0,0,0,12:59:25.333,0.0,1,0,0.0,0,0,0,12:59:25.333,12:59:25.333
83,Manam,Manam SM Cebu,2860,0.0,0.0,0,0,102267,0,12,<NA>,14:09:25.507,2025-07-01,14:09:25.507,2025-07-01,True,False,1005.0,1005.0,107.67,0.0,0,1,GRABFOOD,1,False,0.0,0,False,14:09:25.507,2025-07-01,0.0,False,1,0.0,GRABFOOD,0.0,0,0,-99.99,-10000000000,<NA>,0.0,0,2860,0,0,0,14:09:25.507,0.0,1,0,0.0,0,0,0,14:09:25.507,14:09:25.507
83,Manam,Manam SM Cebu,2862,0.0,0.0,30,0,102267,2,3,<NA>,13:28:19.6,2025-07-01,13:28:19.6,2025-07-01,True,False,1160.0,1160.0,124.29,-88.04,0,1,DINEIN1,1,False,0.0,0,False,13:28:19.6,2025-07-01,0.0,False,1,0.0,DINEIN1,0.0,0,0,-99.99,-10000000000,<NA>,0.0,0,2862,0,0,0,13:28:19.6,0.0,1,0,0.0,0,0,0,13:28:19.6,13:28:19.6
83,Manam,Manam SM Cebu,2863,0.0,0.0,51,0,102267,6,1,<NA>,13:14:41.407,2025-07-01,13:14:41.407,2025-07-01,True,False,3990.0,3990.0,550.2,-389.71,0,1,DINEIN1,1,False,0.0,0,False,13:14:41.407,2025-07-01,0.0,False,1,0.0,DINEIN1,0.0,0,0,-99.99,-10000000000,<NA>,0.0,0,2863,0,0,0,13:14:41.407,0.0,1,0,0.0,0,0,0,13:14:41.407,13:14:41.407
83,Manam,Manam SM Cebu,2864,0.0,0.0,21,0,102267,9,3,<NA>,12:43:47.357,2025-07-01,12:43:47.357,2025-07-01,True,False,4115.21,4115.21,223.80142857142857,-317.06,0,1,DINEIN1,1,False,466.26,0,False,12:43:47.357,2025-07-01,0.0,False,1,0.0,DINEIN1,0.0,0,0,-99.99,-10000000000,<NA>,0.0,0,2864,0,0,0,12:43:47.357,0.0,1,0,0.0,0,0,0,12:43:47.357,12:43:47.357
83,Manam,Manam SM Cebu,2865,0.0,0.0,41,0,102267,3,3,<NA>,12:58:39.043,2025-07-01,12:58:39.043,2025-07-01,True,False,1806.07,1806.07,69.46571428571428,-127.93,0,1,DINEIN1,1,False,231.55,0,False,12:58:39.043,2025-07-01,0.0,False,1,0.0,DINEIN1,0.0,0,0,-99.99,-10000000000,<NA>,0.0,0,2865,0,0,0,12:58:39.043,0.0,1,0,0.0,0,0,0,12:58:39.043,12:58:39.043
83,Manam,Manam SM Cebu,2866,0.0,0.0,34,0,102267,3,3,<NA>,13:36:48.307,2025-07-01,13:36:48.307,2025-07-01,True,False,1620.0,1620.0,192.31,-136.23,0,1,DINEIN1,1,False,0.0,0,False,13:36:48.307,2025-07-01,0.0,False,1,0.0,DINEIN1,0.0,0,0,-99.99,-10000000000,<NA>,0.0,0,2866,0,0,0,13:36:48.307,0.0,1,0,0.0,0,0,0,13:36:48.307,13:36:48.307
83,Manam,Manam SM Cebu,2867,0.0,0.0,50,0,102267,13,3,<NA>,12:20:45.453,2025-07-01,12:20:45.453,2025-07-01,True,False,4355.39,4355.39,500.76714285714286,-597.94,0,1,DINEIN1,1,False,715.38,0,False,12:20:45.453,2025-07-01,0.0,False,1,0.0,DINEIN1,0.0,0,0,-99.99,-10000000000,<NA>,0.0,0,2867,0,0,0,12:20:45.453,0.0,1,0,0.0,0,0,0,12:20:45.453,12:20:45.453
83,Manam,Manam SM Cebu,2868,0.0,0.0,11,0,102267,3,3,<NA>,13:43:27.48,2025-07-01,13:43:27.48,2025-07-01,True,False,2685.0,2685.0,287.68,-203.77,0,1,DINEIN1,1,False,0.0,0,False,13:43:27.48,2025-07-01,0.0,False,1,0.0,DINEIN1,0.0,0,0,-99.99,-10000000000,<NA>,0.0,0,2868,0,0,0,13:43:27.48,0.0,1,0,0.0,0,0,0,13:43:27.48,13:43:27.48
83,Manam,Manam SM Cebu,2869,0.0,0.0,19,0,102267,5,3,<NA>,13:24:13.83,2025-07-01,13:24:13.83,2025-07-01,True,False,3905.0,3905.0,437.16,-309.64,0,1,DINEIN1,1,False,0.0,0,False,13:24:13.83,2025-07-01,0.0,False,1,0.0,DINEIN1,0.0,0,0,-99.99,-10000000000,<NA>,0.0,0,2869,0,0,0,13:24:13.83,0.0,1,0,0.0,0,0,0,13:24:13.83,13:24:13.83
83,Manam,Manam SM Cebu,2870,0.0,0.0,7,0,102267,3,1,<NA>,14:00:11.51,2025-07-01,14:00:11.51,2025-07-01,True,False,675.0,675.0,72.33,-51.23,0,1,DINEIN1,1,False,0.0,0,False,14:00:11.51,2025-07-01,0.0,False,1,0.0,DINEIN1,0.0,0,0,-99.99,-10000000000,<NA>,0.0,0,2870,0,0,0,14:00:11.51,0.0,1,0,0.0,0,0,0,14:00:11.51,14:00:11.51
83,Manam,Manam SM Cebu,2871,0.0,0.0,27,0,102267,2,3,<NA>,14:04:21.143,2025-07-01,14:04:21.143,2025-07-01,True,False,981.0699999999999,981.0699999999999,75.0,-78.02,0,1,DINEIN1,1,False,73.21,0,False,14:04:21.143,2025-07-01,0.0,False,1,0.0,DINEIN1,0.0,0,0,-99.99,-10000000000,<NA>,0.0,0,2871,0,0,0,14:04:21.143,0.0,1,0,0.0,0,0,0,14:04:21.143,14:04:21.143
83,Manam,Manam SM Cebu,2872,0.0,0.0,1,0,102267,9,3,<NA>,13:25:12.537,2025-07-01,13:25:12.537,2025-07-01,True,False,4159.05,4159.05,458.3328571428571,-398.86,0,1,DINEIN1,1,False,218.25,0,False,13:25:12.537,2025-07-01,0.0,False,1,0.0,DINEIN1,0.0,0,0,-99.99,-10000000000,<NA>,0.0,0,2872,0,0,0,13:25:12.537,0.0,1,0,0.0,0,0,0,13:25:12.537,13:25:12.537
83,Manam,Manam SM Cebu,2873,0.0,0.0,14,0,102267,4,1,<NA>,13:45:00.61,2025-07-01,13:45:00.61,2025-07-01,True,False,2665.0,2665.0,314.99,-223.13,0,1,DINEIN1,1,False,0.0,0,False,13:45:00.61,2025-07-01,0.0,False,1,0.0,DINEIN1,0.0,0,0,-99.99,-10000000000,<NA>,0.0,0,2873,0,0,0,13:45:00.61,0.0,1,0,0.0,0,0,0,13:45:00.61,13:45:00.61
83,Manam,Manam SM Cebu,2874,0.0,0.0,9,0,102267,1,3,<NA>,13:46:13.717,2025-07-01,13:46:13.717,2025-07-01,True,False,945.0,945.0,101.25,-71.72,0,1,DINEIN1,1,False,0.0,0,False,13:46:13.717,2025-07-01,0.0,False,1,0.0,DINEIN1,0.0,0,0,-99.99,-10000000000,<NA>,0.0,0,2874,0,0,0,13:46:13.717,0.0,1,0,0.0,0,0,0,13:46:13.717,13:46:13.717
83,Manam,Manam SM Cebu,2875,0.0,0.0,10,0,102267,2,3,<NA>,14:22:37.507,2025-07-01,14:22:37.507,2025-07-01,True,False,1700.0,1700.0,193.93,-137.37,0,1,DINEIN1,1,False,0.0,0,False,14:22:37.507,2025-07-01,0.0,False,1,0.0,DINEIN1,0.0,0,0,-99.99,-10000000000,<NA>,0.0,0,2875,0,0,0,14:22:37.507,0.0,1,0,0.0,0,0,0,14:22:37.507,14:22:37.507
83,Manam,Manam SM Cebu,2876,0.0,0.0,28,0,102267,2,3,<NA>,14:21:26.13,2025-07-01,14:21:26.13,2025-07-01,True,False,1890.0,1890.0,202.5,-143.44,0,1,DINEIN1,1,False,0.0,0,False,14:21:26.13,2025-07-01,0.0,False,1,0.0,DINEIN1,0.0,0,0,-99.99,-10000000000,<NA>,0.0,0,2876,0,0,0,14:21:26.13,0.0,1,0,0.0,0,0,0,14:21:26.13,14:21:26.13
83,Manam,Manam SM Cebu,2877,0.0,0.0,16,0,102267,3,3,<NA>,13:46:36.25,2025-07-01,13:46:36.25,2025-07-01,True,False,2105.0,2105.0,225.54,-159.75,0,1,DINEIN1,1,False,0.0,0,False,13:46:36.25,2025-07-01,0.0,False,1,0.0,DINEIN1,0.0,0,0,-99.99,-10000000000,<NA>,0.0,0,2877,0,0,0,13:46:36.25,0.0,1,0,0.0,0,0,0,13:46:36.25,13:46:36.25
83,Manam,Manam SM Cebu,2878,0.0,0.0,21,0,102267,3,1,<NA>,14:27:56.353,2025-07-01,14:27:56.353,2025-07-01,True,False,995.0,995.0,106.6,-75.51,0,1,DINEIN1,1,False,0.0,0,False,14:27:56.353,2025-07-01,0.0,False,1,0.0,DINEIN1,0.0,0,0,-99.99,-10000000000,<NA>,0.0,0,2878,0,0,0,14:27:56.353,0.0,1,0,0.0,0,0,0,14:27:56.353,14:27:56.353
83,Manam,Manam SM Cebu,2879,0.0,0.0,24,0,102267,4,3,<NA>,13:55:49.337,2025-07-01,13:55:49.337,2025-07-01,True,False,2850.0,2850.0,370.18,-262.21,0,1,DINEIN1,1,False,0.0,0,False,13:55:49.337,2025-07-01,0.0,False,1,0.0,DINEIN1,0.0,0,0,-99.99,-10000000000,<NA>,0.0,0,2879,0,0,0,13:55:49.337,0.0,1,0,0.0,0,0,0,13:55:49.337,13:55:49.337
83,Manam,Manam SM Cebu,2880,0.0,0.0,43,0,102267,4,1,<NA>,14:18:04.797,2025-07-01,14:18:04.797,2025-07-01,True,False,1727.45,1727.45,142.63285714285715,-127.97,0,1,DINEIN1,1,False,79.24,0,False,14:18:04.797,2025-07-01,0.0,False,1,0.0,DINEIN1,0.0,0,0,-99.99,-10000000000,<NA>,0.0,0,2880,0,0,0,14:18:04.797,0.0,1,0,0.0,0,0,0,14:18:04.797,14:18:04.797
83,Manam,Manam SM Cebu,2881,0.0,0.0,42,0,103836,2,3,<NA>,14:24:03.427,2025-07-01,14:24:03.427,2025-07-01,True,False,1585.0,1585.0,169.82,-120.29,0,1,DINEIN1,1,False,0.0,0,False,14:24:03.427,2025-07-01,0.0,False,1,0.0,DINEIN1,0.0,0,0,-99.99,-10000000000,<NA>,0.0,0,2881,0,0,0,14:24:03.427,0.0,1,0,0.0,0,0,0,14:24:03.427,14:24:03.427
83,Manam,Manam SM Cebu,2883,0.0,0.0,40,0,103836,2,3,<NA>,14:13:41.103,2025-07-01,14:13:41.103,2025-07-01,True,False,1515.0,1515.0,162.33,-114.98,0,1,DINEIN1,1,False,0.0,0,False,14:13:41.103,2025-07-01,0.0,False,1,0.0,DINEIN1,0.0,0,0,-99.99,-10000000000,<NA>,0.0,0,2883,0,0,0,14:13:41.103,0.0,1,0,0.0,0,0,0,14:13:41.103,14:13:41.103
83,Manam,Manam SM Cebu,2884,0.0,0.0,31,0,103836,4,1,<NA>,14:02:37.73,2025-07-01,14:02:37.73,2025-07-01,True,False,1759.73,1759.73,105.92571428571428,-134.22,0,1,DINEIN1,1,False,175.45,0,False,14:02:37.73,2025-07-01,0.0,False,1,0.0,DINEIN1,0.0,0,0,-99.99,-10000000000,<NA>,0.0,0,2884,0,0,0,14:02:37.73,0.0,1,0,0.0,0,0,0,14:02:37.73,14:02:37.73
83,Manam,Manam SM Cebu,2885,0.0,0.0,45,0,103836,2,1,<NA>,14:56:32.133,2025-07-01,14:56:32.133,2025-07-01,True,False,1890.0,1890.0,222.32,-157.48,0,1,DINEIN1,1,False,0.0,0,False,14:56:32.133,2025-07-01,0.0,False,1,0.0,DINEIN1,0.0,0,0,-99.99,-10000000000,<NA>,0.0,0,2885,0,0,0,14:56:32.133,0.0,1,0,0.0,0,0,0,14:56:32.133,14:56:32.133
83,Manam,Manam SM Cebu,2886,0.0,0.0,20,0,103836,2,3,<NA>,14:29:47.363,2025-07-01,14:29:47.363,2025-07-01,True,False,1450.0,1450.0,155.36,-110.04,0,1,DINEIN1,1,False,0.0,0,False,14:29:47.363,2025-07-01,0.0,False,1,0.0,DINEIN1,0.0,0,0,-99.99,-10000000000,<NA>,0.0,0,2886,0,0,0,14:29:47.363,0.0,1,0,0.0,0,0,0,14:29:47.363,14:29:47.363
83,Manam,Manam SM Cebu,2887,0.0,0.0,4,0,103836,3,3,<NA>,15:02:15.387,2025-07-01,15:02:15.387,2025-07-01,True,False,1330.0,1330.0,142.5,-100.94,0,1,DINEIN1,1,False,0.0,0,False,15:02:15.387,2025-07-01,0.0,False,1,0.0,DINEIN1,0.0,0,0,-99.99,-10000000000,<NA>,0.0,0,2887,0,0,0,15:02:15.387,0.0,1,0,0.0,0,0,0,15:02:15.387,15:02:15.387
83,Manam,Manam SM Cebu,2888,0.0,0.0,51,0,103836,2,3,<NA>,14:31:15.59,2025-07-01,14:31:15.59,2025-07-01,True,False,1277.68,1277.68,72.32428571428571,-92.21,0,1,DINEIN1,1,False,120.54,0,False,14:31:15.59,2025-07-01,0.0,False,1,0.0,DINEIN1,0.0,0,0,-99.99,-10000000000,<NA>,0.0,0,2888,0,0,0,14:31:15.59,0.0,1,0,0.0,0,0,0,14:31:15.59,14:31:15.59
83,Manam,Manam SM Cebu,2890,0.0,0.0,9,0,103836,1,3,<NA>,15:31:06.407,2025-07-01,15:31:06.407,2025-07-01,True,False,355.0,355.0,38.04,-26.94,0,1,DINEIN1,1,False,0.0,0,False,15:31:06.407,2025-07-01,0.0,False,1,0.0,DINEIN1,0.0,0,0,-99.99,-10000000000,<NA>,0.0,0,2890,0,0,0,15:31:06.407,0.0,1,0,0.0,0,0,0,15:31:06.407,15:31:06.407
83,Manam,Manam SM Cebu,2891,0.0,0.0,52,0,103836,2,3,<NA>,14:59:04.213,2025-07-01,14:59:04.213,2025-07-01,True,False,1245.0,1245.0,133.39,-94.49,0,1,DINEIN1,1,False,0.0,0,False,14:59:04.213,2025-07-01,0.0,False,1,0.0,DINEIN1,0.0,0,0,-99.99,-10000000000,<NA>,0.0,0,2891,0,0,0,14:59:04.213,0.0,1,0,0.0,0,0,0,14:59:04.213,14:59:04.213
83,Manam,Manam SM Cebu,2892,0.0,0.0,21,0,103836,2,3,<NA>,15:19:21.343,2025-07-01,15:19:21.343,2025-07-01,True,False,818.66,818.66,46.34285714285714,-59.08,0,1,DINEIN1,1,False,77.23,0,False,15:19:21.343,2025-07-01,0.0,False,1,0.0,DINEIN1,0.0,0,0,-99.99,-10000000000,<NA>,0.0,0,2892,0,0,0,15:19:21.343,0.0,1,0,0.0,0,0,0,15:19:21.343,15:19:21.343
83,Manam,Manam SM Cebu,2893,0.0,0.0,27,0,103836,2,1,<NA>,15:13:00.247,2025-07-01,15:13:00.247,2025-07-01,True,False,2479.64,2479.64,140.35714285714283,-178.96,0,1,DINEIN1,1,False,233.93,0,False,15:13:00.247,2025-07-01,0.0,False,1,0.0,DINEIN1,0.0,0,0,-99.99,-10000000000,<NA>,0.0,0,2893,0,0,0,15:13:00.247,0.0,1,0,0.0,0,0,0,15:13:00.247,15:13:00.247
83,Manam,Manam SM Cebu,2894,0.0,0.0,25,0,103836,2,3,<NA>,15:27:46.917,2025-07-01,15:27:46.917,2025-07-01,True,False,676.69,676.69,38.301428571428566,-48.83,0,1,DINEIN1,1,False,63.84,0,False,15:27:46.917,2025-07-01,0.0,False,1,0.0,DINEIN1,0.0,0,0,-99.99,-10000000000,<NA>,0.0,0,2894,0,0,0,15:27:46.917,0.0,1,0,0.0,0,0,0,15:27:46.917,15:27:46.917
83,Manam,Manam SM Cebu,2896,0.0,0.0,0,0,103836,0,12,<NA>,16:21:48.657,2025-07-01,16:21:48.657,2025-07-01,True,False,1090.0,1090.0,278.04,0.0,0,1,GRABFOOD,1,False,0.0,0,False,16:21:48.657,2025-07-01,0.0,False,1,0.0,GRABFOOD,0.0,0,0,-99.99,-10000000000,<NA>,0.0,0,2896,0,0,0,16:21:48.657,0.0,1,0,0.0,0,0,0,16:21:48.657,16:21:48.657
83,Manam,Manam SM Cebu,2897,0.0,0.0,50,0,103836,7,1,<NA>,15:36:22.803,2025-07-01,15:36:22.803,2025-07-01,True,False,1680.0,1680.0,179.99,-127.5,0,1,DINEIN1,1,False,0.0,0,False,15:36:22.803,2025-07-01,0.0,False,1,0.0,DINEIN1,0.0,0,0,-99.99,-10000000000,<NA>,0.0,0,2897,0,0,0,15:36:22.803,0.0,1,0,0.0,0,0,0,15:36:22.803,15:36:22.803
83,Manam,Manam SM Cebu,2898,0.0,0.0,0,0,103836,0,12,<NA>,16:25:37.95,2025-07-01,16:25:37.95,2025-07-01,True,False,200.0,200.0,21.43,0.0,0,1,GRABFOOD,1,False,0.0,0,False,16:25:37.95,2025-07-01,0.0,False,1,0.0,GRABFOOD,0.0,0,0,-99.99,-10000000000,<NA>,0.0,0,2898,0,0,0,16:25:37.95,0.0,1,0,0.0,0,0,0,16:25:37.95,16:25:37.95
83,Manam,Manam SM Cebu,2899,0.0,0.0,33,0,103836,5,1,<NA>,15:17:14.453,2025-07-01,15:17:14.453,2025-07-01,True,False,3484.0,3484.0,234.0,-254.15,0,1,DINEIN1,1,False,260.0,0,False,15:17:14.453,2025-07-01,0.0,False,1,0.0,DINEIN1,0.0,0,0,-99.99,-10000000000,<NA>,0.0,0,2899,0,0,0,15:17:14.453,0.0,1,0,0.0,0,0,0,15:17:14.453,15:17:14.453
83,Manam,Manam SM Cebu,2900,0.0,0.0,7,0,103836,2,1,<NA>,15:18:53.65,2025-07-01,15:18:53.65,2025-07-01,True,False,1265.0,1265.0,144.64,-102.46,0,1,DINEIN1,1,False,0.0,0,False,15:18:53.65,2025-07-01,0.0,False,1,0.0,DINEIN1,0.0,0,0,-99.99,-10000000000,<NA>,0.0,0,2900,0,0,0,15:18:53.65,0.0,1,0,0.0,0,0,0,15:18:53.65,15:18:53.65
83,Manam,Manam SM Cebu,2901,0.0,0.0,40,0,103836,5,1,<NA>,15:48:46.687,2025-07-01,15:48:46.687,2025-07-01,True,False,1505.0,1505.0,226.08,-160.13,0,1,DINEIN1,1,False,0.0,0,False,15:48:46.687,2025-07-01,0.0,False,1,0.0,DINEIN1,0.0,0,0,-99.99,-10000000000,<NA>,0.0,0,2901,0,0,0,15:48:46.687,0.0,1,0,0.0,0,0,0,15:48:46.687,15:48:46.687
83,Manam,Manam SM Cebu,2902,0.0,0.0,0,0,103836,0,3,<NA>,16:31:14.593,2025-07-01,16:31:14.593,2025-07-01,True,False,625.0,625.0,66.96,0.0,0,1,TAKEOUT,1,False,0.0,0,False,16:31:14.593,2025-07-01,0.0,False,1,0.0,TAKEOUT,0.0,0,0,-99.99,-10000000000,<NA>,0.0,0,2902,0,0,0,16:31:14.593,0.0,1,0,0.0,0,0,0,16:31:14.593,16:31:14.593
83,Manam,Manam SM Cebu,2903,0.0,0.0,20,0,103836,2,1,<NA>,16:13:51.157,2025-07-01,16:13:51.157,2025-07-01,True,False,1340.0,1340.0,143.57,-101.7,0,1,DINEIN1,1,False,0.0,0,False,16:13:51.157,2025-07-01,0.0,False,1,0.0,DINEIN1,0.0,0,0,-99.99,-10000000000,<NA>,0.0,0,2903,0,0,0,16:13:51.157,0.0,1,0,0.0,0,0,0,16:13:51.157,16:13:51.157
83,Manam,Manam SM Cebu,2904,0.0,0.0,32,0,103836,2,3,<NA>,15:55:57.6,2025-07-01,15:55:57.6,2025-07-01,True,False,1049.1,1049.1,0.0,-71.34,0,1,DINEIN1,1,False,209.82,0,False,15:55:57.6,2025-07-01,0.0,False,1,0.0,DINEIN1,0.0,0,0,-99.99,-10000000000,<NA>,0.0,0,2904,0,0,0,15:55:57.6,0.0,1,0,0.0,0,0,0,15:55:57.6,15:55:57.6
83,Manam,Manam SM Cebu,2905,0.0,0.0,4,0,103836,2,3,<NA>,15:48:47.11,2025-07-01,15:48:47.11,2025-07-01,True,False,695.0,695.0,74.47,-52.75,0,1,DINEIN1,1,False,0.0,0,False,15:48:47.11,2025-07-01,0.0,False,1,0.0,DINEIN1,0.0,0,0,-99.99,-10000000000,<NA>,0.0,0,2905,0,0,0,15:48:47.11,0.0,1,0,0.0,0,0,0,15:48:47.11,15:48:47.11
83,Manam,Manam SM Cebu,2906,0.0,0.0,0,0,108000,0,1,<NA>,16:59:43.487,2025-07-01,16:59:43.487,2025-07-01,True,False,1724.29,1724.29,161.78,0.0,0,1,TAKEOUT,1,False,42.86,0,False,16:59:43.487,2025-07-01,0.0,False,1,0.0,TAKEOUT,0.0,0,0,-99.99,-10000000000,<NA>,0.0,0,2906,0,0,0,16:59:43.487,0.0,1,0,0.0,0,0,0,16:59:43.487,16:59:43.487
83,Manam,Manam SM Cebu,2907,0.0,0.0,51,0,103836,4,1,<NA>,16:26:45.51,2025-07-01,16:26:45.51,2025-07-01,True,False,1550.3600000000001,1550.3600000000001,50.362857142857145,-121.28,0,1,DINEIN1,1,False,251.78,0,False,16:26:45.51,2025-07-01,0.0,False,1,0.0,DINEIN1,0.0,0,0,-99.99,-10000000000,<NA>,0.0,0,2907,0,0,0,16:26:45.51,0.0,1,0,0.0,0,0,0,16:26:45.51,16:26:45.51
83,Manam,Manam SM Cebu,2908,0.0,0.0,1,0,103836,5,3,<NA>,16:05:26.457,2025-07-01,16:05:26.457,2025-07-01,True,False,2617.42,2617.42,183.85714285714283,-199.69,0,1,DINEIN1,1,False,204.28,0,False,16:05:26.457,2025-07-01,0.0,False,1,0.0,DINEIN1,0.0,0,0,-99.99,-10000000000,<NA>,0.0,0,2908,0,0,0,16:05:26.457,0.0,1,0,0.0,0,0,0,16:05:26.457,16:05:26.457
83,Manam,Manam SM Cebu,2909,0.0,0.0,15,0,103836,4,3,<NA>,16:45:59.983,2025-07-01,16:45:59.983,2025-07-01,True,False,960.0,960.0,102.86,-72.86,0,1,DINEIN1,1,False,0.0,0,False,16:45:59.983,2025-07-01,0.0,False,1,0.0,DINEIN1,0.0,0,0,-99.99,-10000000000,<NA>,0.0,0,2909,0,0,0,16:45:59.983,0.0,1,0,0.0,0,0,0,16:45:59.983,16:45:59.983
83,Manam,Manam SM Cebu,2910,0.0,0.0,0,0,103836,0,10,<NA>,17:19:22.79,2025-07-01,17:19:22.79,2025-07-01,True,False,268.0,268.0,28.71,0.0,0,1,FOODPANDA,1,False,0.0,0,False,17:19:22.79,2025-07-01,0.0,False,1,0.0,FOODPANDA,0.0,0,0,-99.99,-10000000000,<NA>,0.0,0,2910,0,0,0,17:19:22.79,0.0,1,0,0.0,0,0,0,17:19:22.79,17:19:22.79
83,Manam,Manam SM Cebu,2911,0.0,0.0,23,0,103836,4,3,<NA>,16:27:28.697,2025-07-01,16:27:28.697,2025-07-01,True,False,2257.23,2257.23,127.77571428571429,-162.9,0,1,DINEIN1,1,False,212.94,0,False,16:27:28.697,2025-07-01,0.0,False,1,0.0,DINEIN1,0.0,0,0,-99.99,-10000000000,<NA>,0.0,0,2911,0,0,0,16:27:28.697,0.0,1,0,0.0,0,0,0,16:27:28.697,16:27:28.697
83,Manam,Manam SM Cebu,2912,0.0,0.0,44,0,103836,3,3,<NA>,16:46:13.337,2025-07-01,16:46:13.337,2025-07-01,True,False,1510.3600000000001,1510.3600000000001,62.33,-114.77,0,1,DINEIN1,1,False,207.74,0,False,16:46:13.337,2025-07-01,0.0,False,1,0.0,DINEIN1,0.0,0,0,-99.99,-10000000000,<NA>,0.0,0,2912,0,0,0,16:46:13.337,0.0,1,0,0.0,0,0,0,16:46:13.337,16:46:13.337
83,Manam,Manam SM Cebu,2913,0.0,0.0,28,0,103836,3,3,<NA>,16:28:33.687,2025-07-01,16:28:33.687,2025-07-01,True,False,1494.6399999999999,1494.6399999999999,110.71142857142856,-109.79,0,1,DINEIN1,1,False,92.26,0,False,16:28:33.687,2025-07-01,0.0,False,1,0.0,DINEIN1,0.0,0,0,-99.99,-10000000000,<NA>,0.0,0,2913,0,0,0,16:28:33.687,0.0,1,0,0.0,0,0,0,16:28:33.687,16:28:33.687
83,Manam,Manam SM Cebu,2914,0.0,0.0,45,0,103836,4,1,<NA>,16:46:59.417,2025-07-01,16:46:59.417,2025-07-01,True,False,1922.09,1922.09,158.70428571428573,-142.4,0,1,DINEIN1,1,False,88.17,0,False,16:46:59.417,2025-07-01,0.0,False,1,0.0,DINEIN1,0.0,0,0,-99.99,-10000000000,<NA>,0.0,0,2914,0,0,0,16:46:59.417,0.0,1,0,0.0,0,0,0,16:46:59.417,16:46:59.417
83,Manam,Manam SM Cebu,2915,0.0,0.0,21,0,103836,2,3,<NA>,16:35:10.547,2025-07-01,16:35:10.547,2025-07-01,True,False,935.0,935.0,116.24,-82.34,0,1,DINEIN1,1,False,0.0,0,False,16:35:10.547,2025-07-01,0.0,False,1,0.0,DINEIN1,0.0,0,0,-99.99,-10000000000,<NA>,0.0,0,2915,0,0,0,16:35:10.547,0.0,1,0,0.0,0,0,0,16:35:10.547,16:35:10.547
83,Manam,Manam SM Cebu,2917,0.0,0.0,0,0,103836,0,12,GRABPWD 60,17:43:03.447,2025-07-01,17:43:03.447,2025-07-01,True,False,268.0,268.0,22.29,0.0,0,1,GRABFOOD,1,False,60.0,0,False,17:43:03.447,2025-07-01,0.0,False,1,0.0,GRABFOOD,0.0,0,0,-99.99,-10000000000,<NA>,0.0,0,2917,0,0,0,17:43:03.447,0.0,1,0,0.0,0,0,0,17:43:03.447,17:43:03.447
83,Manam,Manam SM Cebu,2918,0.0,0.0,26,0,103836,2,1,<NA>,16:41:32.353,2025-07-01,16:41:32.353,2025-07-01,True,False,1970.0,1970.0,211.08,-149.51,0,1,DINEIN1,1,False,0.0,0,False,16:41:32.353,2025-07-01,0.0,False,1,0.0,DINEIN1,0.0,0,0,-99.99,-10000000000,<NA>,0.0,0,2918,0,0,0,16:41:32.353,0.0,1,0,0.0,0,0,0,16:41:32.353,16:41:32.353
83,Manam,Manam SM Cebu,2919,0.0,0.0,33,0,100490,3,3,<NA>,16:55:59.87,2025-07-01,16:55:59.87,2025-07-01,True,False,2530.0,2530.0,294.65,-208.71,0,1,DINEIN1,1,False,0.0,0,False,16:55:59.87,2025-07-01,0.0,False,1,0.0,DINEIN1,0.0,0,0,-99.99,-10000000000,<NA>,0.0,0,2919,0,0,0,16:55:59.87,0.0,1,0,0.0,0,0,0,16:55:59.87,16:55:59.87
83,Manam,Manam SM Cebu,2920,0.0,0.0,0,0,100490,0,12,<NA>,17:54:47.983,2025-07-01,17:54:47.983,2025-07-01,True,False,700.0,700.0,75.0,0.0,0,1,GRABFOOD,1,False,0.0,0,False,17:54:47.983,2025-07-01,0.0,False,1,0.0,GRABFOOD,0.0,0,0,-99.99,-10000000000,<NA>,0.0,0,2920,0,0,0,17:54:47.983,0.0,1,0,0.0,0,0,0,17:54:47.983,17:54:47.983
83,Manam,Manam SM Cebu,2921,0.0,0.0,10,0,100490,5,1,<NA>,16:52:42.74,2025-07-01,16:52:42.74,2025-07-01,True,False,2125.0,2125.0,260.89,-184.8,0,1,DINEIN1,1,False,0.0,0,False,16:52:42.74,2025-07-01,0.0,False,1,0.0,DINEIN1,0.0,0,0,-99.99,-10000000000,<NA>,0.0,0,2921,0,0,0,16:52:42.74,0.0,1,0,0.0,0,0,0,16:52:42.74,16:52:42.74
83,Manam,Manam SM Cebu,2922,0.0,0.0,12,0,100490,4,3,<NA>,16:50:23.783,2025-07-01,16:50:23.783,2025-07-01,True,False,2730.0,2730.0,323.59,-229.2,0,1,DINEIN1,1,False,0.0,0,False,16:50:23.783,2025-07-01,0.0,False,1,0.0,DINEIN1,0.0,0,0,-99.99,-10000000000,<NA>,0.0,0,2922,0,0,0,16:50:23.783,0.0,1,0,0.0,0,0,0,16:50:23.783,16:50:23.783
83,Manam,Manam SM Cebu,2923,0.0,0.0,30,0,100490,3,1,<NA>,17:02:26.967,2025-07-01,17:02:26.967,2025-07-01,True,False,1425.36,1425.36,54.82714285714285,-100.96,0,1,DINEIN1,1,False,182.75,0,False,17:02:26.967,2025-07-01,0.0,False,1,0.0,DINEIN1,0.0,0,0,-99.99,-10000000000,<NA>,0.0,0,2923,0,0,0,17:02:26.967,0.0,1,0,0.0,0,0,0,17:02:26.967,17:02:26.967
83,Manam,Manam SM Cebu,2925,0.0,0.0,0,0,100490,0,12,<NA>,18:05:50.497,2025-07-01,18:05:50.497,2025-07-01,True,False,268.0,268.0,28.71,0.0,0,1,GRABFOOD,1,False,0.0,0,False,18:05:50.497,2025-07-01,0.0,False,1,0.0,GRABFOOD,0.0,0,0,-99.99,-10000000000,<NA>,0.0,0,2925,0,0,0,18:05:50.497,0.0,1,0,0.0,0,0,0,18:05:50.497,18:05:50.497
83,Manam,Manam SM Cebu,2926,0.0,0.0,0,0,100490,0,12,<NA>,18:07:11.487,2025-07-01,18:07:11.487,2025-07-01,True,False,553.0,553.0,59.25,0.0,0,1,GRABFOOD,1,False,0.0,0,False,18:07:11.487,2025-07-01,0.0,False,1,0.0,GRABFOOD,0.0,0,0,-99.99,-10000000000,<NA>,0.0,0,2926,0,0,0,18:07:11.487,0.0,1,0,0.0,0,0,0,18:07:11.487,18:07:11.487
83,Manam,Manam SM Cebu,2927,0.0,0.0,20,0,100490,2,3,<NA>,16:58:19.17,2025-07-01,16:58:19.17,2025-07-01,True,False,1435.0,1435.0,153.76,-108.91,0,1,DINEIN1,1,False,0.0,0,False,16:58:19.17,2025-07-01,0.0,False,1,0.0,DINEIN1,0.0,0,0,-99.99,-10000000000,<NA>,0.0,0,2927,0,0,0,16:58:19.17,0.0,1,0,0.0,0,0,0,16:58:19.17,16:58:19.17
83,Manam,Manam SM Cebu,2930,0.0,0.0,50,0,100490,6,3,<NA>,17:11:05.777,2025-07-01,17:11:05.777,2025-07-01,True,False,2715.0,2715.0,309.65,-219.33,0,1,DINEIN1,1,False,0.0,0,False,17:11:05.777,2025-07-01,0.0,False,1,0.0,DINEIN1,0.0,0,0,-99.99,-10000000000,<NA>,0.0,0,2930,0,0,0,17:11:05.777,0.0,1,0,0.0,0,0,0,17:11:05.777,17:11:05.777
83,Manam,Manam SM Cebu,2931,0.0,0.0,4,0,100490,4,3,<NA>,17:15:36.217,2025-07-01,17:15:36.217,2025-07-01,True,False,2153.12,2153.12,121.87571428571428,-155.39,0,1,DINEIN1,1,False,203.13,0,False,17:15:36.217,2025-07-01,0.0,False,1,0.0,DINEIN1,0.0,0,0,-99.99,-10000000000,<NA>,0.0,0,2931,0,0,0,17:15:36.217,0.0,1,0,0.0,0,0,0,17:15:36.217,17:15:36.217
83,Manam,Manam SM Cebu,2932,0.0,0.0,1,0,100490,2,1,<NA>,17:37:07.7,2025-07-01,17:37:07.7,2025-07-01,True,False,910.0,910.0,97.5,-69.06,0,1,DINEIN1,1,False,0.0,0,False,17:37:07.7,2025-07-01,0.0,False,1,0.0,DINEIN1,0.0,0,0,-99.99,-10000000000,<NA>,0.0,0,2932,0,0,0,17:37:07.7,0.0,1,0,0.0,0,0,0,17:37:07.7,17:37:07.7
83,Manam,Manam SM Cebu,2933,0.0,0.0,6,0,100490,2,1,<NA>,17:12:19.477,2025-07-01,17:12:19.477,2025-07-01,True,False,941.96,941.96,0.0,-64.05,0,1,DINEIN1,1,False,188.38,0,False,17:12:19.477,2025-07-01,0.0,False,1,0.0,DINEIN1,0.0,0,0,-99.99,-10000000000,<NA>,0.0,0,2933,0,0,0,17:12:19.477,0.0,1,0,0.0,0,0,0,17:12:19.477,17:12:19.477
83,Manam,Manam SM Cebu,2934,0.0,0.0,40,0,100490,10,3,<NA>,16:59:57.937,2025-07-01,16:59:57.937,2025-07-01,True,False,4193.03,4193.03,467.68,-360.72,0,1,DINEIN1,1,False,86.61,0,False,16:59:57.937,2025-07-01,0.0,False,1,0.0,DINEIN1,0.0,0,0,-99.99,-10000000000,<NA>,0.0,0,2934,0,0,0,16:59:57.937,0.0,1,0,0.0,0,0,0,16:59:57.937,16:59:57.937
83,Manam,Manam SM Cebu,2936,0.0,0.0,3,0,100490,6,3,10% LOYAL,17:22:10.163,2025-07-01,17:22:10.163,2025-07-01,True,False,3445.0,3445.0,332.2,-235.31,0,1,DINEIN1,1,False,344.5,0,False,17:22:10.163,2025-07-01,0.0,False,1,0.0,DINEIN1,0.0,0,0,-99.99,-10000000000,10348038,0.0,0,2936,0,0,0,17:22:10.163,0.0,1,0,0.0,0,0,0,17:22:10.163,17:22:10.163
83,Manam,Manam SM Cebu,2937,0.0,0.0,0,0,100490,0,1,<NA>,14:22:04.123,2025-07-01,14:22:04.123,2025-07-01,True,False,0.0,0.0,0.0,0.0,0,1,ZR-MAN,1,False,0.0,0,False,14:22:04.123,2025-07-01,0.0,False,1,0.0,ZR-MAN,0.0,0,0,-99.99,-10000000000,<NA>,0.0,0,2937,0,0,0,14:22:04.123,0.0,1,0,0.0,0,0,0,14:22:04.123,14:22:04.123
83,Manam,Manam SM Cebu,2939,0.0,0.0,21,0,100490,4,3,<NA>,17:44:07.773,2025-07-01,17:44:07.773,2025-07-01,True,False,3026.7,3026.7,249.91,-224.23,0,1,DINEIN1,1,False,138.84,0,False,17:44:07.773,2025-07-01,0.0,False,1,0.0,DINEIN1,0.0,0,0,-99.99,-10000000000,<NA>,0.0,0,2939,0,0,0,17:44:07.773,0.0,1,0,0.0,0,0,0,17:44:07.773,17:44:07.773
83,Manam,Manam SM Cebu,2940,0.0,0.0,15,0,100490,3,1,<NA>,17:23:13.033,2025-07-01,17:23:13.033,2025-07-01,True,False,1851.43,1851.43,137.1457142857143,-136.0,0,1,DINEIN1,1,False,114.29,0,False,17:23:13.033,2025-07-01,0.0,False,1,0.0,DINEIN1,0.0,0,0,-99.99,-10000000000,<NA>,0.0,0,2940,0,0,0,17:23:13.033,0.0,1,0,0.0,0,0,0,17:23:13.033,17:23:13.033
83,Manam,Manam SM Cebu,2941,0.0,0.0,19,0,100490,1,3,<NA>,12:43:47.357,2025-07-01,12:43:47.357,2025-07-01,True,False,4115.0,4115.0,464.47,-329.0,0,1,DINEIN1,1,False,0.0,0,False,12:43:47.357,2025-07-01,0.0,False,1,0.0,DINEIN1,0.0,0,0,-99.99,-10000000000,<NA>,0.0,0,2941,0,0,0,12:43:47.357,0.0,1,0,0.0,0,0,0,12:43:47.357,12:43:47.357
83,Manam,Manam SM Cebu,2942,0.0,0.0,51,0,100490,8,3,<NA>,17:34:47.903,2025-07-01,17:34:47.903,2025-07-01,True,False,3760.0,3760.0,485.9,-344.17,0,1,DINEIN1,1,False,0.0,0,False,17:34:47.903,2025-07-01,0.0,False,1,0.0,DINEIN1,0.0,0,0,-99.99,-10000000000,<NA>,0.0,0,2942,0,0,0,17:34:47.903,0.0,1,0,0.0,0,0,0,17:34:47.903,17:34:47.903
83,Manam,Manam SM Cebu,2943,0.0,0.0,26,0,100490,3,1,<NA>,17:50:13.653,2025-07-01,17:50:13.653,2025-07-01,True,False,1945.0,1945.0,208.39,-147.61,0,1,DINEIN1,1,False,0.0,0,False,17:50:13.653,2025-07-01,0.0,False,1,0.0,DINEIN1,0.0,0,0,-99.99,-10000000000,<NA>,0.0,0,2943,0,0,0,17:50:13.653,0.0,1,0,0.0,0,0,0,17:50:13.653,17:50:13.653
83,Manam,Manam SM Cebu,2944,0.0,0.0,28,0,100490,2,1,<NA>,17:38:53.283,2025-07-01,17:38:53.283,2025-07-01,True,False,1340.0,1340.0,143.57,-101.7,0,1,DINEIN1,1,False,0.0,0,False,17:38:53.283,2025-07-01,0.0,False,1,0.0,DINEIN1,0.0,0,0,-99.99,-10000000000,<NA>,0.0,0,2944,0,0,0,17:38:53.283,0.0,1,0,0.0,0,0,0,17:38:53.283,17:38:53.283
83,Manam,Manam SM Cebu,2945,0.0,0.0,9,0,100490,7,3,<NA>,17:47:06.223,2025-07-01,17:47:06.223,2025-07-01,True,False,3762.66,3762.66,319.2,-297.67,0,1,DINEIN1,1,False,212.25,0,False,17:47:06.223,2025-07-01,0.0,False,1,0.0,DINEIN1,0.0,0,0,-99.99,-10000000000,<NA>,0.0,0,2945,0,0,0,17:47:06.223,0.0,1,0,0.0,0,0,0,17:47:06.223,17:47:06.223
83,Manam,Manam SM Cebu,2946,0.0,0.0,45,0,100490,2,1,<NA>,17:48:29.337,2025-07-01,17:48:29.337,2025-07-01,True,False,1435.0,1435.0,172.5,-122.19,0,1,DINEIN1,1,False,0.0,0,False,17:48:29.337,2025-07-01,0.0,False,1,0.0,DINEIN1,0.0,0,0,-99.99,-10000000000,<NA>,0.0,0,2946,0,0,0,17:48:29.337,0.0,1,0,0.0,0,0,0,17:48:29.337,17:48:29.337
83,Manam,Manam SM Cebu,2947,0.0,0.0,5,0,100490,4,1,<NA>,18:11:23.467,2025-07-01,18:11:23.467,2025-07-01,True,False,1950.0,1950.0,208.92,-147.99,0,1,DINEIN1,1,False,0.0,0,False,18:11:23.467,2025-07-01,0.0,False,1,0.0,DINEIN1,0.0,0,0,-99.99,-10000000000,<NA>,0.0,0,2947,0,0,0,18:11:23.467,0.0,1,0,0.0,0,0,0,18:11:23.467,18:11:23.467
83,Manam,Manam SM Cebu,2948,0.0,0.0,23,0,100490,5,3,<NA>,17:38:36.66,2025-07-01,17:38:36.66,2025-07-01,True,False,2955.0,2955.0,407.13,-288.39,0,1,DINEIN1,1,False,0.0,0,False,17:38:36.66,2025-07-01,0.0,False,1,0.0,DINEIN1,0.0,0,0,-99.99,-10000000000,<NA>,0.0,0,2948,0,0,0,17:38:36.66,0.0,1,0,0.0,0,0,0,17:38:36.66,17:38:36.66
83,Manam,Manam SM Cebu,2950,0.0,0.0,43,0,107996,4,1,<NA>,17:31:03.917,2025-07-01,17:31:03.917,2025-07-01,True,False,2394.33,2394.33,236.47142857142856,-203.68,0,1,DINEIN1,1,False,126.11,0,False,17:31:03.917,2025-07-01,0.0,False,1,0.0,DINEIN1,0.0,0,0,-99.99,-10000000000,<NA>,0.0,0,2950,0,0,0,17:31:03.917,0.0,1,0,0.0,0,0,0,17:31:03.917,17:31:03.917
83,Manam,Manam SM Cebu,2951,0.0,0.0,1,0,107996,2,3,<NA>,18:44:51.243,2025-07-01,18:44:51.243,2025-07-01,True,False,870.0,870.0,93.2,-66.03,0,1,DINEIN1,1,False,0.0,0,False,18:44:51.243,2025-07-01,0.0,False,1,0.0,DINEIN1,0.0,0,0,-99.99,-10000000000,<NA>,0.0,0,2951,0,0,0,18:44:51.243,0.0,1,0,0.0,0,0,0,18:44:51.243,18:44:51.243
83,Manam,Manam SM Cebu,2953,0.0,0.0,21,0,102267,4,3,<NA>,18:40:54.723,2025-07-01,18:40:54.723,2025-07-01,True,False,2943.39,2943.39,166.61,-212.42,0,1,DINEIN1,1,False,277.68,0,False,18:40:54.723,2025-07-01,0.0,False,1,0.0,DINEIN1,0.0,0,0,-99.99,-10000000000,<NA>,0.0,0,2953,0,0,0,18:40:54.723,0.0,1,0,0.0,0,0,0,18:40:54.723,18:40:54.723
83,Manam,Manam SM Cebu,2954,0.0,0.0,10,0,102267,7,3,<NA>,18:10:31.887,2025-07-01,18:10:31.887,2025-07-01,True,False,3335.0,3335.0,437.68,-310.02,0,1,DINEIN1,1,False,0.0,0,False,18:10:31.887,2025-07-01,0.0,False,1,0.0,DINEIN1,0.0,0,0,-99.99,-10000000000,<NA>,0.0,0,2954,0,0,0,18:10:31.887,0.0,1,0,0.0,0,0,0,18:10:31.887,18:10:31.887
83,Manam,Manam SM Cebu,2955,0.0,0.0,20,0,102267,2,1,<NA>,18:18:09.907,2025-07-01,18:18:09.907,2025-07-01,True,False,964.28,964.28,0.0,-65.57,0,1,DINEIN1,1,False,192.86,0,False,18:18:09.907,2025-07-01,0.0,False,1,0.0,DINEIN1,0.0,0,0,-99.99,-10000000000,<NA>,0.0,0,2955,0,0,0,18:18:09.907,0.0,1,0,0.0,0,0,0,18:18:09.907,18:18:09.907
83,Manam,Manam SM Cebu,2956,0.0,0.0,31,0,107996,10,1,<NA>,17:57:05.01,2025-07-01,17:57:05.01,2025-07-01,True,False,6806.42,6806.42,952.4957142857143,-906.01,0,1,DINEIN1,1,False,680.36,0,False,17:57:05.01,2025-07-01,0.0,False,1,0.0,DINEIN1,0.0,0,0,-99.99,-10000000000,<NA>,0.0,0,2956,0,0,0,17:57:05.01,0.0,1,0,0.0,0,0,0,17:57:05.01,17:57:05.01
83,Manam,Manam SM Cebu,2957,0.0,0.0,50,0,102267,5,1,<NA>,18:13:33.393,2025-07-01,18:13:33.393,2025-07-01,True,False,3225.93,3225.93,316.28714285714284,-268.85,0,1,DINEIN1,1,False,131.79,0,False,18:13:33.393,2025-07-01,0.0,False,1,0.0,DINEIN1,0.0,0,0,-99.99,-10000000000,<NA>,0.0,0,2957,0,0,0,18:13:33.393,0.0,1,0,0.0,0,0,0,18:13:33.393,18:13:33.393
83,Manam,Manam SM Cebu,2959,0.0,0.0,0,0,103836,0,1,<NA>,11:45:34.327,2025-07-01,11:45:34.327,2025-07-01,True,False,0.0,0.0,0.0,0.0,0,1,ZR-DIR,1,False,0.0,0,False,11:45:34.327,2025-07-01,0.0,False,1,0.0,ZR-DIR,0.0,0,0,-99.99,-10000000000,<NA>,0.0,0,2959,0,0,0,11:45:34.327,0.0,1,0,0.0,0,0,0,11:45:34.327,11:45:34.327
83,Manam,Manam SM Cebu,2960,0.0,0.0,6,0,102267,2,3,<NA>,18:52:27.377,2025-07-01,18:52:27.377,2025-07-01,True,False,1230.0,1230.0,131.8,-93.35,0,1,DINEIN1,1,False,0.0,0,False,18:52:27.377,2025-07-01,0.0,False,1,0.0,DINEIN1,0.0,0,0,-99.99,-10000000000,<NA>,0.0,0,2960,0,0,0,18:52:27.377,0.0,1,0,0.0,0,0,0,18:52:27.377,18:52:27.377
83,Manam,Manam SM Cebu,2961,0.0,0.0,27,0,102267,8,3,<NA>,18:44:52.687,2025-07-01,18:44:52.687,2025-07-01,True,False,3832.9700000000003,3832.9700000000003,364.22,-287.47,0,1,DINEIN1,1,False,86.72,0,False,18:44:52.687,2025-07-01,0.0,False,1,0.0,DINEIN1,0.0,0,0,-99.99,-10000000000,<NA>,0.0,0,2961,0,0,0,18:44:52.687,0.0,1,0,0.0,0,0,0,18:44:52.687,18:44:52.687
83,Manam,Manam SM Cebu,2962,0.0,0.0,45,0,102267,3,1,<NA>,19:02:02.69,2025-07-01,19:02:02.69,2025-07-01,True,False,1243.02,1243.02,51.06428571428571,-94.06,0,1,DINEIN1,1,False,170.23,0,False,19:02:02.69,2025-07-01,0.0,False,1,0.0,DINEIN1,0.0,0,0,-99.99,-10000000000,<NA>,0.0,0,2962,0,0,0,19:02:02.69,0.0,1,0,0.0,0,0,0,19:02:02.69,19:02:02.69
83,Manam,Manam SM Cebu,2963,0.0,0.0,40,0,102267,5,3,<NA>,18:33:22.503,2025-07-01,18:33:22.503,2025-07-01,True,False,3510.0,3510.0,413.58,-292.95,0,1,DINEIN1,1,False,0.0,0,False,18:33:22.503,2025-07-01,0.0,False,1,0.0,DINEIN1,0.0,0,0,-99.99,-10000000000,<NA>,0.0,0,2963,0,0,0,18:33:22.503,0.0,1,0,0.0,0,0,0,18:33:22.503,18:33:22.503
83,Manam,Manam SM Cebu,2964,0.0,0.0,0,0,102267,0,1,<NA>,17:14:36.51,2025-07-01,17:14:36.51,2025-07-01,True,False,0.0,0.0,0.0,0.0,0,1,ZR-BRDMKTNG,1,False,0.0,0,False,17:14:36.51,2025-07-01,0.0,False,1,0.0,ZR-BRDMKTNG,0.0,0,0,-99.99,-10000000000,<NA>,0.0,0,2964,0,0,0,17:14:36.51,0.0,1,0,0.0,0,0,0,17:14:36.51,17:14:36.51
83,Manam,Manam SM Cebu,2965,0.0,0.0,0,0,102267,0,1,<NA>,19:25:33.207,2025-07-01,19:25:33.207,2025-07-01,True,False,0.0,0.0,0.0,0.0,0,1,ZR-BRDMKTNG,1,False,0.0,0,False,19:25:33.207,2025-07-01,0.0,False,1,0.0,ZR-BRDMKTNG,0.0,0,0,-99.99,-10000000000,<NA>,0.0,0,2965,0,0,0,19:25:33.207,0.0,1,0,0.0,0,0,0,19:25:33.207,19:25:33.207
83,Manam,Manam SM Cebu,2967,0.0,0.0,0,0,102267,0,1,<NA>,09:14:44.51,2025-07-01,09:14:44.51,2025-07-01,True,False,0.0,0.0,0.0,0.0,0,1,ZR-TRAINING,1,False,0.0,0,False,09:14:44.51,2025-07-01,0.0,False,1,0.0,ZR-TRAINING,0.0,0,0,-99.99,-10000000000,<NA>,0.0,0,2967,0,0,0,09:14:44.51,0.0,1,0,0.0,0,0,0,09:14:44.51,09:14:44.51
83,Manam,Manam SM Cebu,2968,0.0,0.0,3,0,102267,4,3,<NA>,19:25:46.01,2025-07-01,19:25:46.01,2025-07-01,True,False,2510.0,2510.0,268.93,-190.49,0,1,DINEIN1,1,False,0.0,0,False,19:25:46.01,2025-07-01,0.0,False,1,0.0,DINEIN1,0.0,0,0,-99.99,-10000000000,<NA>,0.0,0,2968,0,0,0,19:25:46.01,0.0,1,0,0.0,0,0,0,19:25:46.01,19:25:46.01
83,Manam,Manam SM Cebu,2969,0.0,0.0,0,0,102267,0,12,<NA>,20:15:56.897,2025-07-01,20:15:56.897,2025-07-01,True,False,1510.0,1510.0,161.78,0.0,0,1,GRABFOOD,1,False,0.0,0,False,20:15:56.897,2025-07-01,0.0,False,1,0.0,GRABFOOD,0.0,0,0,-99.99,-10000000000,<NA>,0.0,0,2969,0,0,0,20:15:56.897,0.0,1,0,0.0,0,0,0,20:15:56.897,20:15:56.897
83,Manam,Manam SM Cebu,2970,0.0,0.0,20,0,102267,6,1,<NA>,19:34:31.61,2025-07-01,19:34:31.61,2025-07-01,True,False,7220.0,7220.0,820.69,-581.34,0,1,DINEIN1,1,False,0.0,0,False,19:34:31.61,2025-07-01,0.0,False,1,0.0,DINEIN1,0.0,0,0,-99.99,-10000000000,<NA>,0.0,0,2970,0,0,0,19:34:31.61,0.0,1,0,0.0,0,0,0,19:34:31.61,19:34:31.61
83,Manam,Manam SM Cebu,2971,0.0,0.0,4,0,102267,4,3,<NA>,19:08:22.197,2025-07-01,19:08:22.197,2025-07-01,True,False,1991.06,1991.06,0.0,-142.07,0,1,DINEIN1,1,False,417.86,0,False,19:08:22.197,2025-07-01,0.0,False,1,0.0,DINEIN1,0.0,0,0,-99.99,-10000000000,<NA>,0.0,0,2971,0,0,0,19:08:22.197,0.0,1,0,0.0,0,0,0,19:08:22.197,19:08:22.197
83,Manam,Manam SM Cebu,2972,0.0,0.0,19,0,102267,15,3,<NA>,18:36:41.08,2025-07-01,18:36:41.08,2025-07-01,True,False,3771.17,3771.17,796.9714285714286,-672.11,0,1,DINEIN1,1,False,329.46,0,False,18:36:41.08,2025-07-01,0.0,False,1,0.0,DINEIN1,0.0,0,0,-99.99,-10000000000,<NA>,0.0,0,2972,0,0,0,18:36:41.08,0.0,1,0,0.0,0,0,0,18:36:41.08,18:36:41.08
83,Manam,Manam SM Cebu,2973,0.0,0.0,11,0,102267,5,3,<NA>,19:28:04.003,2025-07-01,19:28:04.003,2025-07-01,True,False,2030.0,2030.0,267.87,-189.73,0,1,DINEIN1,1,False,0.0,0,False,19:28:04.003,2025-07-01,0.0,False,1,0.0,DINEIN1,0.0,0,0,-99.99,-10000000000,<NA>,0.0,0,2973,0,0,0,19:28:04.003,0.0,1,0,0.0,0,0,0,19:28:04.003,19:28:04.003
83,Manam,Manam SM Cebu,2974,0.0,0.0,23,0,102267,6,3,<NA>,19:10:08.75,2025-07-01,19:10:08.75,2025-07-01,True,False,3228.74,3228.74,192.53142857142856,-243.84,0,1,DINEIN1,1,False,318.76,0,False,19:10:08.75,2025-07-01,0.0,False,1,0.0,DINEIN1,0.0,0,0,-99.99,-10000000000,<NA>,0.0,0,2974,0,0,0,19:10:08.75,0.0,1,0,0.0,0,0,0,19:10:08.75,19:10:08.75
83,Manam,Manam SM Cebu,2975,0.0,0.0,12,0,102267,2,1,<NA>,19:33:16.53,2025-07-01,19:33:16.53,2025-07-01,True,False,1760.0,1760.0,188.57,-133.57,0,1,DINEIN1,1,False,0.0,0,False,19:33:16.53,2025-07-01,0.0,False,1,0.0,DINEIN1,0.0,0,0,-99.99,-10000000000,<NA>,0.0,0,2975,0,0,0,19:33:16.53,0.0,1,0,0.0,0,0,0,19:33:16.53,19:33:16.53
83,Manam,Manam SM Cebu,2976,0.0,0.0,51,0,102267,8,3,<NA>,18:43:33.807,2025-07-01,18:43:33.807,2025-07-01,True,False,3490.0,3490.0,456.43,-323.3,0,1,DINEIN1,1,False,0.0,0,False,18:43:33.807,2025-07-01,0.0,False,1,0.0,DINEIN1,0.0,0,0,-99.99,-10000000000,<NA>,0.0,0,2976,0,0,0,18:43:33.807,0.0,1,0,0.0,0,0,0,18:43:33.807,18:43:33.807
83,Manam,Manam SM Cebu,2977,0.0,0.0,33,0,102267,5,1,<NA>,19:42:53.087,2025-07-01,19:42:53.087,2025-07-01,True,False,2684.78,2684.78,180.32571428571427,-195.85,0,1,DINEIN1,1,False,200.36,0,False,19:42:53.087,2025-07-01,0.0,False,1,0.0,DINEIN1,0.0,0,0,-99.99,-10000000000,<NA>,0.0,0,2977,0,0,0,19:42:53.087,0.0,1,0,0.0,0,0,0,19:42:53.087,19:42:53.087
83,Manam,Manam SM Cebu,2978,0.0,0.0,30,0,102267,5,3,<NA>,19:39:17.343,2025-07-01,19:39:17.343,2025-07-01,True,False,2842.75,2842.75,248.99428571428572,-211.66,0,1,DINEIN1,1,False,103.75,0,False,19:39:17.343,2025-07-01,0.0,False,1,0.0,DINEIN1,0.0,0,0,-99.99,-10000000000,<NA>,0.0,0,2978,0,0,0,19:39:17.343,0.0,1,0,0.0,0,0,0,19:39:17.343,19:39:17.343
83,Manam,Manam SM Cebu,2980,0.0,0.0,50,0,102267,5,1,<NA>,19:47:11.713,2025-07-01,19:47:11.713,2025-07-01,True,False,3145.0,3145.0,355.71,-251.96,0,1,DINEIN1,1,False,0.0,0,False,19:47:11.713,2025-07-01,0.0,False,1,0.0,DINEIN1,0.0,0,0,-99.99,-10000000000,<NA>,0.0,0,2980,0,0,0,19:47:11.713,0.0,1,0,0.0,0,0,0,19:47:11.713,19:47:11.713
83,Manam,Manam SM Cebu,2981,0.0,0.0,26,0,102267,4,3,<NA>,20:00:20.133,2025-07-01,20:00:20.133,2025-07-01,True,False,1825.53,1825.53,179.7942857142857,-160.06,0,1,DINEIN1,1,False,99.11,0,False,20:00:20.133,2025-07-01,0.0,False,1,0.0,DINEIN1,0.0,0,0,-99.99,-10000000000,<NA>,0.0,0,2981,0,0,0,20:00:20.133,0.0,1,0,0.0,0,0,0,20:00:20.133,20:00:20.133
83,Manam,Manam SM Cebu,2984,0.0,0.0,28,0,102267,3,3,<NA>,19:59:30.573,2025-07-01,19:59:30.573,2025-07-01,True,False,2185.0,2185.0,234.1,-165.83,0,1,DINEIN1,1,False,0.0,0,False,19:59:30.573,2025-07-01,0.0,False,1,0.0,DINEIN1,0.0,0,0,-99.99,-10000000000,<NA>,0.0,0,2984,0,0,0,19:59:30.573,0.0,1,0,0.0,0,0,0,19:59:30.573,19:59:30.573
83,Manam,Manam SM Cebu,2985,0.0,0.0,41,0,102267,6,3,<NA>,19:52:12.497,2025-07-01,19:52:12.497,2025-07-01,True,False,4316.52,4316.52,392.41428571428565,-322.43,0,1,DINEIN1,1,False,130.81,0,False,19:52:12.497,2025-07-01,0.0,False,1,0.0,DINEIN1,0.0,0,0,-99.99,-10000000000,<NA>,0.0,0,2985,0,0,0,19:52:12.497,0.0,1,0,0.0,0,0,0,19:52:12.497,19:52:12.497
83,Manam,Manam SM Cebu,2986,0.0,0.0,3,0,102267,3,3,<NA>,20:16:39.28,2025-07-01,20:16:39.28,2025-07-01,True,False,1690.0,1690.0,199.29,-141.16,0,1,DINEIN1,1,False,0.0,0,False,20:16:39.28,2025-07-01,0.0,False,1,0.0,DINEIN1,0.0,0,0,-99.99,-10000000000,<NA>,0.0,0,2986,0,0,0,20:16:39.28,0.0,1,0,0.0,0,0,0,20:16:39.28,20:16:39.28
83,Manam,Manam SM Cebu,2987,0.0,0.0,7,0,102267,5,3,25%LOY BD,20:00:54.977,2025-07-01,20:00:54.977,2025-07-01,True,False,3895.0,3895.0,327.87,-232.23,0,1,DINEIN1,1,False,1020.0,0,False,20:00:54.977,2025-07-01,0.0,False,1,0.0,DINEIN1,0.0,0,0,-99.99,-10000000000,10472281,0.0,0,2987,0,0,0,20:00:54.977,0.0,1,0,0.0,0,0,0,20:00:54.977,20:00:54.977
83,Manam,Manam SM Cebu,2988,0.0,0.0,45,0,102267,7,3,<NA>,20:03:06.793,2025-07-01,20:03:06.793,2025-07-01,True,False,3536.71,3536.71,383.23,-304.85,0,1,DINEIN1,1,False,105.48,0,False,20:03:06.793,2025-07-01,0.0,False,1,0.0,DINEIN1,0.0,0,0,-99.99,-10000000000,<NA>,0.0,0,2988,0,0,0,20:03:06.793,0.0,1,0,0.0,0,0,0,20:03:06.793,20:03:06.793
83,Manam,Manam SM Cebu,2989,0.0,0.0,4,0,102267,2,3,<NA>,20:36:13.323,2025-07-01,20:36:13.323,2025-07-01,True,False,2039.55,2039.55,115.45,-147.19,0,1,DINEIN1,1,False,192.41,0,False,20:36:13.323,2025-07-01,0.0,False,1,0.0,DINEIN1,0.0,0,0,-99.99,-10000000000,<NA>,0.0,0,2989,0,0,0,20:36:13.323,0.0,1,0,0.0,0,0,0,20:36:13.323,20:36:13.323
83,Manam,Manam SM Cebu,2990,0.0,0.0,22,0,102267,3,1,<NA>,20:50:15.413,2025-07-01,20:50:15.413,2025-07-01,True,False,1955.0,1955.0,209.46,-148.37,0,1,DINEIN1,1,False,0.0,0,False,20:50:15.413,2025-07-01,0.0,False,1,0.0,DINEIN1,0.0,0,0,-99.99,-10000000000,<NA>,0.0,0,2990,0,0,0,20:50:15.413,0.0,1,0,0.0,0,0,0,20:50:15.413,20:50:15.413
83,Manam,Manam SM Cebu,2991,0.0,0.0,24,0,102267,2,1,<NA>,20:54:41.733,2025-07-01,20:54:41.733,2025-07-01,True,False,955.0,955.0,102.32,-72.48,0,1,DINEIN1,1,False,0.0,0,False,20:54:41.733,2025-07-01,0.0,False,1,0.0,DINEIN1,0.0,0,0,-99.99,-10000000000,<NA>,0.0,0,2991,0,0,0,20:54:41.733,0.0,1,0,0.0,0,0,0,20:54:41.733,20:54:41.733
83,Manam,Manam SM Cebu,2992,0.0,0.0,10,0,102267,5,1,<NA>,20:18:41.747,2025-07-01,20:18:41.747,2025-07-01,True,False,2488.11,2488.11,228.11,-193.44,0,1,DINEIN1,1,False,94.82,0,False,20:18:41.747,2025-07-01,0.0,False,1,0.0,DINEIN1,0.0,0,0,-99.99,-10000000000,<NA>,0.0,0,2992,0,0,0,20:18:41.747,0.0,1,0,0.0,0,0,0,20:18:41.747,20:18:41.747
83,Manam,Manam SM Cebu,2993,0.0,0.0,19,0,102267,6,1,<NA>,20:42:11.41,2025-07-01,20:42:11.41,2025-07-01,True,False,4110.0,4110.0,640.18,-453.46,0,1,DINEIN1,1,False,0.0,0,False,20:42:11.41,2025-07-01,0.0,False,1,0.0,DINEIN1,0.0,0,0,-99.99,-10000000000,<NA>,0.0,0,2993,0,0,0,20:42:11.41,0.0,1,0,0.0,0,0,0,20:42:11.41,20:42:11.41
83,Manam,Manam SM Cebu,2994,0.0,0.0,50,0,102267,7,3,<NA>,21:03:25.78,2025-07-01,21:03:25.78,2025-07-01,True,False,5520.0,5520.0,717.87,-508.48,0,1,DINEIN1,1,False,0.0,0,False,21:03:25.78,2025-07-01,0.0,False,1,0.0,DINEIN1,0.0,0,0,-99.99,-10000000000,<NA>,0.0,0,2994,0,0,0,21:03:25.78,0.0,1,0,0.0,0,0,0,21:03:25.78,21:03:25.78
83,Manam,Manam SM Cebu,2995,0.0,0.0,12,0,102267,6,3,<NA>,20:41:10.837,2025-07-01,20:41:10.837,2025-07-01,True,False,2683.75,2683.75,242.49,-240.48,0,1,DINEIN1,1,False,202.08,0,False,20:41:10.837,2025-07-01,0.0,False,1,0.0,DINEIN1,0.0,0,0,-99.99,-10000000000,<NA>,0.0,0,2995,0,0,0,20:41:10.837,0.0,1,0,0.0,0,0,0,20:41:10.837,20:41:10.837
83,Manam,Manam SM Cebu,2996,0.0,0.0,28,0,102267,3,1,<NA>,21:07:35.05,2025-07-01,21:07:35.05,2025-07-01,True,False,1725.0,1725.0,184.83,-130.92,0,1,DINEIN1,1,False,0.0,0,False,21:07:35.05,2025-07-01,0.0,False,1,0.0,DINEIN1,0.0,0,0,-99.99,-10000000000,<NA>,0.0,0,2996,0,0,0,21:07:35.05,0.0,1,0,0.0,0,0,0,21:07:35.05,21:07:35.05
83,Manam,Manam SM Cebu,2997,0.0,0.0,20,0,102267,4,3,<NA>,20:49:32.273,2025-07-01,20:49:32.273,2025-07-01,True,False,4238.92,4238.92,363.46142857142854,-325.89,0,1,DINEIN1,1,False,201.78,0,False,20:49:32.273,2025-07-01,0.0,False,1,0.0,DINEIN1,0.0,0,0,-99.99,-10000000000,<NA>,0.0,0,2997,0,0,0,20:49:32.273,0.0,1,0,0.0,0,0,0,20:49:32.273,20:49:32.273
83,Manam,Manam SM Cebu,2999,0.0,0.0,30,0,102267,12,3,<NA>,21:08:48.433,2025-07-01,21:08:48.433,2025-07-01,True,False,4692.01,4692.01,639.0428571428571,-484.71,0,1,DINEIN1,1,False,96.65,0,False,21:08:48.433,2025-07-01,0.0,False,1,0.0,DINEIN1,0.0,0,0,-99.99,-10000000000,<NA>,0.0,0,2999,0,0,0,21:08:48.433,0.0,1,0,0.0,0,0,0,21:08:48.433,21:08:48.433
83,Manam,Manam SM Cebu,3000,0.0,0.0,7,0,102267,4,1,<NA>,21:18:30.087,2025-07-01,21:18:30.087,2025-07-01,True,False,3320.0,3320.0,355.71,-251.96,0,1,DINEIN1,1,False,0.0,0,False,21:18:30.087,2025-07-01,0.0,False,1,0.0,DINEIN1,0.0,0,0,-99.99,-10000000000,<NA>,0.0,0,3000,0,0,0,21:18:30.087,0.0,1,0,0.0,0,0,0,21:18:30.087,21:18:30.087
83,Manam,Manam SM Cebu,3002,0.0,0.0,40,0,102267,8,3,<NA>,21:17:15.52,2025-07-01,21:17:15.52,2025-07-01,True,False,2741.27,2741.27,332.34142857142854,-262.31,0,1,DINEIN1,1,False,79.13,0,False,21:17:15.52,2025-07-01,0.0,False,1,0.0,DINEIN1,0.0,0,0,-99.99,-10000000000,<NA>,0.0,0,3002,0,0,0,21:17:15.52,0.0,1,0,0.0,0,0,0,21:17:15.52,21:17:15.52
83,Manam,Manam SM Cebu,3003,0.0,0.0,51,0,102267,4,3,<NA>,21:05:12.843,2025-07-01,21:05:12.843,2025-07-01,True,False,3165.0,3165.0,339.1,-240.2,0,1,DINEIN1,1,False,0.0,0,False,21:05:12.843,2025-07-01,0.0,False,1,0.0,DINEIN1,0.0,0,0,-99.99,-10000000000,<NA>,0.0,0,3003,0,0,0,21:05:12.843,0.0,1,0,0.0,0,0,0,21:05:12.843,21:05:12.843
83,Manam,Manam SM Cebu,3004,0.0,0.0,0,0,103836,0,1,<NA>,16:35:32.467,2025-07-01,16:35:32.467,2025-07-01,True,False,0.0,0.0,0.0,0.0,0,1,ZR-MAN,1,False,0.0,0,False,16:35:32.467,2025-07-01,0.0,False,1,0.0,ZR-MAN,0.0,0,0,-99.99,-10000000000,<NA>,0.0,0,3004,0,0,0,16:35:32.467,0.0,1,0,0.0,0,0,0,16:35:32.467,16:35:32.467
83,Manam,Manam SM Cebu,3005,0.0,0.0,0,0,102267,0,1,<NA>,20:17:37.307,2025-07-01,20:17:37.307,2025-07-01,True,False,0.0,0.0,0.0,0.0,0,1,ZR-BRDMKTNG,1,False,0.0,0,False,20:17:37.307,2025-07-01,0.0,False,1,0.0,ZR-BRDMKTNG,0.0,0,0,-99.99,-10000000000,<NA>,0.0,0,3005,0,0,0,20:17:37.307,0.0,1,0,0.0,0,0,0,20:17:37.307,20:17:37.307
83,Manam,Manam SM Cebu,3011,0.0,0.0,0,0,100490,0,12,<NA>,10:15:08.283,2025-07-02,10:15:08.283,2025-07-02,True,False,470.0,470.0,50.36,0.0,0,1,GRABFOOD,1,False,0.0,0,False,10:15:08.283,2025-07-02,0.0,False,1,0.0,GRABFOOD,0.0,0,0,-99.99,-10000000000,<NA>,0.0,0,3011,0,0,0,10:15:08.283,0.0,1,0,0.0,0,0,0,10:15:08.283,10:15:08.283
83,Manam,Manam SM Cebu,3012,0.0,0.0,0,0,100490,0,12,<NA>,10:17:24.84,2025-07-02,10:17:24.84,2025-07-02,True,False,268.0,268.0,86.14,0.0,0,1,GRABFOOD,1,False,0.0,0,False,10:17:24.84,2025-07-02,0.0,False,1,0.0,GRABFOOD,0.0,0,0,-99.99,-10000000000,<NA>,0.0,0,3012,0,0,0,10:17:24.84,0.0,1,0,0.0,0,0,0,10:17:24.84,10:17:24.84
83,Manam,Manam SM Cebu,3013,0.0,0.0,0,0,100490,0,12,<NA>,10:19:12.18,2025-07-02,10:19:12.18,2025-07-02,True,False,428.0,428.0,45.86,0.0,0,1,GRABFOOD,1,False,0.0,0,False,10:19:12.18,2025-07-02,0.0,False,1,0.0,GRABFOOD,0.0,0,0,-99.99,-10000000000,<NA>,0.0,0,3013,0,0,0,10:19:12.18,0.0,1,0,0.0,0,0,0,10:19:12.18,10:19:12.18
83,Manam,Manam SM Cebu,3014,0.0,0.0,0,0,100490,0,12,<NA>,10:30:32.507,2025-07-02,10:30:32.507,2025-07-02,True,False,914.0,914.0,97.93,0.0,0,1,GRABFOOD,1,False,0.0,0,False,10:30:32.507,2025-07-02,0.0,False,1,0.0,GRABFOOD,0.0,0,0,-99.99,-10000000000,<NA>,0.0,0,3014,0,0,0,10:30:32.507,0.0,1,0,0.0,0,0,0,10:30:32.507,10:30:32.507
83,Manam,Manam SM Cebu,3015,0.0,0.0,0,0,100490,0,12,<NA>,10:33:45.17,2025-07-02,10:33:45.17,2025-07-02,True,False,946.0,946.0,101.36,0.0,0,1,GRABFOOD,1,False,0.0,0,False,10:33:45.17,2025-07-02,0.0,False,1,0.0,GRABFOOD,0.0,0,0,-99.99,-10000000000,<NA>,0.0,0,3015,0,0,0,10:33:45.17,0.0,1,0,0.0,0,0,0,10:33:45.17,10:33:45.17
83,Manam,Manam SM Cebu,3016,0.0,0.0,0,0,100490,0,10,<NA>,10:39:56.49,2025-07-02,10:39:56.49,2025-07-02,True,False,318.0,318.0,34.07,0.0,0,1,FOODPANDA,1,False,0.0,0,False,10:39:56.49,2025-07-02,0.0,False,1,0.0,FOODPANDA,0.0,0,0,-99.99,-10000000000,<NA>,0.0,0,3016,0,0,0,10:39:56.49,0.0,1,0,0.0,0,0,0,10:39:56.49,10:39:56.49
83,Manam,Manam SM Cebu,3017,0.0,0.0,0,0,100490,0,10,<NA>,10:42:35.693,2025-07-02,10:42:35.693,2025-07-02,True,False,380.0,380.0,81.43,0.0,0,1,FOODPANDA,1,False,0.0,0,False,10:42:35.693,2025-07-02,0.0,False,1,0.0,FOODPANDA,0.0,0,0,-99.99,-10000000000,<NA>,0.0,0,3017,0,0,0,10:42:35.693,0.0,1,0,0.0,0,0,0,10:42:35.693,10:42:35.693
83,Manam,Manam SM Cebu,3018,0.0,0.0,0,0,100490,0,12,<NA>,10:44:58.447,2025-07-02,10:44:58.447,2025-07-02,True,False,268.0,268.0,28.71,0.0,0,1,GRABFOOD,1,False,0.0,0,False,10:44:58.447,2025-07-02,0.0,False,1,0.0,GRABFOOD,0.0,0,0,-99.99,-10000000000,<NA>,0.0,0,3018,0,0,0,10:44:58.447,0.0,1,0,0.0,0,0,0,10:44:58.447,10:44:58.447
83,Manam,Manam SM Cebu,3019,0.0,0.0,21,0,100490,2,3,<NA>,10:13:06.887,2025-07-02,10:13:06.887,2025-07-02,True,False,555.0,555.0,59.46,-42.12,0,1,DINEIN1,1,False,0.0,0,False,10:13:06.887,2025-07-02,0.0,False,1,0.0,DINEIN1,0.0,0,0,-99.99,-10000000000,<NA>,0.0,0,3019,0,0,0,10:13:06.887,0.0,1,0,0.0,0,0,0,10:13:06.887,10:13:06.887
83,Manam,Manam SM Cebu,3020,0.0,0.0,24,0,100490,2,1,<NA>,10:24:12.41,2025-07-02,10:24:12.41,2025-07-02,True,False,1637.32,1637.32,92.68714285714285,-118.17,0,1,DINEIN1,1,False,154.47,0,False,10:24:12.41,2025-07-02,0.0,False,1,0.0,DINEIN1,0.0,0,0,-99.99,-10000000000,<NA>,0.0,0,3020,0,0,0,10:24:12.41,0.0,1,0,0.0,0,0,0,10:24:12.41,10:24:12.41
83,Manam,Manam SM Cebu,3021,0.0,0.0,20,0,100490,2,3,<NA>,10:12:20.1,2025-07-02,10:12:20.1,2025-07-02,True,False,2164.82,2164.82,129.10857142857142,-164.61,0,1,DINEIN1,1,False,215.18,0,False,10:12:20.1,2025-07-02,0.0,False,1,0.0,DINEIN1,0.0,0,0,-99.99,-10000000000,<NA>,0.0,0,3021,0,0,0,10:12:20.1,0.0,1,0,0.0,0,0,0,10:12:20.1,10:12:20.1
83,Manam,Manam SM Cebu,3022,0.0,0.0,25,0,100490,4,1,<NA>,10:36:39.56,2025-07-02,10:36:39.56,2025-07-02,True,False,1935.0,1935.0,167.13857142857142,-149.96,0,1,DINEIN1,1,False,92.85,0,False,10:36:39.56,2025-07-02,0.0,False,1,0.0,DINEIN1,0.0,0,0,-99.99,-10000000000,<NA>,0.0,0,3022,0,0,0,10:36:39.56,0.0,1,0,0.0,0,0,0,10:36:39.56,10:36:39.56
83,Manam,Manam SM Cebu,3023,0.0,0.0,27,0,100490,5,1,<NA>,10:31:07.303,2025-07-02,10:31:07.303,2025-07-02,True,False,2005.0,2005.0,214.83,-152.17,0,1,DINEIN1,1,False,0.0,0,False,10:31:07.303,2025-07-02,0.0,False,1,0.0,DINEIN1,0.0,0,0,-99.99,-10000000000,<NA>,0.0,0,3023,0,0,0,10:31:07.303,0.0,1,0,0.0,0,0,0,10:31:07.303,10:31:07.303
83,Manam,Manam SM Cebu,3024,0.0,0.0,0,0,100490,0,12,<NA>,11:24:08.267,2025-07-02,11:24:08.267,2025-07-02,True,False,680.0,680.0,72.86,0.0,0,1,GRABFOOD,1,False,0.0,0,False,11:24:08.267,2025-07-02,0.0,False,1,0.0,GRABFOOD,0.0,0,0,-99.99,-10000000000,<NA>,0.0,0,3024,0,0,0,11:24:08.267,0.0,1,0,0.0,0,0,0,11:24:08.267,11:24:08.267
83,Manam,Manam SM Cebu,3025,0.0,0.0,0,0,100490,0,10,<NA>,11:26:36.343,2025-07-02,11:26:36.343,2025-07-02,True,False,786.0,786.0,84.21,0.0,0,1,FOODPANDA,1,False,0.0,0,False,11:26:36.343,2025-07-02,0.0,False,1,0.0,FOODPANDA,0.0,0,0,-99.99,-10000000000,<NA>,0.0,0,3025,0,0,0,11:26:36.343,0.0,1,0,0.0,0,0,0,11:26:36.343,11:26:36.343
83,Manam,Manam SM Cebu,3026,0.0,0.0,0,0,100490,0,12,<NA>,11:30:33.05,2025-07-02,11:30:33.05,2025-07-02,True,False,1033.0,1033.0,110.68,0.0,0,1,GRABFOOD,1,False,0.0,0,False,11:30:33.05,2025-07-02,0.0,False,1,0.0,GRABFOOD,0.0,0,0,-99.99,-10000000000,<NA>,0.0,0,3026,0,0,0,11:30:33.05,0.0,1,0,0.0,0,0,0,11:30:33.05,11:30:33.05
83,Manam,Manam SM Cebu,3027,0.0,0.0,50,0,100490,4,3,<NA>,10:36:01.233,2025-07-02,10:36:01.233,2025-07-02,True,False,2530.0,2530.0,271.07,-192.01,0,1,DINEIN1,1,False,0.0,0,False,10:36:01.233,2025-07-02,0.0,False,1,0.0,DINEIN1,0.0,0,0,-99.99,-10000000000,<NA>,0.0,0,3027,0,0,0,10:36:01.233,0.0,1,0,0.0,0,0,0,10:36:01.233,10:36:01.233
83,Manam,Manam SM Cebu,3028,0.0,0.0,0,0,100490,0,12,<NA>,11:39:24.157,2025-07-02,11:39:24.157,2025-07-02,True,False,515.0,515.0,55.18,0.0,0,1,GRABFOOD,1,False,0.0,0,False,11:39:24.157,2025-07-02,0.0,False,1,0.0,GRABFOOD,0.0,0,0,-99.99,-10000000000,<NA>,0.0,0,3028,0,0,0,11:39:24.157,0.0,1,0,0.0,0,0,0,11:39:24.157,11:39:24.157
83,Manam,Manam SM Cebu,3029,0.0,0.0,18,0,100490,4,1,<NA>,10:51:09.26,2025-07-02,10:51:09.26,2025-07-02,True,False,1225.0,1225.0,140.36,-99.42,0,1,DINEIN1,1,False,0.0,0,False,10:51:09.26,2025-07-02,0.0,False,1,0.0,DINEIN1,0.0,0,0,-99.99,-10000000000,<NA>,0.0,0,3029,0,0,0,10:51:09.26,0.0,1,0,0.0,0,0,0,10:51:09.26,10:51:09.26
83,Manam,Manam SM Cebu,3030,0.0,0.0,32,0,100490,3,1,<NA>,11:02:47.073,2025-07-02,11:02:47.073,2025-07-02,True,False,1610.35,1610.35,119.28571428571428,-118.29,0,1,DINEIN1,1,False,99.4,0,False,11:02:47.073,2025-07-02,0.0,False,1,0.0,DINEIN1,0.0,0,0,-99.99,-10000000000,<NA>,0.0,0,3030,0,0,0,11:02:47.073,0.0,1,0,0.0,0,0,0,11:02:47.073,11:02:47.073
83,Manam,Manam SM Cebu,3031,0.0,0.0,23,0,100490,2,1,<NA>,11:07:27.567,2025-07-02,11:07:27.567,2025-07-02,True,False,915.0,915.0,108.76,-77.03,0,1,DINEIN1,1,False,0.0,0,False,11:07:27.567,2025-07-02,0.0,False,1,0.0,DINEIN1,0.0,0,0,-99.99,-10000000000,<NA>,0.0,0,3031,0,0,0,11:07:27.567,0.0,1,0,0.0,0,0,0,11:07:27.567,11:07:27.567
83,Manam,Manam SM Cebu,3032,0.0,0.0,1,0,100490,2,1,<NA>,10:53:09.027,2025-07-02,10:53:09.027,2025-07-02,True,False,1209.82,1209.82,0.0,-82.27,0,1,DINEIN1,1,False,241.96,0,False,10:53:09.027,2025-07-02,0.0,False,1,0.0,DINEIN1,0.0,0,0,-99.99,-10000000000,<NA>,0.0,0,3032,0,0,0,10:53:09.027,0.0,1,0,0.0,0,0,0,10:53:09.027,10:53:09.027
83,Manam,Manam SM Cebu,3034,0.0,0.0,33,0,100490,3,3,<NA>,11:19:39.76,2025-07-02,11:19:39.76,2025-07-02,True,False,940.0,940.0,100.71,-71.34,0,1,DINEIN1,1,False,0.0,0,False,11:19:39.76,2025-07-02,0.0,False,1,0.0,DINEIN1,0.0,0,0,-99.99,-10000000000,<NA>,0.0,0,3034,0,0,0,11:19:39.76,0.0,1,0,0.0,0,0,0,11:19:39.76,11:19:39.76
83,Manam,Manam SM Cebu,3035,0.0,0.0,21,0,100490,2,1,<NA>,11:08:41.477,2025-07-02,11:08:41.477,2025-07-02,True,False,1130.0,1130.0,121.08,-85.76,0,1,DINEIN1,1,False,0.0,0,False,11:08:41.477,2025-07-02,0.0,False,1,0.0,DINEIN1,0.0,0,0,-99.99,-10000000000,<NA>,0.0,0,3035,0,0,0,11:08:41.477,0.0,1,0,0.0,0,0,0,11:08:41.477,11:08:41.477
83,Manam,Manam SM Cebu,3037,0.0,0.0,14,0,100490,2,1,<NA>,11:06:49.663,2025-07-02,11:06:49.663,2025-07-02,True,False,1015.0,1015.0,108.75,-77.03,0,1,DINEIN1,1,False,0.0,0,False,11:06:49.663,2025-07-02,0.0,False,1,0.0,DINEIN1,0.0,0,0,-99.99,-10000000000,<NA>,0.0,0,3037,0,0,0,11:06:49.663,0.0,1,0,0.0,0,0,0,11:06:49.663,11:06:49.663
83,Manam,Manam SM Cebu,3038,0.0,0.0,14,0,100490,4,3,<NA>,11:06:49.663,2025-07-02,11:06:49.663,2025-07-02,True,False,590.0,590.0,63.21,-44.78,0,1,DINEIN1,1,False,0.0,0,False,11:06:49.663,2025-07-02,0.0,False,1,0.0,DINEIN1,0.0,0,0,-99.99,-10000000000,<NA>,0.0,0,3038,0,0,0,11:06:49.663,0.0,1,0,0.0,0,0,0,11:06:49.663,11:06:49.663
83,Manam,Manam SM Cebu,3039,0.0,0.0,0,0,108132,0,1,<NA>,11:56:14.09,2025-07-02,11:56:14.09,2025-07-02,True,False,500.71,500.71,23.04,0.0,0,1,TAKEOUT,1,False,57.14,0,False,11:56:14.09,2025-07-02,0.0,False,1,0.0,TAKEOUT,0.0,0,0,-99.99,-10000000000,<NA>,0.0,0,3039,0,0,0,11:56:14.09,0.0,1,0,0.0,0,0,0,11:56:14.09,11:56:14.09
83,Manam,Manam SM Cebu,3040,0.0,0.0,30,0,100490,2,3,<NA>,11:26:04.8,2025-07-02,11:26:04.8,2025-07-02,True,False,1550.0,1550.0,166.08,-117.63,0,1,DINEIN1,1,False,0.0,0,False,11:26:04.8,2025-07-02,0.0,False,1,0.0,DINEIN1,0.0,0,0,-99.99,-10000000000,<NA>,0.0,0,3040,0,0,0,11:26:04.8,0.0,1,0,0.0,0,0,0,11:26:04.8,11:26:04.8
83,Manam,Manam SM Cebu,3041,0.0,0.0,16,0,100490,3,3,<NA>,11:13:21.623,2025-07-02,11:13:21.623,2025-07-02,True,False,2015.0,2015.0,215.91,-152.92,0,1,DINEIN1,1,False,0.0,0,False,11:13:21.623,2025-07-02,0.0,False,1,0.0,DINEIN1,0.0,0,0,-99.99,-10000000000,<NA>,0.0,0,3041,0,0,0,11:13:21.623,0.0,1,0,0.0,0,0,0,11:13:21.623,11:13:21.623
83,Manam,Manam SM Cebu,3042,0.0,0.0,20,0,100490,2,3,<NA>,11:10:58.877,2025-07-02,11:10:58.877,2025-07-02,True,False,1130.0,1130.0,130.17,-92.21,0,1,DINEIN1,1,False,0.0,0,False,11:10:58.877,2025-07-02,0.0,False,1,0.0,DINEIN1,0.0,0,0,-99.99,-10000000000,<NA>,0.0,0,3042,0,0,0,11:10:58.877,0.0,1,0,0.0,0,0,0,11:10:58.877,11:10:58.877
83,Manam,Manam SM Cebu,3043,0.0,0.0,10,0,100490,8,3,<NA>,11:03:54.987,2025-07-02,11:03:54.987,2025-07-02,True,False,4490.72,4490.72,263.04,-335.37,0,1,DINEIN1,1,False,438.4,0,False,11:03:54.987,2025-07-02,0.0,False,1,0.0,DINEIN1,0.0,0,0,-99.99,-10000000000,<NA>,0.0,0,3043,0,0,0,11:03:54.987,0.0,1,0,0.0,0,0,0,11:03:54.987,11:03:54.987
83,Manam,Manam SM Cebu,3044,0.0,0.0,0,0,108132,0,3,SNR-SOLO,11:06:31.467,2025-07-02,11:06:31.467,2025-07-02,True,False,339.28571,339.28571,0.0,0.0,0,1,TAKEOUT,1,False,67.86,0,False,11:06:31.467,2025-07-02,0.0,False,1,0.0,TAKEOUT,0.0,0,0,-99.99,-10000000000,<NA>,0.0,0,3044,0,0,0,11:06:31.467,0.0,1,0,0.0,0,0,0,11:06:31.467,11:06:31.467
83,Manam,Manam SM Cebu,3045,0.0,0.0,32,0,100490,4,3,<NA>,11:46:30.467,2025-07-02,11:46:30.467,2025-07-02,True,False,1565.0,1565.0,167.68,-118.77,0,1,DINEIN1,1,False,0.0,0,False,11:46:30.467,2025-07-02,0.0,False,1,0.0,DINEIN1,0.0,0,0,-99.99,-10000000000,<NA>,0.0,0,3045,0,0,0,11:46:30.467,0.0,1,0,0.0,0,0,0,11:46:30.467,11:46:30.467
83,Manam,Manam SM Cebu,3046,0.0,0.0,25,0,100490,2,3,<NA>,11:37:33.773,2025-07-02,11:37:33.773,2025-07-02,True,False,1095.0,1095.0,117.33,-83.1,0,1,DINEIN1,1,False,0.0,0,False,11:37:33.773,2025-07-02,0.0,False,1,0.0,DINEIN1,0.0,0,0,-99.99,-10000000000,<NA>,0.0,0,3046,0,0,0,11:37:33.773,0.0,1,0,0.0,0,0,0,11:37:33.773,11:37:33.773
83,Manam,Manam SM Cebu,3047,0.0,0.0,3,0,100490,2,1,<NA>,11:27:50.953,2025-07-02,11:27:50.953,2025-07-02,True,False,1615.0,1615.0,173.04,-122.57,0,1,DINEIN1,1,False,0.0,0,False,11:27:50.953,2025-07-02,0.0,False,1,0.0,DINEIN1,0.0,0,0,-99.99,-10000000000,<NA>,0.0,0,3047,0,0,0,11:27:50.953,0.0,1,0,0.0,0,0,0,11:27:50.953,11:27:50.953
83,Manam,Manam SM Cebu,3051,0.0,0.0,4,0,100490,12,3,<NA>,11:03:31.057,2025-07-02,11:03:31.057,2025-07-02,True,False,4043.13,4043.13,316.86571428571426,-352.71,0,1,DINEIN1,1,False,377.23,0,False,11:03:31.057,2025-07-02,0.0,False,1,0.0,DINEIN1,0.0,0,0,-99.99,-10000000000,<NA>,0.0,0,3051,0,0,0,11:03:31.057,0.0,1,0,0.0,0,0,0,11:03:31.057,11:03:31.057
83,Manam,Manam SM Cebu,3052,0.0,0.0,45,0,100490,10,3,<NA>,11:27:59.757,2025-07-02,11:27:59.757,2025-07-02,True,False,4477.96,4477.96,608.9442857142857,-517.28,0,1,DINEIN1,1,False,253.57,0,False,11:27:59.757,2025-07-02,0.0,False,1,0.0,DINEIN1,0.0,0,0,-99.99,-10000000000,<NA>,0.0,0,3052,0,0,0,11:27:59.757,0.0,1,0,0.0,0,0,0,11:27:59.757,11:27:59.757
83,Manam,Manam SM Cebu,3053,0.0,0.0,35,0,100490,1,3,<NA>,12:01:43.71,2025-07-02,12:01:43.71,2025-07-02,True,False,531.25,531.25,0.0,-36.13,0,1,DINEIN1,1,False,106.25,0,False,12:01:43.71,2025-07-02,0.0,False,1,0.0,DINEIN1,0.0,0,0,-99.99,-10000000000,<NA>,0.0,0,3053,0,0,0,12:01:43.71,0.0,1,0,0.0,0,0,0,12:01:43.71,12:01:43.71
83,Manam,Manam SM Cebu,3054,0.0,0.0,51,0,100490,8,3,<NA>,10:29:48.947,2025-07-02,10:29:48.947,2025-07-02,True,False,4935.0,4935.0,593.04,-420.07,0,1,DINEIN1,1,False,0.0,0,False,10:29:48.947,2025-07-02,0.0,False,1,0.0,DINEIN1,0.0,0,0,-99.99,-10000000000,<NA>,0.0,0,3054,0,0,0,10:29:48.947,0.0,1,0,0.0,0,0,0,10:29:48.947,10:29:48.947
83,Manam,Manam SM Cebu,3055,0.0,0.0,23,0,100490,2,3,<NA>,11:54:57.103,2025-07-02,11:54:57.103,2025-07-02,True,False,2910.0,2910.0,327.86,-232.23,0,1,DINEIN1,1,False,0.0,0,False,11:54:57.103,2025-07-02,0.0,False,1,0.0,DINEIN1,0.0,0,0,-99.99,-10000000000,<NA>,0.0,0,3055,0,0,0,11:54:57.103,0.0,1,0,0.0,0,0,0,11:54:57.103,11:54:57.103
83,Manam,Manam SM Cebu,3056,0.0,0.0,50,0,100490,7,3,<NA>,11:36:17.087,2025-07-02,11:36:17.087,2025-07-02,True,False,4189.92,4189.92,450.7271428571429,-361.62,0,1,DINEIN1,1,False,125.13,0,False,11:36:17.087,2025-07-02,0.0,False,1,0.0,DINEIN1,0.0,0,0,-99.99,-10000000000,<NA>,0.0,0,3056,0,0,0,11:36:17.087,0.0,1,0,0.0,0,0,0,11:36:17.087,11:36:17.087
83,Manam,Manam SM Cebu,3057,0.0,0.0,0,0,100490,0,12,<NA>,12:45:07.777,2025-07-02,12:45:07.777,2025-07-02,True,False,665.0,665.0,71.25,0.0,0,1,GRABFOOD,1,False,0.0,0,False,12:45:07.777,2025-07-02,0.0,False,1,0.0,GRABFOOD,0.0,0,0,-99.99,-10000000000,<NA>,0.0,0,3057,0,0,0,12:45:07.777,0.0,1,0,0.0,0,0,0,12:45:07.777,12:45:07.777
83,Manam,Manam SM Cebu,3058,0.0,0.0,33,0,100490,2,1,<NA>,12:02:25.117,2025-07-02,12:02:25.117,2025-07-02,True,False,1150.0,1150.0,123.22,-87.28,0,1,DINEIN1,1,False,0.0,0,False,12:02:25.117,2025-07-02,0.0,False,1,0.0,DINEIN1,0.0,0,0,-99.99,-10000000000,<NA>,0.0,0,3058,0,0,0,12:02:25.117,0.0,1,0,0.0,0,0,0,12:02:25.117,12:02:25.117
83,Manam,Manam SM Cebu,3059,0.0,0.0,30,0,100490,2,1,<NA>,12:06:31.843,2025-07-02,12:06:31.843,2025-07-02,True,False,1155.0,1155.0,123.75,-87.66,0,1,DINEIN1,1,False,0.0,0,False,12:06:31.843,2025-07-02,0.0,False,1,0.0,DINEIN1,0.0,0,0,-99.99,-10000000000,<NA>,0.0,0,3059,0,0,0,12:06:31.843,0.0,1,0,0.0,0,0,0,12:06:31.843,12:06:31.843
83,Manam,Manam SM Cebu,3061,0.0,0.0,0,0,100490,0,1,<NA>,12:58:19.057,2025-07-02,12:58:19.057,2025-07-02,True,False,0.0,0.0,0.0,0.0,0,1,ZR-ABBA,1,False,0.0,0,False,12:58:19.057,2025-07-02,0.0,False,1,0.0,ZR-ABBA,0.0,0,0,-99.99,-10000000000,<NA>,0.0,0,3061,0,0,0,12:58:19.057,0.0,1,0,0.0,0,0,0,12:58:19.057,12:58:19.057
83,Manam,Manam SM Cebu,3063,0.0,0.0,0,0,100490,0,12,<NA>,13:01:40.34,2025-07-02,13:01:40.34,2025-07-02,True,False,288.0,288.0,30.86,0.0,0,1,GRABFOOD,1,False,0.0,0,False,13:01:40.34,2025-07-02,0.0,False,1,0.0,GRABFOOD,0.0,0,0,-99.99,-10000000000,<NA>,0.0,0,3063,0,0,0,13:01:40.34,0.0,1,0,0.0,0,0,0,13:01:40.34,13:01:40.34
83,Manam,Manam SM Cebu,3064,0.0,0.0,1,0,100490,4,1,<NA>,11:47:13.287,2025-07-02,11:47:13.287,2025-07-02,True,False,2550.62,2550.62,144.37714285714284,-184.08,0,1,DINEIN1,1,False,240.62,0,False,11:47:13.287,2025-07-02,0.0,False,1,0.0,DINEIN1,0.0,0,0,-99.99,-10000000000,<NA>,0.0,0,3064,0,0,0,11:47:13.287,0.0,1,0,0.0,0,0,0,11:47:13.287,11:47:13.287
83,Manam,Manam SM Cebu,3065,0.0,0.0,20,0,100490,2,3,<NA>,12:33:29.713,2025-07-02,12:33:29.713,2025-07-02,True,False,920.0,920.0,98.57,-69.82,0,1,DINEIN1,1,False,0.0,0,False,12:33:29.713,2025-07-02,0.0,False,1,0.0,DINEIN1,0.0,0,0,-99.99,-10000000000,<NA>,0.0,0,3065,0,0,0,12:33:29.713,0.0,1,0,0.0,0,0,0,12:33:29.713,12:33:29.713
83,Manam,Manam SM Cebu,3066,0.0,0.0,28,0,100490,7,3,<NA>,11:38:18.027,2025-07-02,11:38:18.027,2025-07-02,True,False,4445.0,4445.0,553.92,-392.37,0,1,DINEIN1,1,False,0.0,0,False,11:38:18.027,2025-07-02,0.0,False,1,0.0,DINEIN1,0.0,0,0,-99.99,-10000000000,<NA>,0.0,0,3066,0,0,0,11:38:18.027,0.0,1,0,0.0,0,0,0,11:38:18.027,11:38:18.027
83,Manam,Manam SM Cebu,3067,0.0,0.0,21,0,100490,2,3,<NA>,12:04:19.933,2025-07-02,12:04:19.933,2025-07-02,True,False,2145.0,2145.0,243.76,-172.66,0,1,DINEIN1,1,False,0.0,0,False,12:04:19.933,2025-07-02,0.0,False,1,0.0,DINEIN1,0.0,0,0,-99.99,-10000000000,<NA>,0.0,0,3067,0,0,0,12:04:19.933,0.0,1,0,0.0,0,0,0,12:04:19.933,12:04:19.933
83,Manam,Manam SM Cebu,3068,0.0,0.0,0,0,108024,0,1,<NA>,12:59:54.9,2025-07-02,12:59:54.9,2025-07-02,True,False,1238.75,1238.75,95.89,0.0,0,1,TAKEOUT,1,False,68.75,0,False,12:59:54.9,2025-07-02,0.0,False,1,0.0,TAKEOUT,0.0,0,0,-99.99,-10000000000,<NA>,0.0,0,3068,0,0,0,12:59:54.9,0.0,1,0,0.0,0,0,0,12:59:54.9,12:59:54.9
83,Manam,Manam SM Cebu,3070,0.0,0.0,0,0,103836,0,1,<NA>,13:18:37.81,2025-07-02,13:18:37.81,2025-07-02,True,False,0.0,0.0,0.0,0.0,0,1,ZR-ELI,1,False,0.0,0,False,13:18:37.81,2025-07-02,0.0,False,1,0.0,ZR-ELI,0.0,0,0,-99.99,-10000000000,<NA>,0.0,0,3070,0,0,0,13:18:37.81,0.0,1,0,0.0,0,0,0,13:18:37.81,13:18:37.81
83,Manam,Manam SM Cebu,3072,0.0,0.0,0,0,103836,0,3,<NA>,13:13:28.67,2025-07-02,13:13:28.67,2025-07-02,True,False,1925.0,1925.0,206.25,0.0,0,1,TAKEOUT,1,False,0.0,0,False,13:13:28.67,2025-07-02,0.0,False,1,0.0,TAKEOUT,0.0,0,0,-99.99,-10000000000,<NA>,0.0,0,3072,0,0,0,13:13:28.67,0.0,1,0,0.0,0,0,0,13:13:28.67,13:13:28.67
83,Manam,Manam SM Cebu,3073,0.0,0.0,4,0,103836,6,3,<NA>,12:31:42.667,2025-07-02,12:31:42.667,2025-07-02,True,False,3687.6800000000003,3687.6800000000003,415.1242857142857,-338.2,0,1,DINEIN1,1,False,137.2,0,False,12:31:42.667,2025-07-02,0.0,False,1,0.0,DINEIN1,0.0,0,0,-99.99,-10000000000,<NA>,0.0,0,3073,0,0,0,12:31:42.667,0.0,1,0,0.0,0,0,0,12:31:42.667,12:31:42.667
83,Manam,Manam SM Cebu,3074,0.0,0.0,32,0,103836,4,1,<NA>,12:21:47.157,2025-07-02,12:21:47.157,2025-07-02,True,False,2525.0,2525.0,304.28,-215.54,0,1,DINEIN1,1,False,0.0,0,False,12:21:47.157,2025-07-02,0.0,False,1,0.0,DINEIN1,0.0,0,0,-99.99,-10000000000,<NA>,0.0,0,3074,0,0,0,12:21:47.157,0.0,1,0,0.0,0,0,0,12:21:47.157,12:21:47.157
83,Manam,Manam SM Cebu,3075,0.0,0.0,0,0,103836,0,12,<NA>,13:26:32.963,2025-07-02,13:26:32.963,2025-07-02,True,False,548.0,548.0,58.71,0.0,0,1,GRABFOOD,1,False,0.0,0,False,13:26:32.963,2025-07-02,0.0,False,1,0.0,GRABFOOD,0.0,0,0,-99.99,-10000000000,<NA>,0.0,0,3075,0,0,0,13:26:32.963,0.0,1,0,0.0,0,0,0,13:26:32.963,13:26:32.963
83,Manam,Manam SM Cebu,3076,0.0,0.0,16,0,103836,3,3,<NA>,12:40:08.557,2025-07-02,12:40:08.557,2025-07-02,True,False,3266.7799999999997,3266.7799999999997,276.43571428571425,-274.12,0,1,DINEIN1,1,False,230.35,0,False,12:40:08.557,2025-07-02,0.0,False,1,0.0,DINEIN1,0.0,0,0,-99.99,-10000000000,<NA>,0.0,0,3076,0,0,0,12:40:08.557,0.0,1,0,0.0,0,0,0,12:40:08.557,12:40:08.557
83,Manam,Manam SM Cebu,3077,0.0,0.0,0,0,103836,0,12,<NA>,13:29:09.593,2025-07-02,13:29:09.593,2025-07-02,True,False,298.0,298.0,31.93,0.0,0,1,GRABFOOD,1,False,0.0,0,False,13:29:09.593,2025-07-02,0.0,False,1,0.0,GRABFOOD,0.0,0,0,-99.99,-10000000000,<NA>,0.0,0,3077,0,0,0,13:29:09.593,0.0,1,0,0.0,0,0,0,13:29:09.593,13:29:09.593
83,Manam,Manam SM Cebu,3078,0.0,0.0,0,0,103836,0,12,<NA>,13:32:08.153,2025-07-02,13:32:08.153,2025-07-02,True,False,280.0,280.0,60.0,0.0,0,1,GRABFOOD,1,False,0.0,0,False,13:32:08.153,2025-07-02,0.0,False,1,0.0,GRABFOOD,0.0,0,0,-99.99,-10000000000,<NA>,0.0,0,3078,0,0,0,13:32:08.153,0.0,1,0,0.0,0,0,0,13:32:08.153,13:32:08.153
83,Manam,Manam SM Cebu,3079,0.0,0.0,40,0,103836,5,3,<NA>,13:22:58.977,2025-07-02,13:22:58.977,2025-07-02,True,False,2010.96,2010.96,176.14285714285714,-149.72,0,1,DINEIN1,1,False,73.39,0,False,13:22:58.977,2025-07-02,0.0,False,1,0.0,DINEIN1,0.0,0,0,-99.99,-10000000000,<NA>,0.0,0,3079,0,0,0,13:22:58.977,0.0,1,0,0.0,0,0,0,13:22:58.977,13:22:58.977
83,Manam,Manam SM Cebu,3080,0.0,0.0,22,0,103836,4,1,<NA>,12:51:46.043,2025-07-02,12:51:46.043,2025-07-02,True,False,1745.0,1745.0,186.96,-132.43,0,1,DINEIN1,1,False,0.0,0,False,12:51:46.043,2025-07-02,0.0,False,1,0.0,DINEIN1,0.0,0,0,-99.99,-10000000000,<NA>,0.0,0,3080,0,0,0,12:51:46.043,0.0,1,0,0.0,0,0,0,12:51:46.043,12:51:46.043
83,Manam,Manam SM Cebu,3081,0.0,0.0,0,0,103836,0,12,<NA>,13:43:01.677,2025-07-02,13:43:01.677,2025-07-02,True,False,268.0,268.0,28.71,0.0,0,1,GRABFOOD,1,False,0.0,0,False,13:43:01.677,2025-07-02,0.0,False,1,0.0,GRABFOOD,0.0,0,0,-99.99,-10000000000,<NA>,0.0,0,3081,0,0,0,13:43:01.677,0.0,1,0,0.0,0,0,0,13:43:01.677,13:43:01.677
83,Manam,Manam SM Cebu,3082,0.0,0.0,10,0,103836,7,3,10% LOYAL,12:10:06.583,2025-07-02,12:10:06.583,2025-07-02,True,False,6635.0,6635.0,657.19,-465.49,0,1,DINEIN1,1,False,681.5,0,False,12:10:06.583,2025-07-02,0.0,False,1,0.0,DINEIN1,0.0,0,0,-99.99,-10000000000,10468237,0.0,0,3082,0,0,0,12:10:06.583,0.0,1,0,0.0,0,0,0,12:10:06.583,12:10:06.583
83,Manam,Manam SM Cebu,3083,0.0,0.0,19,0,103836,4,3,<NA>,12:28:56.607,2025-07-02,12:28:56.607,2025-07-02,True,False,2049.13,2049.13,62.54714285714286,-150.62,0,1,DINEIN1,1,False,312.71,0,False,12:28:56.607,2025-07-02,0.0,False,1,0.0,DINEIN1,0.0,0,0,-99.99,-10000000000,<NA>,0.0,0,3083,0,0,0,12:28:56.607,0.0,1,0,0.0,0,0,0,12:28:56.607,12:28:56.607
83,Manam,Manam SM Cebu,3084,0.0,0.0,0,0,100490,0,12,<NA>,13:49:50.203,2025-07-02,13:49:50.203,2025-07-02,True,False,513.0,513.0,54.96,0.0,0,1,GRABFOOD,1,False,0.0,0,False,13:49:50.203,2025-07-02,0.0,False,1,0.0,GRABFOOD,0.0,0,0,-99.99,-10000000000,<NA>,0.0,0,3084,0,0,0,13:49:50.203,0.0,1,0,0.0,0,0,0,13:49:50.203,13:49:50.203
83,Manam,Manam SM Cebu,3085,0.0,0.0,34,0,100490,4,3,<NA>,13:05:29.28,2025-07-02,13:05:29.28,2025-07-02,True,False,3355.0,3355.0,397.5,-281.56,0,1,DINEIN1,1,False,0.0,0,False,13:05:29.28,2025-07-02,0.0,False,1,0.0,DINEIN1,0.0,0,0,-99.99,-10000000000,<NA>,0.0,0,3085,0,0,0,13:05:29.28,0.0,1,0,0.0,0,0,0,13:05:29.28,13:05:29.28
83,Manam,Manam SM Cebu,3086,0.0,0.0,50,0,100490,6,3,<NA>,12:47:34.923,2025-07-02,12:47:34.923,2025-07-02,True,False,3220.71,3220.71,278.5728571428571,-276.25,0,1,DINEIN1,1,False,232.14,0,False,12:47:34.923,2025-07-02,0.0,False,1,0.0,DINEIN1,0.0,0,0,-99.99,-10000000000,<NA>,0.0,0,3086,0,0,0,12:47:34.923,0.0,1,0,0.0,0,0,0,12:47:34.923,12:47:34.923
83,Manam,Manam SM Cebu,3087,0.0,0.0,43,0,103836,4,3,<NA>,12:56:42.02,2025-07-02,12:56:42.02,2025-07-02,True,False,2800.98,2800.98,169.01857142857145,-215.5,0,1,DINEIN1,1,False,281.7,0,False,12:56:42.02,2025-07-02,0.0,False,1,0.0,DINEIN1,0.0,0,0,-99.99,-10000000000,<NA>,0.0,0,3087,0,0,0,12:56:42.02,0.0,1,0,0.0,0,0,0,12:56:42.02,12:56:42.02
83,Manam,Manam SM Cebu,3088,0.0,0.0,3,0,103836,2,3,<NA>,13:02:03.113,2025-07-02,13:02:03.113,2025-07-02,True,False,2110.0,2110.0,255.01,-180.63,0,1,DINEIN1,1,False,0.0,0,False,13:02:03.113,2025-07-02,0.0,False,1,0.0,DINEIN1,0.0,0,0,-99.99,-10000000000,<NA>,0.0,0,3088,0,0,0,13:02:03.113,0.0,1,0,0.0,0,0,0,13:02:03.113,13:02:03.113
83,Manam,Manam SM Cebu,3090,0.0,0.0,23,0,100490,7,3,10% LOYAL,13:16:55.637,2025-07-02,13:16:55.637,2025-07-02,True,False,3665.0,3665.0,370.79,-262.63,0,1,DINEIN1,1,False,384.5,0,False,13:16:55.637,2025-07-02,0.0,False,1,0.0,DINEIN1,0.0,0,0,-99.99,-10000000000,10297614,0.0,0,3090,0,0,0,13:16:55.637,0.0,1,0,0.0,0,0,0,13:16:55.637,13:16:55.637
83,Manam,Manam SM Cebu,3091,0.0,0.0,45,0,100490,4,1,<NA>,12:58:14.98,2025-07-02,12:58:14.98,2025-07-02,True,False,3300.0,3300.0,353.59,-250.45,0,1,DINEIN1,1,False,0.0,0,False,12:58:14.98,2025-07-02,0.0,False,1,0.0,DINEIN1,0.0,0,0,-99.99,-10000000000,<NA>,0.0,0,3091,0,0,0,12:58:14.98,0.0,1,0,0.0,0,0,0,12:58:14.98,12:58:14.98
83,Manam,Manam SM Cebu,3092,0.0,0.0,0,0,100490,0,1,<NA>,14:15:35.52,2025-07-02,14:15:35.52,2025-07-02,True,False,0.0,0.0,0.0,0.0,0,1,ZR-ABBA,1,False,0.0,0,False,14:15:35.52,2025-07-02,0.0,False,1,0.0,ZR-ABBA,0.0,0,0,-99.99,-10000000000,<NA>,0.0,0,3092,0,0,0,14:15:35.52,0.0,1,0,0.0,0,0,0,14:15:35.52,14:15:35.52
83,Manam,Manam SM Cebu,3093,0.0,0.0,14,0,100490,3,1,<NA>,12:08:26.813,2025-07-02,12:08:26.813,2025-07-02,True,False,2008.94,2008.94,0.0,-136.61,0,1,DINEIN1,1,False,401.79,0,False,12:08:26.813,2025-07-02,0.0,False,1,0.0,DINEIN1,0.0,0,0,-99.99,-10000000000,<NA>,0.0,0,3093,0,0,0,12:08:26.813,0.0,1,0,0.0,0,0,0,12:08:26.813,12:08:26.813
83,Manam,Manam SM Cebu,3094,0.0,0.0,51,0,100490,6,3,<NA>,12:53:34.153,2025-07-02,12:53:34.153,2025-07-02,True,False,3694.02,3694.02,265.97714285714284,-339.12,0,1,DINEIN1,1,False,443.3,0,False,12:53:34.153,2025-07-02,0.0,False,1,0.0,DINEIN1,0.0,0,0,-99.99,-10000000000,<NA>,0.0,0,3094,0,0,0,12:53:34.153,0.0,1,0,0.0,0,0,0,12:53:34.153,12:53:34.153
83,Manam,Manam SM Cebu,3095,0.0,0.0,4,0,100490,6,3,<NA>,13:28:56.58,2025-07-02,13:28:56.58,2025-07-02,True,False,4445.0,4445.0,476.25,-337.34,0,1,DINEIN1,1,False,0.0,0,False,13:28:56.58,2025-07-02,0.0,False,1,0.0,DINEIN1,0.0,0,0,-99.99,-10000000000,<NA>,0.0,0,3095,0,0,0,13:28:56.58,0.0,1,0,0.0,0,0,0,13:28:56.58,13:28:56.58
83,Manam,Manam SM Cebu,3099,0.0,0.0,20,0,100490,4,3,<NA>,13:24:06.137,2025-07-02,13:24:06.137,2025-07-02,True,False,1755.0,1755.0,206.78,-146.47,0,1,DINEIN1,1,False,0.0,0,False,13:24:06.137,2025-07-02,0.0,False,1,0.0,DINEIN1,0.0,0,0,-99.99,-10000000000,<NA>,0.0,0,3099,0,0,0,13:24:06.137,0.0,1,0,0.0,0,0,0,13:24:06.137,13:24:06.137
83,Manam,Manam SM Cebu,3100,0.0,0.0,32,0,108010,1,1,<NA>,13:37:55.52,2025-07-02,13:37:55.52,2025-07-02,True,False,602.6700000000001,602.6700000000001,0.0,-40.98,0,1,DINEIN1,1,False,120.53,0,False,13:37:55.52,2025-07-02,0.0,False,1,0.0,DINEIN1,0.0,0,0,-99.99,-10000000000,<NA>,0.0,0,3100,0,0,0,13:37:55.52,0.0,1,0,0.0,0,0,0,13:37:55.52,13:37:55.52
83,Manam,Manam SM Cebu,3101,0.0,0.0,9,0,100490,2,3,<NA>,14:02:41.837,2025-07-02,14:02:41.837,2025-07-02,True,False,935.0,935.0,100.18,-70.96,0,1,DINEIN1,1,False,0.0,0,False,14:02:41.837,2025-07-02,0.0,False,1,0.0,DINEIN1,0.0,0,0,-99.99,-10000000000,<NA>,0.0,0,3101,0,0,0,14:02:41.837,0.0,1,0,0.0,0,0,0,14:02:41.837,14:02:41.837
83,Manam,Manam SM Cebu,3102,0.0,0.0,42,0,100490,3,1,<NA>,13:41:17.333,2025-07-02,13:41:17.333,2025-07-02,True,False,1345.0,1345.0,165.53,-117.25,0,1,DINEIN1,1,False,0.0,0,False,13:41:17.333,2025-07-02,0.0,False,1,0.0,DINEIN1,0.0,0,0,-99.99,-10000000000,<NA>,0.0,0,3102,0,0,0,13:41:17.333,0.0,1,0,0.0,0,0,0,13:41:17.333,13:41:17.333
83,Manam,Manam SM Cebu,3103,0.0,0.0,7,0,100490,3,3,<NA>,13:59:45.57,2025-07-02,13:59:45.57,2025-07-02,True,False,1825.0,1825.0,195.53,-138.5,0,1,DINEIN1,1,False,0.0,0,False,13:59:45.57,2025-07-02,0.0,False,1,0.0,DINEIN1,0.0,0,0,-99.99,-10000000000,<NA>,0.0,0,3103,0,0,0,13:59:45.57,0.0,1,0,0.0,0,0,0,13:59:45.57,13:59:45.57
83,Manam,Manam SM Cebu,3104,0.0,0.0,28,0,100490,2,3,<NA>,13:21:31.067,2025-07-02,13:21:31.067,2025-07-02,True,False,3370.0,3370.0,361.09,-255.76,0,1,DINEIN1,1,False,0.0,0,False,13:21:31.067,2025-07-02,0.0,False,1,0.0,DINEIN1,0.0,0,0,-99.99,-10000000000,<NA>,0.0,0,3104,0,0,0,13:21:31.067,0.0,1,0,0.0,0,0,0,13:21:31.067,13:21:31.067
83,Manam,Manam SM Cebu,3105,0.0,0.0,30,0,100490,2,3,<NA>,13:35:15.023,2025-07-02,13:35:15.023,2025-07-02,True,False,2385.0,2385.0,135.00714285714284,-172.12,0,1,DINEIN1,1,False,225.0,0,False,13:35:15.023,2025-07-02,0.0,False,1,0.0,DINEIN1,0.0,0,0,-99.99,-10000000000,<NA>,0.0,0,3105,0,0,0,13:35:15.023,0.0,1,0,0.0,0,0,0,13:35:15.023,13:35:15.023
83,Manam,Manam SM Cebu,3106,0.0,0.0,0,0,103836,0,1,<NA>,14:15:15.367,2025-07-02,14:15:15.367,2025-07-02,True,False,1060.0,1060.0,113.58,0.0,0,1,TAKEOUT,1,False,0.0,0,False,14:15:15.367,2025-07-02,0.0,False,1,0.0,TAKEOUT,0.0,0,0,-99.99,-10000000000,<NA>,0.0,0,3106,0,0,0,14:15:15.367,0.0,1,0,0.0,0,0,0,14:15:15.367,14:15:15.367
83,Manam,Manam SM Cebu,3107,0.0,0.0,0,0,100490,0,12,<NA>,14:43:25.967,2025-07-02,14:43:25.967,2025-07-02,True,False,463.0,463.0,49.61,0.0,0,1,GRABFOOD,1,False,0.0,0,False,14:43:25.967,2025-07-02,0.0,False,1,0.0,GRABFOOD,0.0,0,0,-99.99,-10000000000,<NA>,0.0,0,3107,0,0,0,14:43:25.967,0.0,1,0,0.0,0,0,0,14:43:25.967,14:43:25.967
83,Manam,Manam SM Cebu,3108,0.0,0.0,35,0,100490,3,3,<NA>,14:12:30.203,2025-07-02,14:12:30.203,2025-07-02,True,False,1105.0,1105.0,118.39,-83.86,0,1,DINEIN1,1,False,0.0,0,False,14:12:30.203,2025-07-02,0.0,False,1,0.0,DINEIN1,0.0,0,0,-99.99,-10000000000,<NA>,0.0,0,3108,0,0,0,14:12:30.203,0.0,1,0,0.0,0,0,0,14:12:30.203,14:12:30.203
83,Manam,Manam SM Cebu,3109,0.0,0.0,3,0,100490,2,1,<NA>,14:11:32.643,2025-07-02,14:11:32.643,2025-07-02,True,False,1435.0,1435.0,153.75,-108.91,0,1,DINEIN1,1,False,0.0,0,False,14:11:32.643,2025-07-02,0.0,False,1,0.0,DINEIN1,0.0,0,0,-99.99,-10000000000,<NA>,0.0,0,3109,0,0,0,14:11:32.643,0.0,1,0,0.0,0,0,0,14:11:32.643,14:11:32.643
83,Manam,Manam SM Cebu,3110,0.0,0.0,21,0,100490,3,3,<NA>,13:39:35.773,2025-07-02,13:39:35.773,2025-07-02,True,False,1940.0,1940.0,225.01,-159.38,0,1,DINEIN1,1,False,0.0,0,False,13:39:35.773,2025-07-02,0.0,False,1,0.0,DINEIN1,0.0,0,0,-99.99,-10000000000,<NA>,0.0,0,3110,0,0,0,13:39:35.773,0.0,1,0,0.0,0,0,0,13:39:35.773,13:39:35.773
83,Manam,Manam SM Cebu,3111,0.0,0.0,1,0,100490,2,1,<NA>,14:24:52.967,2025-07-02,14:24:52.967,2025-07-02,True,False,960.0,960.0,111.96,-79.31,0,1,DINEIN1,1,False,0.0,0,False,14:24:52.967,2025-07-02,0.0,False,1,0.0,DINEIN1,0.0,0,0,-99.99,-10000000000,<NA>,0.0,0,3111,0,0,0,14:24:52.967,0.0,1,0,0.0,0,0,0,14:24:52.967,14:24:52.967
83,Manam,Manam SM Cebu,3112,0.0,0.0,6,0,103836,2,3,<NA>,14:40:49.547,2025-07-02,14:40:49.547,2025-07-02,True,False,1165.0,1165.0,124.82,-88.42,0,1,DINEIN1,1,False,0.0,0,False,14:40:49.547,2025-07-02,0.0,False,1,0.0,DINEIN1,0.0,0,0,-99.99,-10000000000,<NA>,0.0,0,3112,0,0,0,14:40:49.547,0.0,1,0,0.0,0,0,0,14:40:49.547,14:40:49.547
83,Manam,Manam SM Cebu,3113,0.0,0.0,0,0,103836,0,1,SNR-SOLO,15:03:01.073,2025-07-02,15:03:01.073,2025-07-02,True,False,799.10714,799.10714,0.0,0.0,0,1,TAKEOUT,1,False,159.82,0,False,15:03:01.073,2025-07-02,0.0,False,1,0.0,TAKEOUT,0.0,0,0,-99.99,-10000000000,<NA>,0.0,0,3113,0,0,0,15:03:01.073,0.0,1,0,0.0,0,0,0,15:03:01.073,15:03:01.073
83,Manam,Manam SM Cebu,3114,0.0,0.0,0,0,103836,0,12,<NA>,15:21:51.25,2025-07-02,15:21:51.25,2025-07-02,True,False,2155.0,2155.0,230.89,0.0,0,1,GRABFOOD,1,False,0.0,0,False,15:21:51.25,2025-07-02,0.0,False,1,0.0,GRABFOOD,0.0,0,0,-99.99,-10000000000,<NA>,0.0,0,3114,0,0,0,15:21:51.25,0.0,1,0,0.0,0,0,0,15:21:51.25,15:21:51.25
83,Manam,Manam SM Cebu,3115,0.0,0.0,0,0,103836,0,12,<NA>,15:25:57.527,2025-07-02,15:25:57.527,2025-07-02,True,False,480.0,480.0,51.43,0.0,0,1,GRABFOOD,1,False,0.0,0,False,15:25:57.527,2025-07-02,0.0,False,1,0.0,GRABFOOD,0.0,0,0,-99.99,-10000000000,<NA>,0.0,0,3115,0,0,0,15:25:57.527,0.0,1,0,0.0,0,0,0,15:25:57.527,15:25:57.527
83,Manam,Manam SM Cebu,3116,0.0,0.0,45,0,103836,3,1,<NA>,14:35:06.087,2025-07-02,14:35:06.087,2025-07-02,True,False,1079.99,1079.99,80.0,-79.34,0,1,DINEIN1,1,False,66.66,0,False,14:35:06.087,2025-07-02,0.0,False,1,0.0,DINEIN1,0.0,0,0,-99.99,-10000000000,<NA>,0.0,0,3116,0,0,0,14:35:06.087,0.0,1,0,0.0,0,0,0,14:35:06.087,14:35:06.087
83,Manam,Manam SM Cebu,3117,0.0,0.0,32,0,103836,2,3,<NA>,15:00:26.867,2025-07-02,15:00:26.867,2025-07-02,True,False,830.0,830.0,88.93,-62.99,0,1,DINEIN1,1,False,0.0,0,False,15:00:26.867,2025-07-02,0.0,False,1,0.0,DINEIN1,0.0,0,0,-99.99,-10000000000,<NA>,0.0,0,3117,0,0,0,15:00:26.867,0.0,1,0,0.0,0,0,0,15:00:26.867,15:00:26.867
83,Manam,Manam SM Cebu,3118,0.0,0.0,43,0,103836,4,1,<NA>,13:21:31.067,2025-07-02,13:21:31.067,2025-07-02,True,False,3026.51,3026.51,280.4428571428571,-251.62,0,1,DINEIN1,1,False,155.81,0,False,13:21:31.067,2025-07-02,0.0,False,1,0.0,DINEIN1,0.0,0,0,-99.99,-10000000000,<NA>,0.0,0,3118,0,0,0,13:21:31.067,0.0,1,0,0.0,0,0,0,13:21:31.067,13:21:31.067
83,Manam,Manam SM Cebu,3119,0.0,0.0,0,0,103836,0,12,<NA>,15:32:22.917,2025-07-02,15:32:22.917,2025-07-02,True,False,1020.0,1020.0,109.29,0.0,0,1,GRABFOOD,1,False,0.0,0,False,15:32:22.917,2025-07-02,0.0,False,1,0.0,GRABFOOD,0.0,0,0,-99.99,-10000000000,<NA>,0.0,0,3119,0,0,0,15:32:22.917,0.0,1,0,0.0,0,0,0,15:32:22.917,15:32:22.917
83,Manam,Manam SM Cebu,3120,0.0,0.0,0,0,103836,0,12,<NA>,15:33:42.117,2025-07-02,15:33:42.117,2025-07-02,True,False,815.0,815.0,87.32,0.0,0,1,GRABFOOD,1,False,0.0,0,False,15:33:42.117,2025-07-02,0.0,False,1,0.0,GRABFOOD,0.0,0,0,-99.99,-10000000000,<NA>,0.0,0,3120,0,0,0,15:33:42.117,0.0,1,0,0.0,0,0,0,15:33:42.117,15:33:42.117
83,Manam,Manam SM Cebu,3122,0.0,0.0,28,0,103836,2,3,<NA>,14:51:51.393,2025-07-02,14:51:51.393,2025-07-02,True,False,1475.0,1475.0,158.04,-111.94,0,1,DINEIN1,1,False,0.0,0,False,14:51:51.393,2025-07-02,0.0,False,1,0.0,DINEIN1,0.0,0,0,-99.99,-10000000000,<NA>,0.0,0,3122,0,0,0,14:51:51.393,0.0,1,0,0.0,0,0,0,14:51:51.393,14:51:51.393
83,Manam,Manam SM Cebu,3123,0.0,0.0,0,0,103836,0,12,<NA>,15:41:58.26,2025-07-02,15:41:58.26,2025-07-02,True,False,645.0,645.0,69.11,0.0,0,1,GRABFOOD,1,False,0.0,0,False,15:41:58.26,2025-07-02,0.0,False,1,0.0,GRABFOOD,0.0,0,0,-99.99,-10000000000,<NA>,0.0,0,3123,0,0,0,15:41:58.26,0.0,1,0,0.0,0,0,0,15:41:58.26,15:41:58.26
83,Manam,Manam SM Cebu,3124,0.0,0.0,20,0,103836,3,1,500 LOYAL,14:43:12.3,2025-07-02,14:43:12.3,2025-07-02,True,False,1945.0,1945.0,187.51,-132.81,0,1,DINEIN1,1,False,500.0,0,False,14:43:12.3,2025-07-02,0.0,False,1,0.0,DINEIN1,0.0,0,0,-99.99,-10000000000,10342456,0.0,0,3124,0,0,0,14:43:12.3,0.0,1,0,0.0,0,0,0,14:43:12.3,14:43:12.3
83,Manam,Manam SM Cebu,3125,0.0,0.0,23,0,103836,8,3,<NA>,14:36:17.877,2025-07-02,14:36:17.877,2025-07-02,True,False,6104.47,6104.47,425.90142857142854,-446.47,0,1,DINEIN1,1,False,425.9,0,False,14:36:17.877,2025-07-02,0.0,False,1,0.0,DINEIN1,0.0,0,0,-99.99,-10000000000,<NA>,0.0,0,3125,0,0,0,14:36:17.877,0.0,1,0,0.0,0,0,0,14:36:17.877,14:36:17.877
83,Manam,Manam SM Cebu,3126,0.0,0.0,11,0,103836,8,3,<NA>,13:42:45.27,2025-07-02,13:42:45.27,2025-07-02,True,False,2170.16,2170.16,358.3857142857143,-456.95,0,1,DINEIN1,1,False,597.33,0,False,13:42:45.27,2025-07-02,0.0,False,1,0.0,DINEIN1,0.0,0,0,-99.99,-10000000000,<NA>,0.0,0,3126,0,0,0,13:42:45.27,0.0,1,0,0.0,0,0,0,13:42:45.27,13:42:45.27
83,Manam,Manam SM Cebu,3127,0.0,0.0,12,0,103836,9,3,25%LOY BD,13:42:45.27,2025-07-02,13:42:45.27,2025-07-02,True,False,2710.0,2710.0,406.61,-288.01,0,1,DINEIN1,1,False,1265.0,0,False,13:42:45.27,2025-07-02,0.0,False,1,0.0,DINEIN1,0.0,0,0,-99.99,-10000000000,10472299,0.0,0,3127,0,0,0,13:42:45.27,0.0,1,0,0.0,0,0,0,13:42:45.27,13:42:45.27
83,Manam,Manam SM Cebu,3128,0.0,0.0,21,0,103836,2,3,<NA>,15:15:45.67,2025-07-02,15:15:45.67,2025-07-02,True,False,1040.0,1040.0,111.43,-78.93,0,1,DINEIN1,1,False,0.0,0,False,15:15:45.67,2025-07-02,0.0,False,1,0.0,DINEIN1,0.0,0,0,-99.99,-10000000000,<NA>,0.0,0,3128,0,0,0,15:15:45.67,0.0,1,0,0.0,0,0,0,15:15:45.67,15:15:45.67
83,Manam,Manam SM Cebu,3129,0.0,0.0,4,0,103836,3,3,<NA>,14:38:21.067,2025-07-02,14:38:21.067,2025-07-02,True,False,1385.0,1385.0,166.08,-117.63,0,1,DINEIN1,1,False,0.0,0,False,14:38:21.067,2025-07-02,0.0,False,1,0.0,DINEIN1,0.0,0,0,-99.99,-10000000000,<NA>,0.0,0,3129,0,0,0,14:38:21.067,0.0,1,0,0.0,0,0,0,14:38:21.067,14:38:21.067
83,Manam,Manam SM Cebu,3130,0.0,0.0,0,0,103836,0,1,<NA>,15:48:13.797,2025-07-02,15:48:13.797,2025-07-02,True,False,1065.0,1065.0,114.11,0.0,0,1,TAKEOUT,1,False,0.0,0,False,15:48:13.797,2025-07-02,0.0,False,1,0.0,TAKEOUT,0.0,0,0,-99.99,-10000000000,<NA>,0.0,0,3130,0,0,0,15:48:13.797,0.0,1,0,0.0,0,0,0,15:48:13.797,15:48:13.797
83,Manam,Manam SM Cebu,3131,0.0,0.0,42,0,103836,2,3,<NA>,14:44:35.407,2025-07-02,14:44:35.407,2025-07-02,True,False,1290.0,1290.0,147.31,-104.35,0,1,DINEIN1,1,False,0.0,0,False,14:44:35.407,2025-07-02,0.0,False,1,0.0,DINEIN1,0.0,0,0,-99.99,-10000000000,<NA>,0.0,0,3131,0,0,0,14:44:35.407,0.0,1,0,0.0,0,0,0,14:44:35.407,14:44:35.407
83,Manam,Manam SM Cebu,3132,0.0,0.0,3,0,103836,2,3,<NA>,15:25:18.417,2025-07-02,15:25:18.417,2025-07-02,True,False,845.0,845.0,90.53,-64.13,0,1,DINEIN1,1,False,0.0,0,False,15:25:18.417,2025-07-02,0.0,False,1,0.0,DINEIN1,0.0,0,0,-99.99,-10000000000,<NA>,0.0,0,3132,0,0,0,15:25:18.417,0.0,1,0,0.0,0,0,0,15:25:18.417,15:25:18.417
83,Manam,Manam SM Cebu,3133,0.0,0.0,0,0,103836,0,10,<NA>,16:05:02.35,2025-07-02,16:05:02.35,2025-07-02,True,False,1430.0,1430.0,153.21,0.0,0,1,FOODPANDA,1,False,0.0,0,False,16:05:02.35,2025-07-02,0.0,False,1,0.0,FOODPANDA,0.0,0,0,-99.99,-10000000000,<NA>,0.0,0,3133,0,0,0,16:05:02.35,0.0,1,0,0.0,0,0,0,16:05:02.35,16:05:02.35
83,Manam,Manam SM Cebu,3134,0.0,0.0,31,0,103836,4,3,<NA>,15:53:10.07,2025-07-02,15:53:10.07,2025-07-02,True,False,2330.0,2330.0,249.64,-176.83,0,1,DINEIN1,1,False,0.0,0,False,15:53:10.07,2025-07-02,0.0,False,1,0.0,DINEIN1,0.0,0,0,-99.99,-10000000000,<NA>,0.0,0,3134,0,0,0,15:53:10.07,0.0,1,0,0.0,0,0,0,15:53:10.07,15:53:10.07
83,Manam,Manam SM Cebu,3135,0.0,0.0,30,0,103836,2,1,<NA>,16:06:31.283,2025-07-02,16:06:31.283,2025-07-02,True,False,1180.0,1180.0,126.43,-89.55,0,1,DINEIN1,1,False,0.0,0,False,16:06:31.283,2025-07-02,0.0,False,1,0.0,DINEIN1,0.0,0,0,-99.99,-10000000000,<NA>,0.0,0,3135,0,0,0,16:06:31.283,0.0,1,0,0.0,0,0,0,16:06:31.283,16:06:31.283
83,Manam,Manam SM Cebu,3136,0.0,0.0,50,0,103836,7,3,<NA>,15:47:47.71,2025-07-02,15:47:47.71,2025-07-02,True,False,3412.0299999999997,3412.0299999999997,121.83571428571427,-258.9,0,1,DINEIN1,1,False,507.66,0,False,15:47:47.71,2025-07-02,0.0,False,1,0.0,DINEIN1,0.0,0,0,-99.99,-10000000000,<NA>,0.0,0,3136,0,0,0,15:47:47.71,0.0,1,0,0.0,0,0,0,15:47:47.71,15:47:47.71
83,Manam,Manam SM Cebu,3137,0.0,0.0,34,0,103836,3,3,<NA>,15:27:00.75,2025-07-02,15:27:00.75,2025-07-02,True,False,2053.93,2053.93,152.14,-150.88,0,1,DINEIN1,1,False,126.79,0,False,15:27:00.75,2025-07-02,0.0,False,1,0.0,DINEIN1,0.0,0,0,-99.99,-10000000000,<NA>,0.0,0,3137,0,0,0,15:27:00.75,0.0,1,0,0.0,0,0,0,15:27:00.75,15:27:00.75
83,Manam,Manam SM Cebu,3138,0.0,0.0,33,0,103836,2,3,<NA>,16:00:22.467,2025-07-02,16:00:22.467,2025-07-02,True,False,1060.0,1060.0,131.25,-92.97,0,1,DINEIN1,1,False,0.0,0,False,16:00:22.467,2025-07-02,0.0,False,1,0.0,DINEIN1,0.0,0,0,-99.99,-10000000000,<NA>,0.0,0,3138,0,0,0,16:00:22.467,0.0,1,0,0.0,0,0,0,16:00:22.467,16:00:22.467
83,Manam,Manam SM Cebu,3139,0.0,0.0,0,0,108024,0,3,<NA>,16:43:43.083,2025-07-02,16:43:43.083,2025-07-02,True,False,340.0,340.0,36.43,0.0,0,1,TAKEOUT,1,False,0.0,0,False,16:43:43.083,2025-07-02,0.0,False,1,0.0,TAKEOUT,0.0,0,0,-99.99,-10000000000,<NA>,0.0,0,3139,0,0,0,16:43:43.083,0.0,1,0,0.0,0,0,0,16:43:43.083,16:43:43.083
83,Manam,Manam SM Cebu,3140,0.0,0.0,0,0,103836,0,12,<NA>,16:53:00.453,2025-07-02,16:53:00.453,2025-07-02,True,False,806.0,806.0,86.36,0.0,0,1,GRABFOOD,1,False,0.0,0,False,16:53:00.453,2025-07-02,0.0,False,1,0.0,GRABFOOD,0.0,0,0,-99.99,-10000000000,<NA>,0.0,0,3140,0,0,0,16:53:00.453,0.0,1,0,0.0,0,0,0,16:53:00.453,16:53:00.453
83,Manam,Manam SM Cebu,3141,0.0,0.0,0,0,103836,0,12,<NA>,16:58:36.18,2025-07-02,16:58:36.18,2025-07-02,True,False,1006.0,1006.0,107.79,0.0,0,1,GRABFOOD,1,False,0.0,0,False,16:58:36.18,2025-07-02,0.0,False,1,0.0,GRABFOOD,0.0,0,0,-99.99,-10000000000,<NA>,0.0,0,3141,0,0,0,16:58:36.18,0.0,1,0,0.0,0,0,0,16:58:36.18,16:58:36.18
83,Manam,Manam SM Cebu,3142,0.0,0.0,45,0,103836,2,1,<NA>,16:18:39.767,2025-07-02,16:18:39.767,2025-07-02,True,False,1165.0,1165.0,166.08,-117.63,0,1,DINEIN1,1,False,0.0,0,False,16:18:39.767,2025-07-02,0.0,False,1,0.0,DINEIN1,0.0,0,0,-99.99,-10000000000,<NA>,0.0,0,3142,0,0,0,16:18:39.767,0.0,1,0,0.0,0,0,0,16:18:39.767,16:18:39.767
83,Manam,Manam SM Cebu,3143,0.0,0.0,0,0,103836,0,12,<NA>,17:02:35.497,2025-07-02,17:02:35.497,2025-07-02,True,False,450.0,450.0,48.21,0.0,0,1,GRABFOOD,1,False,0.0,0,False,17:02:35.497,2025-07-02,0.0,False,1,0.0,GRABFOOD,0.0,0,0,-99.99,-10000000000,<NA>,0.0,0,3143,0,0,0,17:02:35.497,0.0,1,0,0.0,0,0,0,17:02:35.497,17:02:35.497
83,Manam,Manam SM Cebu,3144,0.0,0.0,0,0,103836,0,12,<NA>,17:03:52.49,2025-07-02,17:03:52.49,2025-07-02,True,False,630.0,630.0,67.5,0.0,0,1,GRABFOOD,1,False,0.0,0,False,17:03:52.49,2025-07-02,0.0,False,1,0.0,GRABFOOD,0.0,0,0,-99.99,-10000000000,<NA>,0.0,0,3144,0,0,0,17:03:52.49,0.0,1,0,0.0,0,0,0,17:03:52.49,17:03:52.49
83,Manam,Manam SM Cebu,3145,0.0,0.0,0,0,103836,0,12,<NA>,17:06:12.853,2025-07-02,17:06:12.853,2025-07-02,True,False,818.0,818.0,87.64,0.0,0,1,GRABFOOD,1,False,0.0,0,False,17:06:12.853,2025-07-02,0.0,False,1,0.0,GRABFOOD,0.0,0,0,-99.99,-10000000000,<NA>,0.0,0,3145,0,0,0,17:06:12.853,0.0,1,0,0.0,0,0,0,17:06:12.853,17:06:12.853
83,Manam,Manam SM Cebu,3146,0.0,0.0,43,0,103836,4,3,<NA>,16:20:42.217,2025-07-02,16:20:42.217,2025-07-02,True,False,2400.0,2400.0,257.15,-182.14,0,1,DINEIN1,1,False,0.0,0,False,16:20:42.217,2025-07-02,0.0,False,1,0.0,DINEIN1,0.0,0,0,-99.99,-10000000000,<NA>,0.0,0,3146,0,0,0,16:20:42.217,0.0,1,0,0.0,0,0,0,16:20:42.217,16:20:42.217
83,Manam,Manam SM Cebu,3147,0.0,0.0,0,0,103836,0,1,<NA>,16:00:33.817,2025-07-02,16:00:33.817,2025-07-02,True,False,0.0,0.0,0.0,0.0,0,1,ZR-PR,1,False,0.0,0,False,16:00:33.817,2025-07-02,0.0,False,1,0.0,ZR-PR,0.0,0,0,-99.99,-10000000000,<NA>,0.0,0,3147,0,0,0,16:00:33.817,0.0,1,0,0.0,0,0,0,16:00:33.817,16:00:33.817
83,Manam,Manam SM Cebu,3148,0.0,0.0,0,0,103836,0,1,<NA>,12:46:05.227,2025-07-02,12:46:05.227,2025-07-02,True,False,0.0,0.0,0.0,0.0,0,1,ZR-PR,1,False,0.0,0,False,12:46:05.227,2025-07-02,0.0,False,1,0.0,ZR-PR,0.0,0,0,-99.99,-10000000000,<NA>,0.0,0,3148,0,0,0,12:46:05.227,0.0,1,0,0.0,0,0,0,12:46:05.227,12:46:05.227
83,Manam,Manam SM Cebu,3149,0.0,0.0,27,0,103836,2,3,<NA>,16:11:28.197,2025-07-02,16:11:28.197,2025-07-02,True,False,1540.0,1540.0,165.0,-116.88,0,1,DINEIN1,1,False,0.0,0,False,16:11:28.197,2025-07-02,0.0,False,1,0.0,DINEIN1,0.0,0,0,-99.99,-10000000000,<NA>,0.0,0,3149,0,0,0,16:11:28.197,0.0,1,0,0.0,0,0,0,16:11:28.197,16:11:28.197
83,Manam,Manam SM Cebu,3150,0.0,0.0,28,0,103836,3,1,<NA>,16:27:10.91,2025-07-02,16:27:10.91,2025-07-02,True,False,1462.49,1462.49,56.25,-103.59,0,1,DINEIN1,1,False,187.49,0,False,16:27:10.91,2025-07-02,0.0,False,1,0.0,DINEIN1,0.0,0,0,-99.99,-10000000000,<NA>,0.0,0,3150,0,0,0,16:27:10.91,0.0,1,0,0.0,0,0,0,16:27:10.91,16:27:10.91
83,Manam,Manam SM Cebu,3151,0.0,0.0,20,0,103836,3,3,<NA>,16:48:01.593,2025-07-02,16:48:01.593,2025-07-02,True,False,883.92,883.92,0.0,-60.11,0,1,DINEIN1,1,False,176.79,0,False,16:48:01.593,2025-07-02,0.0,False,1,0.0,DINEIN1,0.0,0,0,-99.99,-10000000000,<NA>,0.0,0,3151,0,0,0,16:48:01.593,0.0,1,0,0.0,0,0,0,16:48:01.593,16:48:01.593
83,Manam,Manam SM Cebu,3152,0.0,0.0,4,0,103836,5,3,<NA>,16:22:11.287,2025-07-02,16:22:11.287,2025-07-02,True,False,3605.0,3605.0,386.25,-273.59,0,1,DINEIN1,1,False,0.0,0,False,16:22:11.287,2025-07-02,0.0,False,1,0.0,DINEIN1,0.0,0,0,-99.99,-10000000000,<NA>,0.0,0,3152,0,0,0,16:22:11.287,0.0,1,0,0.0,0,0,0,16:22:11.287,16:22:11.287
83,Manam,Manam SM Cebu,3153,0.0,0.0,40,0,103836,6,3,<NA>,16:25:25.01,2025-07-02,16:25:25.01,2025-07-02,True,False,4842.67,4842.67,293.56428571428575,-374.31,0,1,DINEIN1,1,False,489.29,0,False,16:25:25.01,2025-07-02,0.0,False,1,0.0,DINEIN1,0.0,0,0,-99.99,-10000000000,<NA>,0.0,0,3153,0,0,0,16:25:25.01,0.0,1,0,0.0,0,0,0,16:25:25.01,16:25:25.01
83,Manam,Manam SM Cebu,3154,0.0,0.0,51,0,103836,2,1,<NA>,16:51:15.79,2025-07-02,16:51:15.79,2025-07-02,True,False,1015.0,1015.0,108.74,-77.03,0,1,DINEIN1,1,False,0.0,0,False,16:51:15.79,2025-07-02,0.0,False,1,0.0,DINEIN1,0.0,0,0,-99.99,-10000000000,<NA>,0.0,0,3154,0,0,0,16:51:15.79,0.0,1,0,0.0,0,0,0,16:51:15.79,16:51:15.79
83,Manam,Manam SM Cebu,3155,0.0,0.0,21,0,103836,3,3,<NA>,16:27:52.65,2025-07-02,16:27:52.65,2025-07-02,True,False,1135.0,1135.0,121.61,-86.14,0,1,DINEIN1,1,False,0.0,0,False,16:27:52.65,2025-07-02,0.0,False,1,0.0,DINEIN1,0.0,0,0,-99.99,-10000000000,<NA>,0.0,0,3155,0,0,0,16:27:52.65,0.0,1,0,0.0,0,0,0,16:27:52.65,16:27:52.65
83,Manam,Manam SM Cebu,3156,0.0,0.0,3,0,103836,2,3,<NA>,16:34:02.643,2025-07-02,16:34:02.643,2025-07-02,True,False,1605.0,1605.0,171.97,-121.81,0,1,DINEIN1,1,False,0.0,0,False,16:34:02.643,2025-07-02,0.0,False,1,0.0,DINEIN1,0.0,0,0,-99.99,-10000000000,<NA>,0.0,0,3156,0,0,0,16:34:02.643,0.0,1,0,0.0,0,0,0,16:34:02.643,16:34:02.643
83,Manam,Manam SM Cebu,3157,0.0,0.0,23,0,103836,6,1,<NA>,16:40:14.507,2025-07-02,16:40:14.507,2025-07-02,True,False,2635.0,2635.0,313.4,-221.99,0,1,DINEIN1,1,False,0.0,0,False,16:40:14.507,2025-07-02,0.0,False,1,0.0,DINEIN1,0.0,0,0,-99.99,-10000000000,<NA>,0.0,0,3157,0,0,0,16:40:14.507,0.0,1,0,0.0,0,0,0,16:40:14.507,16:40:14.507
83,Manam,Manam SM Cebu,3158,0.0,0.0,19,0,103836,10,3,<NA>,16:37:16.65,2025-07-02,16:37:16.65,2025-07-02,True,False,3240.0,3240.0,415.17,-294.08,0,1,DINEIN1,1,False,0.0,0,False,16:37:16.65,2025-07-02,0.0,False,1,0.0,DINEIN1,0.0,0,0,-99.99,-10000000000,<NA>,0.0,0,3158,0,0,0,16:37:16.65,0.0,1,0,0.0,0,0,0,16:37:16.65,16:37:16.65
83,Manam,Manam SM Cebu,3159,0.0,0.0,0,0,103836,0,17,<NA>,17:42:22.563,2025-07-02,17:42:22.563,2025-07-02,True,False,500.0,500.0,53.57,0.0,0,1,SMONLINE,1,False,0.0,0,False,17:42:22.563,2025-07-02,0.0,False,1,0.0,SMONLINE,0.0,0,0,-99.99,-10000000000,<NA>,0.0,0,3159,0,0,0,17:42:22.563,0.0,1,0,0.0,0,0,0,17:42:22.563,17:42:22.563
83,Manam,Manam SM Cebu,3160,0.0,0.0,0,0,103836,0,10,<NA>,17:47:19.257,2025-07-02,17:47:19.257,2025-07-02,True,False,1395.0,1395.0,149.47,0.0,0,1,FOODPANDA,1,False,0.0,0,False,17:47:19.257,2025-07-02,0.0,False,1,0.0,FOODPANDA,0.0,0,0,-99.99,-10000000000,<NA>,0.0,0,3160,0,0,0,17:47:19.257,0.0,1,0,0.0,0,0,0,17:47:19.257,17:47:19.257
83,Manam,Manam SM Cebu,3161,0.0,0.0,2,0,103836,2,3,<NA>,16:44:03.617,2025-07-02,16:44:03.617,2025-07-02,True,False,2035.0,2035.0,218.04,-154.44,0,1,DINEIN1,1,False,0.0,0,False,16:44:03.617,2025-07-02,0.0,False,1,0.0,DINEIN1,0.0,0,0,-99.99,-10000000000,<NA>,0.0,0,3161,0,0,0,16:44:03.617,0.0,1,0,0.0,0,0,0,16:44:03.617,16:44:03.617
83,Manam,Manam SM Cebu,3162,0.0,0.0,0,0,103836,0,12,<NA>,17:55:42.837,2025-07-02,17:55:42.837,2025-07-02,True,False,1005.0,1005.0,107.68,0.0,0,1,GRABFOOD,1,False,0.0,0,False,17:55:42.837,2025-07-02,0.0,False,1,0.0,GRABFOOD,0.0,0,0,-99.99,-10000000000,<NA>,0.0,0,3162,0,0,0,17:55:42.837,0.0,1,0,0.0,0,0,0,17:55:42.837,17:55:42.837
83,Manam,Manam SM Cebu,3163,0.0,0.0,0,0,103836,0,12,<NA>,17:56:00.767,2025-07-02,17:56:00.767,2025-07-02,True,False,796.0,796.0,85.29,0.0,0,1,GRABFOOD,1,False,0.0,0,False,17:56:00.767,2025-07-02,0.0,False,1,0.0,GRABFOOD,0.0,0,0,-99.99,-10000000000,<NA>,0.0,0,3163,0,0,0,17:56:00.767,0.0,1,0,0.0,0,0,0,17:56:00.767,17:56:00.767
83,Manam,Manam SM Cebu,3164,0.0,0.0,0,0,103836,0,12,<NA>,17:59:24.027,2025-07-02,17:59:24.027,2025-07-02,True,False,690.0,690.0,73.93,0.0,0,1,GRABFOOD,1,False,0.0,0,False,17:59:24.027,2025-07-02,0.0,False,1,0.0,GRABFOOD,0.0,0,0,-99.99,-10000000000,<NA>,0.0,0,3164,0,0,0,17:59:24.027,0.0,1,0,0.0,0,0,0,17:59:24.027,17:59:24.027
83,Manam,Manam SM Cebu,3165,0.0,0.0,1,0,103836,2,3,<NA>,15:23:09.957,2025-07-02,15:23:09.957,2025-07-02,True,False,735.0,735.0,78.75,-55.78,0,1,DINEIN1,1,False,0.0,0,False,15:23:09.957,2025-07-02,0.0,False,1,0.0,DINEIN1,0.0,0,0,-99.99,-10000000000,<NA>,0.0,0,3165,0,0,0,15:23:09.957,0.0,1,0,0.0,0,0,0,15:23:09.957,15:23:09.957
83,Manam,Manam SM Cebu,3166,0.0,0.0,52,0,103836,2,1,<NA>,16:57:32.48,2025-07-02,16:57:32.48,2025-07-02,True,False,776.78,776.78,0.0,-52.82,0,1,DINEIN1,1,False,155.35,0,False,16:57:32.48,2025-07-02,0.0,False,1,0.0,DINEIN1,0.0,0,0,-99.99,-10000000000,<NA>,0.0,0,3166,0,0,0,16:57:32.48,0.0,1,0,0.0,0,0,0,16:57:32.48,16:57:32.48
83,Manam,Manam SM Cebu,3167,0.0,0.0,20,0,103836,3,3,<NA>,17:24:01.913,2025-07-02,17:24:01.913,2025-07-02,True,False,1550.0,1550.0,177.86,-125.98,0,1,DINEIN1,1,False,0.0,0,False,17:24:01.913,2025-07-02,0.0,False,1,0.0,DINEIN1,0.0,0,0,-99.99,-10000000000,<NA>,0.0,0,3167,0,0,0,17:24:01.913,0.0,1,0,0.0,0,0,0,17:24:01.913,17:24:01.913
83,Manam,Manam SM Cebu,3168,0.0,0.0,33,0,103836,6,3,<NA>,17:04:10.997,2025-07-02,17:04:10.997,2025-07-02,True,False,4144.65,4144.65,376.79,-309.59,0,1,DINEIN1,1,False,125.6,0,False,17:04:10.997,2025-07-02,0.0,False,1,0.0,DINEIN1,0.0,0,0,-99.99,-10000000000,<NA>,0.0,0,3168,0,0,0,17:04:10.997,0.0,1,0,0.0,0,0,0,17:04:10.997,17:04:10.997
83,Manam,Manam SM Cebu,3169,0.0,0.0,31,0,103836,3,3,<NA>,17:09:53.557,2025-07-02,17:09:53.557,2025-07-02,True,False,1765.0,1765.0,189.11,-133.95,0,1,DINEIN1,1,False,0.0,0,False,17:09:53.557,2025-07-02,0.0,False,1,0.0,DINEIN1,0.0,0,0,-99.99,-10000000000,<NA>,0.0,0,3169,0,0,0,17:09:53.557,0.0,1,0,0.0,0,0,0,17:09:53.557,17:09:53.557
83,Manam,Manam SM Cebu,3170,0.0,0.0,7,0,103836,7,1,<NA>,17:18:34.557,2025-07-02,17:18:34.557,2025-07-02,True,False,3916.21,3916.21,334.44142857142856,-312.7,0,1,DINEIN1,1,False,222.95,0,False,17:18:34.557,2025-07-02,0.0,False,1,0.0,DINEIN1,0.0,0,0,-99.99,-10000000000,<NA>,0.0,0,3170,0,0,0,17:18:34.557,0.0,1,0,0.0,0,0,0,17:18:34.557,17:18:34.557
83,Manam,Manam SM Cebu,3171,0.0,0.0,28,0,103836,2,3,<NA>,17:36:26.647,2025-07-02,17:36:26.647,2025-07-02,True,False,1135.71,1135.71,64.28714285714285,-81.97,0,1,DINEIN1,1,False,107.14,0,False,17:36:26.647,2025-07-02,0.0,False,1,0.0,DINEIN1,0.0,0,0,-99.99,-10000000000,<NA>,0.0,0,3171,0,0,0,17:36:26.647,0.0,1,0,0.0,0,0,0,17:36:26.647,17:36:26.647
83,Manam,Manam SM Cebu,3172,0.0,0.0,50,0,103836,10,3,<NA>,17:12:40.197,2025-07-02,17:12:40.197,2025-07-02,True,False,4750.0,4750.0,578.04,-409.44,0,1,DINEIN1,1,False,0.0,0,False,17:12:40.197,2025-07-02,0.0,False,1,0.0,DINEIN1,0.0,0,0,-99.99,-10000000000,<NA>,0.0,0,3172,0,0,0,17:12:40.197,0.0,1,0,0.0,0,0,0,17:12:40.197,17:12:40.197
83,Manam,Manam SM Cebu,3173,0.0,0.0,10,0,103836,9,3,<NA>,16:49:31.393,2025-07-02,16:49:31.393,2025-07-02,True,False,3290.0,3290.0,571.06,-404.51,0,1,DINEIN1,1,False,0.0,0,False,16:49:31.393,2025-07-02,0.0,False,1,0.0,DINEIN1,0.0,0,0,-99.99,-10000000000,<NA>,0.0,0,3173,0,0,0,16:49:31.393,0.0,1,0,0.0,0,0,0,16:49:31.393,16:49:31.393
83,Manam,Manam SM Cebu,3174,0.0,0.0,4,0,103836,5,1,<NA>,17:47:23.953,2025-07-02,17:47:23.953,2025-07-02,True,False,3592.1,3592.1,328.7085714285714,-279.41,0,1,DINEIN1,1,False,136.97,0,False,17:47:23.953,2025-07-02,0.0,False,1,0.0,DINEIN1,0.0,0,0,-99.99,-10000000000,<NA>,0.0,0,3174,0,0,0,17:47:23.953,0.0,1,0,0.0,0,0,0,17:47:23.953,17:47:23.953
83,Manam,Manam SM Cebu,3175,0.0,0.0,26,0,103836,3,1,<NA>,17:38:34.697,2025-07-02,17:38:34.697,2025-07-02,True,False,2995.0,2995.0,339.11,-240.2,0,1,DINEIN1,1,False,0.0,0,False,17:38:34.697,2025-07-02,0.0,False,1,0.0,DINEIN1,0.0,0,0,-99.99,-10000000000,<NA>,0.0,0,3175,0,0,0,17:38:34.697,0.0,1,0,0.0,0,0,0,17:38:34.697,17:38:34.697
83,Manam,Manam SM Cebu,3176,0.0,0.0,43,0,103836,9,1,<NA>,17:43:41.893,2025-07-02,17:43:41.893,2025-07-02,True,False,5075.0,5075.0,910.7,-645.09,0,1,DINEIN1,1,False,0.0,0,False,17:43:41.893,2025-07-02,0.0,False,1,0.0,DINEIN1,0.0,0,0,-99.99,-10000000000,<NA>,0.0,0,3176,0,0,0,17:43:41.893,0.0,1,0,0.0,0,0,0,17:43:41.893,17:43:41.893
83,Manam,Manam SM Cebu,3177,0.0,0.0,20,0,103836,2,1,<NA>,17:58:21.903,2025-07-02,17:58:21.903,2025-07-02,True,False,1230.0,1230.0,147.85,-104.73,0,1,DINEIN1,1,False,0.0,0,False,17:58:21.903,2025-07-02,0.0,False,1,0.0,DINEIN1,0.0,0,0,-99.99,-10000000000,<NA>,0.0,0,3177,0,0,0,17:58:21.903,0.0,1,0,0.0,0,0,0,17:58:21.903,17:58:21.903
83,Manam,Manam SM Cebu,3178,0.0,0.0,28,0,103836,2,1,<NA>,18:25:19.593,2025-07-02,18:25:19.593,2025-07-02,True,False,1156.24,1156.24,0.0,-78.63,0,1,DINEIN1,1,False,231.24,0,False,18:25:19.593,2025-07-02,0.0,False,1,0.0,DINEIN1,0.0,0,0,-99.99,-10000000000,<NA>,0.0,0,3178,0,0,0,18:25:19.593,0.0,1,0,0.0,0,0,0,18:25:19.593,18:25:19.593
83,Manam,Manam SM Cebu,3179,0.0,0.0,23,0,103836,5,3,<NA>,18:01:39.737,2025-07-02,18:01:39.737,2025-07-02,True,False,2771.75,2771.75,273.00714285714287,-232.05,0,1,DINEIN1,1,False,113.75,0,False,18:01:39.737,2025-07-02,0.0,False,1,0.0,DINEIN1,0.0,0,0,-99.99,-10000000000,<NA>,0.0,0,3179,0,0,0,18:01:39.737,0.0,1,0,0.0,0,0,0,18:01:39.737,18:01:39.737
83,Manam,Manam SM Cebu,3180,0.0,0.0,0,0,103836,0,12,<NA>,19:00:53.57,2025-07-02,19:00:53.57,2025-07-02,True,False,1967.0,1967.0,249.11,0.0,0,1,GRABFOOD,1,False,0.0,0,False,19:00:53.57,2025-07-02,0.0,False,1,0.0,GRABFOOD,0.0,0,0,-99.99,-10000000000,<NA>,0.0,0,3180,0,0,0,19:00:53.57,0.0,1,0,0.0,0,0,0,19:00:53.57,19:00:53.57
83,Manam,Manam SM Cebu,3181,0.0,0.0,0,0,103836,0,12,<NA>,19:07:11.41,2025-07-02,19:07:11.41,2025-07-02,True,False,433.0,433.0,46.39,0.0,0,1,GRABFOOD,1,False,0.0,0,False,19:07:11.41,2025-07-02,0.0,False,1,0.0,GRABFOOD,0.0,0,0,-99.99,-10000000000,<NA>,0.0,0,3181,0,0,0,19:07:11.41,0.0,1,0,0.0,0,0,0,19:07:11.41,19:07:11.41
83,Manam,Manam SM Cebu,3182,0.0,0.0,0,0,103836,0,12,<NA>,19:08:00.09,2025-07-02,19:08:00.09,2025-07-02,True,False,1100.0,1100.0,176.79,0.0,0,1,GRABFOOD,1,False,0.0,0,False,19:08:00.09,2025-07-02,0.0,False,1,0.0,GRABFOOD,0.0,0,0,-99.99,-10000000000,<NA>,0.0,0,3182,0,0,0,19:08:00.09,0.0,1,0,0.0,0,0,0,19:08:00.09,19:08:00.09
83,Manam,Manam SM Cebu,3183,0.0,0.0,21,0,103836,2,1,<NA>,17:59:24.52,2025-07-02,17:59:24.52,2025-07-02,True,False,1345.0,1345.0,144.1,-102.08,0,1,DINEIN1,1,False,0.0,0,False,17:59:24.52,2025-07-02,0.0,False,1,0.0,DINEIN1,0.0,0,0,-99.99,-10000000000,<NA>,0.0,0,3183,0,0,0,17:59:24.52,0.0,1,0,0.0,0,0,0,17:59:24.52,17:59:24.52
83,Manam,Manam SM Cebu,3184,0.0,0.0,0,0,103836,0,10,<NA>,19:14:34.637,2025-07-02,19:14:34.637,2025-07-02,True,False,268.0,268.0,28.71,0.0,0,1,FOODPANDA,1,False,0.0,0,False,19:14:34.637,2025-07-02,0.0,False,1,0.0,FOODPANDA,0.0,0,0,-99.99,-10000000000,<NA>,0.0,0,3184,0,0,0,19:14:34.637,0.0,1,0,0.0,0,0,0,19:14:34.637,19:14:34.637
83,Manam,Manam SM Cebu,3185,0.0,0.0,7,0,103836,5,3,<NA>,18:23:28.377,2025-07-02,18:23:28.377,2025-07-02,True,False,3571.7799999999997,3571.7799999999997,312.85285714285715,-265.93,0,1,DINEIN1,1,False,130.36,0,False,18:23:28.377,2025-07-02,0.0,False,1,0.0,DINEIN1,0.0,0,0,-99.99,-10000000000,<NA>,0.0,0,3185,0,0,0,18:23:28.377,0.0,1,0,0.0,0,0,0,18:23:28.377,18:23:28.377
83,Manam,Manam SM Cebu,3186,0.0,0.0,45,0,103836,4,3,<NA>,18:19:05.357,2025-07-02,18:19:05.357,2025-07-02,True,False,3237.14,3237.14,94.28857142857143,-227.08,0,1,DINEIN1,1,False,471.43,0,False,18:19:05.357,2025-07-02,0.0,False,1,0.0,DINEIN1,0.0,0,0,-99.99,-10000000000,<NA>,0.0,0,3186,0,0,0,18:19:05.357,0.0,1,0,0.0,0,0,0,18:19:05.357,18:19:05.357
83,Manam,Manam SM Cebu,3187,0.0,0.0,1,0,103836,4,1,<NA>,18:12:12.397,2025-07-02,18:12:12.397,2025-07-02,True,False,3777.99,3777.99,321.0414285714286,-288.03,0,1,DINEIN1,1,False,178.35,0,False,18:12:12.397,2025-07-02,0.0,False,1,0.0,DINEIN1,0.0,0,0,-99.99,-10000000000,<NA>,0.0,0,3187,0,0,0,18:12:12.397,0.0,1,0,0.0,0,0,0,18:12:12.397,18:12:12.397
83,Manam,Manam SM Cebu,3188,0.0,0.0,19,0,103836,5,1,<NA>,18:03:48.137,2025-07-02,18:03:48.137,2025-07-02,True,False,5865.0,5865.0,681.96,-483.06,0,1,DINEIN1,1,False,0.0,0,False,18:03:48.137,2025-07-02,0.0,False,1,0.0,DINEIN1,0.0,0,0,-99.99,-10000000000,<NA>,0.0,0,3188,0,0,0,18:03:48.137,0.0,1,0,0.0,0,0,0,18:03:48.137,18:03:48.137
83,Manam,Manam SM Cebu,3189,0.0,0.0,51,0,103836,7,3,<NA>,18:15:01.323,2025-07-02,18:15:01.323,2025-07-02,True,False,3421.81,3421.81,319.13,-256.19,0,1,DINEIN1,1,False,88.65,0,False,18:15:01.323,2025-07-02,0.0,False,1,0.0,DINEIN1,0.0,0,0,-99.99,-10000000000,<NA>,0.0,0,3189,0,0,0,18:15:01.323,0.0,1,0,0.0,0,0,0,18:15:01.323,18:15:01.323
83,Manam,Manam SM Cebu,3190,0.0,0.0,35,0,103836,2,1,<NA>,19:12:23.923,2025-07-02,19:12:23.923,2025-07-02,True,False,526.79,526.79,0.0,-35.82,0,1,DINEIN1,1,False,105.35,0,False,19:12:23.923,2025-07-02,0.0,False,1,0.0,DINEIN1,0.0,0,0,-99.99,-10000000000,<NA>,0.0,0,3190,0,0,0,19:12:23.923,0.0,1,0,0.0,0,0,0,19:12:23.923,19:12:23.923
83,Manam,Manam SM Cebu,3191,0.0,0.0,28,0,103836,3,3,<NA>,19:03:25.577,2025-07-02,19:03:25.577,2025-07-02,True,False,1417.5,1417.5,58.74142857142857,-108.2,0,1,DINEIN1,1,False,195.84,0,False,19:03:25.577,2025-07-02,0.0,False,1,0.0,DINEIN1,0.0,0,0,-99.99,-10000000000,<NA>,0.0,0,3191,0,0,0,19:03:25.577,0.0,1,0,0.0,0,0,0,19:03:25.577,19:03:25.577
83,Manam,Manam SM Cebu,3192,0.0,0.0,4,0,103836,6,3,<NA>,18:45:31.387,2025-07-02,18:45:31.387,2025-07-02,True,False,2165.0,2165.0,249.11,-176.45,0,1,DINEIN1,1,False,0.0,0,False,18:45:31.387,2025-07-02,0.0,False,1,0.0,DINEIN1,0.0,0,0,-99.99,-10000000000,<NA>,0.0,0,3192,0,0,0,18:45:31.387,0.0,1,0,0.0,0,0,0,18:45:31.387,18:45:31.387
83,Manam,Manam SM Cebu,3193,0.0,0.0,0,0,103836,0,15,<NA>,19:49:31.47,2025-07-02,19:49:31.47,2025-07-02,True,False,215.0,215.0,23.04,-70.0,0,1,MOFO,1,False,0.0,0,False,19:49:31.47,2025-07-02,0.0,False,1,0.0,MOFO,0.0,0,0,-99.99,-10000000000,<NA>,0.0,0,3193,0,0,0,19:49:31.47,0.0,1,0,0.0,0,0,0,19:49:31.47,19:49:31.47
83,Manam,Manam SM Cebu,3194,0.0,0.0,20,0,103836,2,1,<NA>,19:02:29.823,2025-07-02,19:02:29.823,2025-07-02,True,False,1367.5900000000001,1367.5900000000001,77.41,-98.7,0,1,DINEIN1,1,False,129.02,0,False,19:02:29.823,2025-07-02,0.0,False,1,0.0,DINEIN1,0.0,0,0,-99.99,-10000000000,<NA>,0.0,0,3194,0,0,0,19:02:29.823,0.0,1,0,0.0,0,0,0,19:02:29.823,19:02:29.823
83,Manam,Manam SM Cebu,3195,0.0,0.0,50,0,103836,6,3,<NA>,18:40:07.75,2025-07-02,18:40:07.75,2025-07-02,True,False,3270.98,3270.98,320.31142857142856,-263.01,0,1,DINEIN1,1,False,106.7,0,False,18:40:07.75,2025-07-02,0.0,False,1,0.0,DINEIN1,0.0,0,0,-99.99,-10000000000,<NA>,0.0,0,3195,0,0,0,18:40:07.75,0.0,1,0,0.0,0,0,0,18:40:07.75,18:40:07.75
83,Manam,Manam SM Cebu,3196,0.0,0.0,27,0,103836,2,3,<NA>,19:16:52.163,2025-07-02,19:16:52.163,2025-07-02,True,False,925.0,925.0,99.11,-70.2,0,1,DINEIN1,1,False,0.0,0,False,19:16:52.163,2025-07-02,0.0,False,1,0.0,DINEIN1,0.0,0,0,-99.99,-10000000000,<NA>,0.0,0,3196,0,0,0,19:16:52.163,0.0,1,0,0.0,0,0,0,19:16:52.163,19:16:52.163
83,Manam,Manam SM Cebu,3197,0.0,0.0,12,0,103836,17,1,<NA>,18:37:15.41,2025-07-02,18:37:15.41,2025-07-02,True,False,6034.139999999999,6034.139999999999,506.1742857142857,-514.56,0,1,DINEIN1,1,False,459.78,0,False,18:37:15.41,2025-07-02,0.0,False,1,0.0,DINEIN1,0.0,0,0,-99.99,-10000000000,<NA>,0.0,0,3197,0,0,0,18:37:15.41,0.0,1,0,0.0,0,0,0,18:37:15.41,18:37:15.41
83,Manam,Manam SM Cebu,3198,0.0,0.0,23,0,103836,6,1,<NA>,19:05:24.84,2025-07-02,19:05:24.84,2025-07-02,True,False,3384.64,3384.64,250.72,-248.63,0,1,DINEIN1,1,False,208.93,0,False,19:05:24.84,2025-07-02,0.0,False,1,0.0,DINEIN1,0.0,0,0,-99.99,-10000000000,<NA>,0.0,0,3198,0,0,0,19:05:24.84,0.0,1,0,0.0,0,0,0,19:05:24.84,19:05:24.84
83,Manam,Manam SM Cebu,3199,0.0,0.0,40,0,103836,8,1,<NA>,18:55:24.507,2025-07-02,18:55:24.507,2025-07-02,True,False,5025.0,5025.0,649.29,-459.91,0,1,DINEIN1,1,False,0.0,0,False,18:55:24.507,2025-07-02,0.0,False,1,0.0,DINEIN1,0.0,0,0,-99.99,-10000000000,<NA>,0.0,0,3199,0,0,0,18:55:24.507,0.0,1,0,0.0,0,0,0,18:55:24.507,18:55:24.507
83,Manam,Manam SM Cebu,3200,0.0,0.0,21,0,103836,2,3,<NA>,19:22:50.85,2025-07-02,19:22:50.85,2025-07-02,True,False,1100.0,1100.0,117.86,-83.48,0,1,DINEIN1,1,False,0.0,0,False,19:22:50.85,2025-07-02,0.0,False,1,0.0,DINEIN1,0.0,0,0,-99.99,-10000000000,<NA>,0.0,0,3200,0,0,0,19:22:50.85,0.0,1,0,0.0,0,0,0,19:22:50.85,19:22:50.85
83,Manam,Manam SM Cebu,3201,0.0,0.0,8,0,103836,7,3,<NA>,19:09:43.04,2025-07-02,19:09:43.04,2025-07-02,True,False,2952.45,2952.45,144.4142857142857,-211.4,0,1,DINEIN1,1,False,320.92,0,False,19:09:43.04,2025-07-02,0.0,False,1,0.0,DINEIN1,0.0,0,0,-99.99,-10000000000,<NA>,0.0,0,3201,0,0,0,19:09:43.04,0.0,1,0,0.0,0,0,0,19:09:43.04,19:09:43.04
83,Manam,Manam SM Cebu,3202,0.0,0.0,0,0,103836,0,12,<NA>,20:15:34.837,2025-07-02,20:15:34.837,2025-07-02,True,False,875.0,875.0,211.61,0.0,0,1,GRABFOOD,1,False,0.0,0,False,20:15:34.837,2025-07-02,0.0,False,1,0.0,GRABFOOD,0.0,0,0,-99.99,-10000000000,<NA>,0.0,0,3202,0,0,0,20:15:34.837,0.0,1,0,0.0,0,0,0,20:15:34.837,20:15:34.837
83,Manam,Manam SM Cebu,3203,0.0,0.0,0,0,103836,0,12,<NA>,20:19:43.79,2025-07-02,20:19:43.79,2025-07-02,True,False,268.0,268.0,57.43,0.0,0,1,GRABFOOD,1,False,0.0,0,False,20:19:43.79,2025-07-02,0.0,False,1,0.0,GRABFOOD,0.0,0,0,-99.99,-10000000000,<NA>,0.0,0,3203,0,0,0,20:19:43.79,0.0,1,0,0.0,0,0,0,20:19:43.79,20:19:43.79
83,Manam,Manam SM Cebu,3204,0.0,0.0,0,0,103836,0,12,<NA>,20:21:49.067,2025-07-02,20:21:49.067,2025-07-02,True,False,540.0,540.0,57.86,0.0,0,1,GRABFOOD,1,False,0.0,0,False,20:21:49.067,2025-07-02,0.0,False,1,0.0,GRABFOOD,0.0,0,0,-99.99,-10000000000,<NA>,0.0,0,3204,0,0,0,20:21:49.067,0.0,1,0,0.0,0,0,0,20:21:49.067,20:21:49.067
83,Manam,Manam SM Cebu,3205,0.0,0.0,0,0,103836,0,12,GRABPWD 60,20:22:40.287,2025-07-02,20:22:40.287,2025-07-02,True,False,710.0,710.0,69.65,0.0,0,1,GRABFOOD,1,False,60.0,0,False,20:22:40.287,2025-07-02,0.0,False,1,0.0,GRABFOOD,0.0,0,0,-99.99,-10000000000,<NA>,0.0,0,3205,0,0,0,20:22:40.287,0.0,1,0,0.0,0,0,0,20:22:40.287,20:22:40.287
83,Manam,Manam SM Cebu,3206,0.0,0.0,3,0,103836,5,3,<NA>,19:24:16.373,2025-07-02,19:24:16.373,2025-07-02,True,False,3624.22,3624.22,92.89142857142856,-276.36,0,1,DINEIN1,1,False,619.29,0,False,19:24:16.373,2025-07-02,0.0,False,1,0.0,DINEIN1,0.0,0,0,-99.99,-10000000000,<NA>,0.0,0,3206,0,0,0,19:24:16.373,0.0,1,0,0.0,0,0,0,19:24:16.373,19:24:16.373
83,Manam,Manam SM Cebu,3207,0.0,0.0,0,0,103836,0,3,<NA>,20:15:19.317,2025-07-02,20:15:19.317,2025-07-02,True,False,800.0,800.0,85.71,0.0,0,1,TAKEOUT,1,False,0.0,0,False,20:15:19.317,2025-07-02,0.0,False,1,0.0,TAKEOUT,0.0,0,0,-99.99,-10000000000,<NA>,0.0,0,3207,0,0,0,20:15:19.317,0.0,1,0,0.0,0,0,0,20:15:19.317,20:15:19.317
83,Manam,Manam SM Cebu,3208,0.0,0.0,30,0,103836,10,3,<NA>,18:22:18.763,2025-07-02,18:22:18.763,2025-07-02,True,False,3635.64,3635.64,416.99571428571426,-396.65,0,1,DINEIN1,1,False,297.86,0,False,18:22:18.763,2025-07-02,0.0,False,1,0.0,DINEIN1,0.0,0,0,-99.99,-10000000000,<NA>,0.0,0,3208,0,0,0,18:22:18.763,0.0,1,0,0.0,0,0,0,18:22:18.763,18:22:18.763
83,Manam,Manam SM Cebu,3209,0.0,0.0,28,0,103836,3,1,<NA>,19:40:59.06,2025-07-02,19:40:59.06,2025-07-02,True,False,1938.21,1938.21,143.5742857142857,-142.38,0,1,DINEIN1,1,False,119.64,0,False,19:40:59.06,2025-07-02,0.0,False,1,0.0,DINEIN1,0.0,0,0,-99.99,-10000000000,<NA>,0.0,0,3209,0,0,0,19:40:59.06,0.0,1,0,0.0,0,0,0,19:40:59.06,19:40:59.06
83,Manam,Manam SM Cebu,3210,0.0,0.0,0,0,103836,0,1,<NA>,15:10:01.143,2025-07-02,15:10:01.143,2025-07-02,True,False,0.0,0.0,0.0,0.0,0,1,ZR-MAN,1,False,0.0,0,False,15:10:01.143,2025-07-02,0.0,False,1,0.0,ZR-MAN,0.0,0,0,-99.99,-10000000000,<NA>,0.0,0,3210,0,0,0,15:10:01.143,0.0,1,0,0.0,0,0,0,15:10:01.143,15:10:01.143
83,Manam,Manam SM Cebu,3211,0.0,0.0,0,0,103836,0,1,<NA>,15:17:36.837,2025-07-02,15:17:36.837,2025-07-02,True,False,0.0,0.0,0.0,0.0,0,1,ZR-MAN,1,False,0.0,0,False,15:17:36.837,2025-07-02,0.0,False,1,0.0,ZR-MAN,0.0,0,0,-99.99,-10000000000,<NA>,0.0,0,3211,0,0,0,15:17:36.837,0.0,1,0,0.0,0,0,0,15:17:36.837,15:17:36.837
83,Manam,Manam SM Cebu,3212,0.0,0.0,0,0,103836,0,1,<NA>,08:15:35.773,2025-07-02,08:15:35.773,2025-07-02,True,False,0.0,0.0,0.0,0.0,0,1,ZR-TRAINING,1,False,0.0,0,False,08:15:35.773,2025-07-02,0.0,False,1,0.0,ZR-TRAINING,0.0,0,0,-99.99,-10000000000,<NA>,0.0,0,3212,0,0,0,08:15:35.773,0.0,1,0,0.0,0,0,0,08:15:35.773,08:15:35.773
83,Manam,Manam SM Cebu,3213,0.0,0.0,17,0,103836,4,3,<NA>,19:41:33.657,2025-07-02,19:41:33.657,2025-07-02,True,False,2600.0,2600.0,289.3,-204.91,0,1,DINEIN1,1,False,0.0,0,False,19:41:33.657,2025-07-02,0.0,False,1,0.0,DINEIN1,0.0,0,0,-99.99,-10000000000,<NA>,0.0,0,3213,0,0,0,19:41:33.657,0.0,1,0,0.0,0,0,0,19:41:33.657,19:41:33.657
83,Manam,Manam SM Cebu,3214,0.0,0.0,0,0,103836,0,1,<NA>,19:35:33.383,2025-07-02,19:35:33.383,2025-07-02,True,False,0.0,0.0,0.0,0.0,0,1,ZR-COMP +,1,False,0.0,0,False,19:35:33.383,2025-07-02,0.0,False,1,0.0,ZR-COMP +,0.0,0,0,-99.99,-10000000000,<NA>,0.0,0,3214,0,0,0,19:35:33.383,0.0,1,0,0.0,0,0,0,19:35:33.383,19:35:33.383
83,Manam,Manam SM Cebu,3215,0.0,0.0,50,0,103836,10,3,<NA>,19:30:55.327,2025-07-02,19:30:55.327,2025-07-02,True,False,4978.95,4978.95,594.7985714285714,-458.52,0,1,DINEIN1,1,False,110.09,0,False,19:30:55.327,2025-07-02,0.0,False,1,0.0,DINEIN1,0.0,0,0,-99.99,-10000000000,<NA>,0.0,0,3215,0,0,0,19:30:55.327,0.0,1,0,0.0,0,0,0,19:30:55.327,19:30:55.327
83,Manam,Manam SM Cebu,3216,0.0,0.0,19,0,103836,2,1,10% LOYAL,19:52:43.933,2025-07-02,19:52:43.933,2025-07-02,True,False,1330.0,1330.0,128.26,-90.84,0,1,DINEIN1,1,False,133.0,0,False,19:52:43.933,2025-07-02,0.0,False,1,0.0,DINEIN1,0.0,0,0,-99.99,-10000000000,10468095,0.0,0,3216,0,0,0,19:52:43.933,0.0,1,0,0.0,0,0,0,19:52:43.933,19:52:43.933
83,Manam,Manam SM Cebu,3217,0.0,0.0,51,0,103836,6,1,<NA>,19:45:32.207,2025-07-02,19:45:32.207,2025-07-02,True,False,3649.65,3649.65,351.79285714285714,-289.05,0,1,DINEIN1,1,False,117.27,0,False,19:45:32.207,2025-07-02,0.0,False,1,0.0,DINEIN1,0.0,0,0,-99.99,-10000000000,<NA>,0.0,0,3217,0,0,0,19:45:32.207,0.0,1,0,0.0,0,0,0,19:45:32.207,19:45:32.207
83,Manam,Manam SM Cebu,3218,0.0,0.0,0,0,103836,0,1,<NA>,14:00:54.71,2025-07-02,14:00:54.71,2025-07-02,True,False,215.0,215.0,23.04,0.0,0,1,TAKEOUT,1,False,0.0,0,False,14:00:54.71,2025-07-02,0.0,False,1,0.0,TAKEOUT,0.0,0,0,-99.99,-10000000000,<NA>,0.0,0,3218,0,0,0,14:00:54.71,0.0,1,0,0.0,0,0,0,14:00:54.71,14:00:54.71
83,Manam,Manam SM Cebu,3219,0.0,0.0,20,0,103836,3,1,<NA>,20:05:26.717,2025-07-02,20:05:26.717,2025-07-02,True,False,2485.0,2485.0,278.04,-196.94,0,1,DINEIN1,1,False,0.0,0,False,20:05:26.717,2025-07-02,0.0,False,1,0.0,DINEIN1,0.0,0,0,-99.99,-10000000000,<NA>,0.0,0,3219,0,0,0,20:05:26.717,0.0,1,0,0.0,0,0,0,20:05:26.717,20:05:26.717
83,Manam,Manam SM Cebu,3220,0.0,0.0,25,0,103836,2,1,<NA>,20:10:22.097,2025-07-02,20:10:22.097,2025-07-02,True,False,1480.0,1480.0,158.57,-112.32,0,1,DINEIN1,1,False,0.0,0,False,20:10:22.097,2025-07-02,0.0,False,1,0.0,DINEIN1,0.0,0,0,-99.99,-10000000000,<NA>,0.0,0,3220,0,0,0,20:10:22.097,0.0,1,0,0.0,0,0,0,20:10:22.097,20:10:22.097
83,Manam,Manam SM Cebu,3221,0.0,0.0,23,0,103836,4,1,<NA>,20:08:08.723,2025-07-02,20:08:08.723,2025-07-02,True,False,2591.39,2591.39,235.85,-211.61,0,1,DINEIN1,1,False,131.03,0,False,20:08:08.723,2025-07-02,0.0,False,1,0.0,DINEIN1,0.0,0,0,-99.99,-10000000000,<NA>,0.0,0,3221,0,0,0,20:08:08.723,0.0,1,0,0.0,0,0,0,20:08:08.723,20:08:08.723
83,Manam,Manam SM Cebu,3222,0.0,0.0,21,0,103836,2,3,<NA>,20:17:36.293,2025-07-02,20:17:36.293,2025-07-02,True,False,1325.0,1325.0,141.96,-100.56,0,1,DINEIN1,1,False,0.0,0,False,20:17:36.293,2025-07-02,0.0,False,1,0.0,DINEIN1,0.0,0,0,-99.99,-10000000000,<NA>,0.0,0,3222,0,0,0,20:17:36.293,0.0,1,0,0.0,0,0,0,20:17:36.293,20:17:36.293
83,Manam,Manam SM Cebu,3223,0.0,0.0,7,0,103836,3,1,<NA>,20:23:12.51,2025-07-02,20:23:12.51,2025-07-02,True,False,1915.0,1915.0,235.17,-166.58,0,1,DINEIN1,1,False,0.0,0,False,20:23:12.51,2025-07-02,0.0,False,1,0.0,DINEIN1,0.0,0,0,-99.99,-10000000000,<NA>,0.0,0,3223,0,0,0,20:23:12.51,0.0,1,0,0.0,0,0,0,20:23:12.51,20:23:12.51
83,Manam,Manam SM Cebu,3224,0.0,0.0,1,0,103836,4,3,<NA>,20:29:01.677,2025-07-02,20:29:01.677,2025-07-02,True,False,2101.38,2101.38,61.205714285714286,-147.4,0,1,DINEIN1,1,False,306.03,0,False,20:29:01.677,2025-07-02,0.0,False,1,0.0,DINEIN1,0.0,0,0,-99.99,-10000000000,<NA>,0.0,0,3224,0,0,0,20:29:01.677,0.0,1,0,0.0,0,0,0,20:29:01.677,20:29:01.677
83,Manam,Manam SM Cebu,3225,0.0,0.0,4,0,103836,6,3,<NA>,19:59:07.503,2025-07-02,19:59:07.503,2025-07-02,True,False,4860.0,4860.0,578.04,-409.44,0,1,DINEIN1,1,False,0.0,0,False,19:59:07.503,2025-07-02,0.0,False,1,0.0,DINEIN1,0.0,0,0,-99.99,-10000000000,<NA>,0.0,0,3225,0,0,0,19:59:07.503,0.0,1,0,0.0,0,0,0,19:59:07.503,19:59:07.503
83,Manam,Manam SM Cebu,3226,0.0,0.0,3,0,103836,2,3,<NA>,20:34:29.01,2025-07-02,20:34:29.01,2025-07-02,True,False,920.0,920.0,109.29,-77.41,0,1,DINEIN1,1,False,0.0,0,False,20:34:29.01,2025-07-02,0.0,False,1,0.0,DINEIN1,0.0,0,0,-99.99,-10000000000,<NA>,0.0,0,3226,0,0,0,20:34:29.01,0.0,1,0,0.0,0,0,0,20:34:29.01,20:34:29.01
83,Manam,Manam SM Cebu,3227,0.0,0.0,12,0,103836,8,1,<NA>,20:13:07.417,2025-07-02,20:13:07.417,2025-07-02,True,False,6726.32,6726.32,655.7885714285715,-517.6,0,1,DINEIN1,1,False,156.14,0,False,20:13:07.417,2025-07-02,0.0,False,1,0.0,DINEIN1,0.0,0,0,-99.99,-10000000000,<NA>,0.0,0,3227,0,0,0,20:13:07.417,0.0,1,0,0.0,0,0,0,20:13:07.417,20:13:07.417
83,Manam,Manam SM Cebu,3228,0.0,0.0,43,0,103836,4,1,<NA>,20:39:13.52,2025-07-02,20:39:13.52,2025-07-02,True,False,2642.27,2642.27,218.1642857142857,-195.75,0,1,DINEIN1,1,False,121.2,0,False,20:39:13.52,2025-07-02,0.0,False,1,0.0,DINEIN1,0.0,0,0,-99.99,-10000000000,<NA>,0.0,0,3228,0,0,0,20:39:13.52,0.0,1,0,0.0,0,0,0,20:39:13.52,20:39:13.52
83,Manam,Manam SM Cebu,3229,0.0,0.0,10,0,103836,10,3,<NA>,20:19:21.81,2025-07-02,20:19:21.81,2025-07-02,True,False,2733.0,2733.0,287.99857142857144,-244.8,0,1,DINEIN1,1,False,120.0,0,False,20:19:21.81,2025-07-02,0.0,False,1,0.0,DINEIN1,0.0,0,0,-99.99,-10000000000,<NA>,0.0,0,3229,0,0,0,20:19:21.81,0.0,1,0,0.0,0,0,0,20:19:21.81,20:19:21.81
83,Manam,Manam SM Cebu,3230,0.0,0.0,40,0,103836,6,3,<NA>,20:20:03.047,2025-07-02,20:20:03.047,2025-07-02,True,False,3975.0,3975.0,454.83,-322.17,0,1,DINEIN1,1,False,0.0,0,False,20:20:03.047,2025-07-02,0.0,False,1,0.0,DINEIN1,0.0,0,0,-99.99,-10000000000,<NA>,0.0,0,3230,0,0,0,20:20:03.047,0.0,1,0,0.0,0,0,0,20:20:03.047,20:20:03.047
83,Manam,Manam SM Cebu,3232,0.0,0.0,28,0,103836,5,1,<NA>,20:31:01.64,2025-07-02,20:31:01.64,2025-07-02,True,False,2746.99,2746.99,184.5,-200.39,0,1,DINEIN1,1,False,205.0,0,False,20:31:01.64,2025-07-02,0.0,False,1,0.0,DINEIN1,0.0,0,0,-99.99,-10000000000,<NA>,0.0,0,3232,0,0,0,20:31:01.64,0.0,1,0,0.0,0,0,0,20:31:01.64,20:31:01.64
83,Manam,Manam SM Cebu,3233,0.0,0.0,19,0,103836,5,3,<NA>,21:02:32.427,2025-07-02,21:02:32.427,2025-07-02,True,False,3005.0,3005.0,321.98,-228.06,0,1,DINEIN1,1,False,0.0,0,False,21:02:32.427,2025-07-02,0.0,False,1,0.0,DINEIN1,0.0,0,0,-99.99,-10000000000,<NA>,0.0,0,3233,0,0,0,21:02:32.427,0.0,1,0,0.0,0,0,0,21:02:32.427,21:02:32.427
83,Manam,Manam SM Cebu,3238,0.0,0.0,0,0,102267,0,12,<NA>,10:14:33.143,2025-07-03,10:14:33.143,2025-07-03,True,False,625.0,625.0,66.96,0.0,0,1,GRABFOOD,1,False,0.0,0,False,10:14:33.143,2025-07-03,0.0,False,1,0.0,GRABFOOD,0.0,0,0,-99.99,-10000000000,<NA>,0.0,0,3238,0,0,0,10:14:33.143,0.0,1,0,0.0,0,0,0,10:14:33.143,10:14:33.143
83,Manam,Manam SM Cebu,3239,0.0,0.0,0,0,102267,0,12,<NA>,10:19:02.743,2025-07-03,10:19:02.743,2025-07-03,True,False,1855.0,1855.0,214.28,0.0,0,1,GRABFOOD,1,False,0.0,0,False,10:19:02.743,2025-07-03,0.0,False,1,0.0,GRABFOOD,0.0,0,0,-99.99,-10000000000,<NA>,0.0,0,3239,0,0,0,10:19:02.743,0.0,1,0,0.0,0,0,0,10:19:02.743,10:19:02.743
83,Manam,Manam SM Cebu,3240,0.0,0.0,0,0,102267,0,12,<NA>,10:22:28.583,2025-07-03,10:22:28.583,2025-07-03,True,False,1890.0,1890.0,202.5,0.0,0,1,GRABFOOD,1,False,0.0,0,False,10:22:28.583,2025-07-03,0.0,False,1,0.0,GRABFOOD,0.0,0,0,-99.99,-10000000000,<NA>,0.0,0,3240,0,0,0,10:22:28.583,0.0,1,0,0.0,0,0,0,10:22:28.583,10:22:28.583
83,Manam,Manam SM Cebu,3241,0.0,0.0,43,0,102267,1,1,<NA>,10:05:57.243,2025-07-03,10:05:57.243,2025-07-03,True,False,530.0,530.0,56.78,-40.22,0,1,DINEIN1,1,False,0.0,0,False,10:05:57.243,2025-07-03,0.0,False,1,0.0,DINEIN1,0.0,0,0,-99.99,-10000000000,<NA>,0.0,0,3241,0,0,0,10:05:57.243,0.0,1,0,0.0,0,0,0,10:05:57.243,10:05:57.243
83,Manam,Manam SM Cebu,3242,0.0,0.0,0,0,102267,0,10,<NA>,10:46:49.24,2025-07-03,10:46:49.24,2025-07-03,True,False,583.0,583.0,62.46,0.0,0,1,FOODPANDA,1,False,0.0,0,False,10:46:49.24,2025-07-03,0.0,False,1,0.0,FOODPANDA,0.0,0,0,-99.99,-10000000000,<NA>,0.0,0,3242,0,0,0,10:46:49.24,0.0,1,0,0.0,0,0,0,10:46:49.24,10:46:49.24
83,Manam,Manam SM Cebu,3243,0.0,0.0,0,0,102267,0,12,<NA>,10:48:59.02,2025-07-03,10:48:59.02,2025-07-03,True,False,903.0,903.0,96.75,0.0,0,1,GRABFOOD,1,False,0.0,0,False,10:48:59.02,2025-07-03,0.0,False,1,0.0,GRABFOOD,0.0,0,0,-99.99,-10000000000,<NA>,0.0,0,3243,0,0,0,10:48:59.02,0.0,1,0,0.0,0,0,0,10:48:59.02,10:48:59.02
83,Manam,Manam SM Cebu,3244,0.0,0.0,0,0,102267,0,12,<NA>,10:24:58.32,2025-07-03,10:24:58.32,2025-07-03,True,False,2120.0,2120.0,293.57,0.0,0,1,GRABFOOD,1,False,0.0,0,False,10:24:58.32,2025-07-03,0.0,False,1,0.0,GRABFOOD,0.0,0,0,-99.99,-10000000000,<NA>,0.0,0,3244,0,0,0,10:24:58.32,0.0,1,0,0.0,0,0,0,10:24:58.32,10:24:58.32
83,Manam,Manam SM Cebu,3245,0.0,0.0,44,0,102267,2,3,<NA>,10:09:26.727,2025-07-03,10:09:26.727,2025-07-03,True,False,1615.0,1615.0,183.76,-130.16,0,1,DINEIN1,1,False,0.0,0,False,10:09:26.727,2025-07-03,0.0,False,1,0.0,DINEIN1,0.0,0,0,-99.99,-10000000000,<NA>,0.0,0,3245,0,0,0,10:09:26.727,0.0,1,0,0.0,0,0,0,10:09:26.727,10:09:26.727
83,Manam,Manam SM Cebu,3246,0.0,0.0,0,0,105539,0,12,<NA>,10:54:13.427,2025-07-03,10:54:13.427,2025-07-03,True,False,1095.0,1095.0,117.32,0.0,0,1,GRABFOOD,1,False,0.0,0,False,10:54:13.427,2025-07-03,0.0,False,1,0.0,GRABFOOD,0.0,0,0,-99.99,-10000000000,<NA>,0.0,0,3246,0,0,0,10:54:13.427,0.0,1,0,0.0,0,0,0,10:54:13.427,10:54:13.427
83,Manam,Manam SM Cebu,3247,0.0,0.0,0,0,102267,0,10,<NA>,10:57:53.457,2025-07-03,10:57:53.457,2025-07-03,True,False,745.0,745.0,79.82,0.0,0,1,FOODPANDA,1,False,0.0,0,False,10:57:53.457,2025-07-03,0.0,False,1,0.0,FOODPANDA,0.0,0,0,-99.99,-10000000000,<NA>,0.0,0,3247,0,0,0,10:57:53.457,0.0,1,0,0.0,0,0,0,10:57:53.457,10:57:53.457
83,Manam,Manam SM Cebu,3248,0.0,0.0,20,0,102267,2,3,<NA>,10:33:52.433,2025-07-03,10:33:52.433,2025-07-03,True,False,965.0,965.0,103.4,-73.24,0,1,DINEIN1,1,False,0.0,0,False,10:33:52.433,2025-07-03,0.0,False,1,0.0,DINEIN1,0.0,0,0,-99.99,-10000000000,<NA>,0.0,0,3248,0,0,0,10:33:52.433,0.0,1,0,0.0,0,0,0,10:33:52.433,10:33:52.433
83,Manam,Manam SM Cebu,3249,0.0,0.0,26,0,102267,3,3,<NA>,10:47:08.083,2025-07-03,10:47:08.083,2025-07-03,True,False,2125.0,2125.0,227.68,-161.27,0,1,DINEIN1,1,False,0.0,0,False,10:47:08.083,2025-07-03,0.0,False,1,0.0,DINEIN1,0.0,0,0,-99.99,-10000000000,<NA>,0.0,0,3249,0,0,0,10:47:08.083,0.0,1,0,0.0,0,0,0,10:47:08.083,10:47:08.083
83,Manam,Manam SM Cebu,3251,0.0,0.0,28,0,102267,2,3,<NA>,10:39:32.917,2025-07-03,10:39:32.917,2025-07-03,True,False,1190.0,1190.0,146.26,-103.59,0,1,DINEIN1,1,False,0.0,0,False,10:39:32.917,2025-07-03,0.0,False,1,0.0,DINEIN1,0.0,0,0,-99.99,-10000000000,<NA>,0.0,0,3251,0,0,0,10:39:32.917,0.0,1,0,0.0,0,0,0,10:39:32.917,10:39:32.917
83,Manam,Manam SM Cebu,3252,0.0,0.0,21,0,102267,3,1,<NA>,10:40:06.68,2025-07-03,10:40:06.68,2025-07-03,True,False,2115.0,2115.0,226.61,-160.51,0,1,DINEIN1,1,False,0.0,0,False,10:40:06.68,2025-07-03,0.0,False,1,0.0,DINEIN1,0.0,0,0,-99.99,-10000000000,<NA>,0.0,0,3252,0,0,0,10:40:06.68,0.0,1,0,0.0,0,0,0,10:40:06.68,10:40:06.68
83,Manam,Manam SM Cebu,3254,0.0,0.0,30,0,102267,3,1,<NA>,11:02:08.84,2025-07-03,11:02:08.84,2025-07-03,True,False,1406.07,1406.07,117.85714285714285,-116.87,0,1,DINEIN1,1,False,98.22,0,False,11:02:08.84,2025-07-03,0.0,False,1,0.0,DINEIN1,0.0,0,0,-99.99,-10000000000,<NA>,0.0,0,3254,0,0,0,11:02:08.84,0.0,1,0,0.0,0,0,0,11:02:08.84,11:02:08.84
83,Manam,Manam SM Cebu,3255,0.0,0.0,32,0,102267,1,1,<NA>,10:43:43.253,2025-07-03,10:43:43.253,2025-07-03,True,False,900.0,900.0,96.43,-68.3,0,1,DINEIN1,1,False,0.0,0,False,10:43:43.253,2025-07-03,0.0,False,1,0.0,DINEIN1,0.0,0,0,-99.99,-10000000000,<NA>,0.0,0,3255,0,0,0,10:43:43.253,0.0,1,0,0.0,0,0,0,10:43:43.253,10:43:43.253
83,Manam,Manam SM Cebu,3256,0.0,0.0,0,0,102267,0,1,<NA>,11:42:09.677,2025-07-03,11:42:09.677,2025-07-03,True,False,900.0,900.0,-96.43,68.3,0,1,DINEIN1,1,False,0.0,0,False,11:42:09.677,2025-07-03,0.0,False,1,0.0,DINEIN1,0.0,0,0,-99.99,-10000000000,<NA>,0.0,0,3256,0,0,0,11:42:09.677,0.0,1,0,0.0,0,0,0,11:42:09.677,11:42:09.677
83,Manam,Manam SM Cebu,3257,0.0,0.0,32,0,102267,1,3,<NA>,11:42:55.677,2025-07-03,11:42:55.677,2025-07-03,True,False,900.0,900.0,96.43,-68.3,0,1,DINEIN1,1,False,0.0,0,False,11:42:55.677,2025-07-03,0.0,False,1,0.0,DINEIN1,0.0,0,0,-99.99,-10000000000,<NA>,0.0,0,3257,0,0,0,11:42:55.677,0.0,1,0,0.0,0,0,0,11:42:55.677,11:42:55.677
83,Manam,Manam SM Cebu,3259,0.0,0.0,7,0,102267,2,3,<NA>,11:02:31.5,2025-07-03,11:02:31.5,2025-07-03,True,False,1555.0,1555.0,186.42,-132.05,0,1,DINEIN1,1,False,0.0,0,False,11:02:31.5,2025-07-03,0.0,False,1,0.0,DINEIN1,0.0,0,0,-99.99,-10000000000,<NA>,0.0,0,3259,0,0,0,11:02:31.5,0.0,1,0,0.0,0,0,0,11:02:31.5,11:02:31.5
83,Manam,Manam SM Cebu,3260,0.0,0.0,43,0,102267,1,3,<NA>,10:59:28.397,2025-07-03,10:59:28.397,2025-07-03,True,False,960.0,960.0,102.86,-72.86,0,1,DINEIN1,1,False,0.0,0,False,10:59:28.397,2025-07-03,0.0,False,1,0.0,DINEIN1,0.0,0,0,-99.99,-10000000000,<NA>,0.0,0,3260,0,0,0,10:59:28.397,0.0,1,0,0.0,0,0,0,10:59:28.397,10:59:28.397
83,Manam,Manam SM Cebu,3261,0.0,0.0,4,0,102267,5,3,<NA>,11:14:49.187,2025-07-03,11:14:49.187,2025-07-03,True,False,2202.8199999999997,2202.8199999999997,208.71428571428572,-177.41,0,1,DINEIN1,1,False,86.97,0,False,11:14:49.187,2025-07-03,0.0,False,1,0.0,DINEIN1,0.0,0,0,-99.99,-10000000000,<NA>,0.0,0,3261,0,0,0,11:14:49.187,0.0,1,0,0.0,0,0,0,11:14:49.187,11:14:49.187
83,Manam,Manam SM Cebu,3262,0.0,0.0,27,0,102267,3,3,<NA>,11:35:51.913,2025-07-03,11:35:51.913,2025-07-03,True,False,1590.0,1590.0,181.08,-128.26,0,1,DINEIN1,1,False,0.0,0,False,11:35:51.913,2025-07-03,0.0,False,1,0.0,DINEIN1,0.0,0,0,-99.99,-10000000000,<NA>,0.0,0,3262,0,0,0,11:35:51.913,0.0,1,0,0.0,0,0,0,11:35:51.913,11:35:51.913
83,Manam,Manam SM Cebu,3263,0.0,0.0,40,0,102267,2,1,<NA>,11:15:04.297,2025-07-03,11:15:04.297,2025-07-03,True,False,1151.79,1151.79,0.0,-78.32,0,1,DINEIN1,1,False,230.35,0,False,11:15:04.297,2025-07-03,0.0,False,1,0.0,DINEIN1,0.0,0,0,-99.99,-10000000000,<NA>,0.0,0,3263,0,0,0,11:15:04.297,0.0,1,0,0.0,0,0,0,11:15:04.297,11:15:04.297
83,Manam,Manam SM Cebu,3264,0.0,0.0,0,0,103836,0,1,<NA>,12:06:15.137,2025-07-03,12:06:15.137,2025-07-03,True,False,710.0,710.0,116.79,0.0,0,1,TAKEOUT,1,False,0.0,0,False,12:06:15.137,2025-07-03,0.0,False,1,0.0,TAKEOUT,0.0,0,0,-99.99,-10000000000,<NA>,0.0,0,3264,0,0,0,12:06:15.137,0.0,1,0,0.0,0,0,0,12:06:15.137,12:06:15.137
83,Manam,Manam SM Cebu,3265,0.0,0.0,20,0,102267,2,3,<NA>,11:19:33.867,2025-07-03,11:19:33.867,2025-07-03,True,False,937.15,937.15,57.864285714285714,-73.77,0,1,DINEIN1,1,False,96.43,0,False,11:19:33.867,2025-07-03,0.0,False,1,0.0,DINEIN1,0.0,0,0,-99.99,-10000000000,<NA>,0.0,0,3265,0,0,0,11:19:33.867,0.0,1,0,0.0,0,0,0,11:19:33.867,11:19:33.867
83,Manam,Manam SM Cebu,3267,0.0,0.0,44,0,102267,3,3,<NA>,11:07:15.127,2025-07-03,11:07:15.127,2025-07-03,True,False,1193.22,1193.22,45.89714285714285,-84.52,0,1,DINEIN1,1,False,152.97,0,False,11:07:15.127,2025-07-03,0.0,False,1,0.0,DINEIN1,0.0,0,0,-99.99,-10000000000,<NA>,0.0,0,3267,0,0,0,11:07:15.127,0.0,1,0,0.0,0,0,0,11:07:15.127,11:07:15.127
83,Manam,Manam SM Cebu,3268,0.0,0.0,22,0,102267,2,3,<NA>,11:46:03.017,2025-07-03,11:46:03.017,2025-07-03,True,False,1285.0,1285.0,167.14,-118.39,0,1,DINEIN1,1,False,0.0,0,False,11:46:03.017,2025-07-03,0.0,False,1,0.0,DINEIN1,0.0,0,0,-99.99,-10000000000,<NA>,0.0,0,3268,0,0,0,11:46:03.017,0.0,1,0,0.0,0,0,0,11:46:03.017,11:46:03.017
83,Manam,Manam SM Cebu,3269,0.0,0.0,45,0,102267,1,3,SNR-SOLO,11:23:52.247,2025-07-03,11:23:52.247,2025-07-03,True,False,968.75001,968.75001,0.0,-65.87,0,1,DINEIN1,1,False,193.75,0,False,11:23:52.247,2025-07-03,0.0,False,1,0.0,DINEIN1,0.0,0,0,-99.99,-10000000000,<NA>,0.0,0,3269,0,0,0,11:23:52.247,0.0,1,0,0.0,0,0,0,11:23:52.247,11:23:52.247
83,Manam,Manam SM Cebu,3270,0.0,0.0,50,0,102267,5,3,10% LOYAL,11:23:52.247,2025-07-03,11:23:52.247,2025-07-03,True,False,1805.0,1805.0,174.06,-123.29,0,1,DINEIN1,1,False,180.5,0,False,11:23:52.247,2025-07-03,0.0,False,1,0.0,DINEIN1,0.0,0,0,-99.99,-10000000000,10471025,0.0,0,3270,0,0,0,11:23:52.247,0.0,1,0,0.0,0,0,0,11:23:52.247,11:23:52.247
83,Manam,Manam SM Cebu,3271,0.0,0.0,30,0,102267,2,3,<NA>,11:46:27.043,2025-07-03,11:46:27.043,2025-07-03,True,False,1210.0,1210.0,159.65,-113.08,0,1,DINEIN1,1,False,0.0,0,False,11:46:27.043,2025-07-03,0.0,False,1,0.0,DINEIN1,0.0,0,0,-99.99,-10000000000,<NA>,0.0,0,3271,0,0,0,11:46:27.043,0.0,1,0,0.0,0,0,0,11:46:27.043,11:46:27.043
83,Manam,Manam SM Cebu,3272,0.0,0.0,33,0,102267,2,3,<NA>,11:16:54.38,2025-07-03,11:16:54.38,2025-07-03,True,False,1530.0,1530.0,163.92,-116.12,0,1,DINEIN1,1,False,0.0,0,False,11:16:54.38,2025-07-03,0.0,False,1,0.0,DINEIN1,0.0,0,0,-99.99,-10000000000,<NA>,0.0,0,3272,0,0,0,11:16:54.38,0.0,1,0,0.0,0,0,0,11:16:54.38,11:16:54.38
83,Manam,Manam SM Cebu,3273,0.0,0.0,21,0,102267,2,3,<NA>,11:43:23.497,2025-07-03,11:43:23.497,2025-07-03,True,False,1244.55,1244.55,70.44571428571429,-89.82,0,1,DINEIN1,1,False,117.41,0,False,11:43:23.497,2025-07-03,0.0,False,1,0.0,DINEIN1,0.0,0,0,-99.99,-10000000000,<NA>,0.0,0,3273,0,0,0,11:43:23.497,0.0,1,0,0.0,0,0,0,11:43:23.497,11:43:23.497
83,Manam,Manam SM Cebu,3274,0.0,0.0,19,0,102267,4,3,<NA>,11:33:02.513,2025-07-03,11:33:02.513,2025-07-03,True,False,3235.0,3235.0,346.61,-245.51,0,1,DINEIN1,1,False,0.0,0,False,11:33:02.513,2025-07-03,0.0,False,1,0.0,DINEIN1,0.0,0,0,-99.99,-10000000000,<NA>,0.0,0,3274,0,0,0,11:33:02.513,0.0,1,0,0.0,0,0,0,11:33:02.513,11:33:02.513
83,Manam,Manam SM Cebu,3275,0.0,0.0,23,0,102267,3,3,<NA>,11:47:34.683,2025-07-03,11:47:34.683,2025-07-03,True,False,1456.07,1456.07,107.86,-106.96,0,1,DINEIN1,1,False,89.88,0,False,11:47:34.683,2025-07-03,0.0,False,1,0.0,DINEIN1,0.0,0,0,-99.99,-10000000000,<NA>,0.0,0,3275,0,0,0,11:47:34.683,0.0,1,0,0.0,0,0,0,11:47:34.683,11:47:34.683
83,Manam,Manam SM Cebu,3276,0.0,0.0,16,0,102267,4,3,<NA>,11:37:45.043,2025-07-03,11:37:45.043,2025-07-03,True,False,2460.0,2460.0,283.38,-200.74,0,1,DINEIN1,1,False,0.0,0,False,11:37:45.043,2025-07-03,0.0,False,1,0.0,DINEIN1,0.0,0,0,-99.99,-10000000000,<NA>,0.0,0,3276,0,0,0,11:37:45.043,0.0,1,0,0.0,0,0,0,11:37:45.043,11:37:45.043
83,Manam,Manam SM Cebu,3277,0.0,0.0,8,0,102267,4,3,<NA>,11:51:12.743,2025-07-03,11:51:12.743,2025-07-03,True,False,2355.0,2355.0,252.32,-178.73,0,1,DINEIN1,1,False,0.0,0,False,11:51:12.743,2025-07-03,0.0,False,1,0.0,DINEIN1,0.0,0,0,-99.99,-10000000000,<NA>,0.0,0,3277,0,0,0,11:51:12.743,0.0,1,0,0.0,0,0,0,11:51:12.743,11:51:12.743
83,Manam,Manam SM Cebu,3278,0.0,0.0,9,0,102267,1,3,<NA>,11:58:39.713,2025-07-03,11:58:39.713,2025-07-03,True,False,595.0,595.0,72.86,-51.61,0,1,DINEIN1,1,False,0.0,0,False,11:58:39.713,2025-07-03,0.0,False,1,0.0,DINEIN1,0.0,0,0,-99.99,-10000000000,<NA>,0.0,0,3278,0,0,0,11:58:39.713,0.0,1,0,0.0,0,0,0,11:58:39.713,11:58:39.713
83,Manam,Manam SM Cebu,3279,0.0,0.0,28,0,102267,3,1,<NA>,11:47:32.037,2025-07-03,11:47:32.037,2025-07-03,True,False,1495.0,1495.0,177.33,-125.6,0,1,DINEIN1,1,False,0.0,0,False,11:47:32.037,2025-07-03,0.0,False,1,0.0,DINEIN1,0.0,0,0,-99.99,-10000000000,<NA>,0.0,0,3279,0,0,0,11:47:32.037,0.0,1,0,0.0,0,0,0,11:47:32.037,11:47:32.037
83,Manam,Manam SM Cebu,3281,0.0,0.0,10,0,102267,12,3,<NA>,11:04:30.693,2025-07-03,11:04:30.693,2025-07-03,True,False,9435.0,9435.0,1089.63,-771.83,0,1,DINEIN1,1,False,0.0,0,False,11:04:30.693,2025-07-03,0.0,False,1,0.0,DINEIN1,0.0,0,0,-99.99,-10000000000,<NA>,0.0,0,3281,0,0,0,11:04:30.693,0.0,1,0,0.0,0,0,0,11:04:30.693,11:04:30.693
83,Manam,Manam SM Cebu,3282,0.0,0.0,52,0,102267,3,1,<NA>,11:40:08.923,2025-07-03,11:40:08.923,2025-07-03,True,False,1960.0,1960.0,210.0,-148.75,0,1,DINEIN1,1,False,0.0,0,False,11:40:08.923,2025-07-03,0.0,False,1,0.0,DINEIN1,0.0,0,0,-99.99,-10000000000,<NA>,0.0,0,3282,0,0,0,11:40:08.923,0.0,1,0,0.0,0,0,0,11:40:08.923,11:40:08.923
83,Manam,Manam SM Cebu,3283,0.0,0.0,51,0,107996,2,1,<NA>,11:42:36.85,2025-07-03,11:42:36.85,2025-07-03,True,False,1545.0,1545.0,179.47,-127.12,0,1,DINEIN1,1,False,0.0,0,False,11:42:36.85,2025-07-03,0.0,False,1,0.0,DINEIN1,0.0,0,0,-99.99,-10000000000,<NA>,0.0,0,3283,0,0,0,11:42:36.85,0.0,1,0,0.0,0,0,0,11:42:36.85,11:42:36.85
83,Manam,Manam SM Cebu,3284,0.0,0.0,41,0,103836,3,1,<NA>,11:23:34.323,2025-07-03,11:23:34.323,2025-07-03,True,False,1759.64,1759.64,67.67428571428572,-124.64,0,1,DINEIN1,1,False,225.59,0,False,11:23:34.323,2025-07-03,0.0,False,1,0.0,DINEIN1,0.0,0,0,-99.99,-10000000000,<NA>,0.0,0,3284,0,0,0,11:23:34.323,0.0,1,0,0.0,0,0,0,11:23:34.323,11:23:34.323
83,Manam,Manam SM Cebu,3286,0.0,0.0,0,0,102267,0,3,20% EMP,12:32:43.417,2025-07-03,12:32:43.417,2025-07-03,True,False,220.0,220.0,18.86,0.0,0,1,TAKEOUT,1,False,44.0,0,False,12:32:43.417,2025-07-03,0.0,False,1,0.0,TAKEOUT,0.0,0,0,-99.99,-10000000000,<NA>,0.0,0,3286,0,0,0,12:32:43.417,0.0,1,0,0.0,0,0,0,12:32:43.417,12:32:43.417
83,Manam,Manam SM Cebu,3287,0.0,0.0,0,0,103836,0,12,<NA>,12:57:44.69,2025-07-03,12:57:44.69,2025-07-03,True,False,495.0,495.0,53.04,0.0,0,1,GRABFOOD,1,False,0.0,0,False,12:57:44.69,2025-07-03,0.0,False,1,0.0,GRABFOOD,0.0,0,0,-99.99,-10000000000,<NA>,0.0,0,3287,0,0,0,12:57:44.69,0.0,1,0,0.0,0,0,0,12:57:44.69,12:57:44.69
83,Manam,Manam SM Cebu,3288,0.0,0.0,0,0,103836,0,12,<NA>,12:59:11.787,2025-07-03,12:59:11.787,2025-07-03,True,False,556.0,556.0,59.57,0.0,0,1,GRABFOOD,1,False,0.0,0,False,12:59:11.787,2025-07-03,0.0,False,1,0.0,GRABFOOD,0.0,0,0,-99.99,-10000000000,<NA>,0.0,0,3288,0,0,0,12:59:11.787,0.0,1,0,0.0,0,0,0,12:59:11.787,12:59:11.787
83,Manam,Manam SM Cebu,3289,0.0,0.0,1,0,103836,6,3,<NA>,11:23:37.863,2025-07-03,11:23:37.863,2025-07-03,True,False,3470.0,3470.0,269.99571428571426,-267.75,0,1,DINEIN1,1,False,225.0,0,False,11:23:37.863,2025-07-03,0.0,False,1,0.0,DINEIN1,0.0,0,0,-99.99,-10000000000,<NA>,0.0,0,3289,0,0,0,11:23:37.863,0.0,1,0,0.0,0,0,0,11:23:37.863,11:23:37.863
83,Manam,Manam SM Cebu,3290,0.0,0.0,4,0,103836,7,3,<NA>,12:10:07.177,2025-07-03,12:10:07.177,2025-07-03,True,False,4104.83,4104.83,338.24,-315.92,0,1,DINEIN1,1,False,225.25,0,False,12:10:07.177,2025-07-03,0.0,False,1,0.0,DINEIN1,0.0,0,0,-99.99,-10000000000,<NA>,0.0,0,3290,0,0,0,12:10:07.177,0.0,1,0,0.0,0,0,0,12:10:07.177,12:10:07.177
83,Manam,Manam SM Cebu,3291,0.0,0.0,34,0,103836,3,1,<NA>,11:39:06.307,2025-07-03,11:39:06.307,2025-07-03,True,False,1562.5,1562.5,0.0,-117.48,0,1,DINEIN1,1,False,345.53,0,False,11:39:06.307,2025-07-03,0.0,False,1,0.0,DINEIN1,0.0,0,0,-99.99,-10000000000,<NA>,0.0,0,3291,0,0,0,11:39:06.307,0.0,1,0,0.0,0,0,0,11:39:06.307,11:39:06.307
83,Manam,Manam SM Cebu,3292,0.0,0.0,26,0,103836,4,1,<NA>,12:02:22.267,2025-07-03,12:02:22.267,2025-07-03,True,False,2580.4,2580.4,225.13714285714283,-200.79,0,1,DINEIN1,1,False,124.33,0,False,12:02:22.267,2025-07-03,0.0,False,1,0.0,DINEIN1,0.0,0,0,-99.99,-10000000000,<NA>,0.0,0,3292,0,0,0,12:02:22.267,0.0,1,0,0.0,0,0,0,12:02:22.267,12:02:22.267
83,Manam,Manam SM Cebu,3293,0.0,0.0,0,0,103836,0,12,<NA>,13:10:57.783,2025-07-03,13:10:57.783,2025-07-03,True,False,385.0,385.0,41.25,0.0,0,1,GRABFOOD,1,False,0.0,0,False,13:10:57.783,2025-07-03,0.0,False,1,0.0,GRABFOOD,0.0,0,0,-99.99,-10000000000,<NA>,0.0,0,3293,0,0,0,13:10:57.783,0.0,1,0,0.0,0,0,0,13:10:57.783,13:10:57.783
83,Manam,Manam SM Cebu,3294,0.0,0.0,50,0,103836,11,3,20% LOYAL,12:28:40.3,2025-07-03,12:28:40.3,2025-07-03,True,False,3305.0,3305.0,283.28,-200.66,0,1,DINEIN1,1,False,661.0,0,False,12:28:40.3,2025-07-03,0.0,False,1,0.0,DINEIN1,0.0,0,0,-99.99,-10000000000,00154427,0.0,0,3294,0,0,0,12:28:40.3,0.0,1,0,0.0,0,0,0,12:28:40.3,12:28:40.3
83,Manam,Manam SM Cebu,3295,0.0,0.0,43,0,103836,2,1,<NA>,12:13:24.72,2025-07-03,12:13:24.72,2025-07-03,True,False,1420.22,1420.22,121.33571428571427,-154.71,0,1,DINEIN1,1,False,202.24,0,False,12:13:24.72,2025-07-03,0.0,False,1,0.0,DINEIN1,0.0,0,0,-99.99,-10000000000,<NA>,0.0,0,3295,0,0,0,12:13:24.72,0.0,1,0,0.0,0,0,0,12:13:24.72,12:13:24.72
83,Manam,Manam SM Cebu,3296,0.0,0.0,0,0,103836,0,12,<NA>,13:21:04.333,2025-07-03,13:21:04.333,2025-07-03,True,False,415.0,415.0,44.46,0.0,0,1,GRABFOOD,1,False,0.0,0,False,13:21:04.333,2025-07-03,0.0,False,1,0.0,GRABFOOD,0.0,0,0,-99.99,-10000000000,<NA>,0.0,0,3296,0,0,0,13:21:04.333,0.0,1,0,0.0,0,0,0,13:21:04.333,13:21:04.333
83,Manam,Manam SM Cebu,3297,0.0,0.0,0,0,103836,0,12,<NA>,13:22:44.98,2025-07-03,13:22:44.98,2025-07-03,True,False,1335.0,1335.0,143.03,0.0,0,1,GRABFOOD,1,False,0.0,0,False,13:22:44.98,2025-07-03,0.0,False,1,0.0,GRABFOOD,0.0,0,0,-99.99,-10000000000,<NA>,0.0,0,3297,0,0,0,13:22:44.98,0.0,1,0,0.0,0,0,0,13:22:44.98,13:22:44.98
83,Manam,Manam SM Cebu,3298,0.0,0.0,20,0,103836,3,1,<NA>,12:24:55.44,2025-07-03,12:24:55.44,2025-07-03,True,False,1410.0,1410.0,178.92,-126.74,0,1,DINEIN1,1,False,0.0,0,False,12:24:55.44,2025-07-03,0.0,False,1,0.0,DINEIN1,0.0,0,0,-99.99,-10000000000,<NA>,0.0,0,3298,0,0,0,12:24:55.44,0.0,1,0,0.0,0,0,0,12:24:55.44,12:24:55.44
83,Manam,Manam SM Cebu,3299,0.0,0.0,0,0,103836,0,12,<NA>,13:26:17.627,2025-07-03,13:26:17.627,2025-07-03,True,False,453.0,453.0,48.54,0.0,0,1,GRABFOOD,1,False,0.0,0,False,13:26:17.627,2025-07-03,0.0,False,1,0.0,GRABFOOD,0.0,0,0,-99.99,-10000000000,<NA>,0.0,0,3299,0,0,0,13:26:17.627,0.0,1,0,0.0,0,0,0,13:26:17.627,13:26:17.627
83,Manam,Manam SM Cebu,3300,0.0,0.0,28,0,103836,2,3,<NA>,12:49:17.383,2025-07-03,12:49:17.383,2025-07-03,True,False,1295.0,1295.0,138.75,-98.28,0,1,DINEIN1,1,False,0.0,0,False,12:49:17.383,2025-07-03,0.0,False,1,0.0,DINEIN1,0.0,0,0,-99.99,-10000000000,<NA>,0.0,0,3300,0,0,0,12:49:17.383,0.0,1,0,0.0,0,0,0,12:49:17.383,12:49:17.383
83,Manam,Manam SM Cebu,3301,0.0,0.0,7,0,103836,5,3,<NA>,12:46:43.917,2025-07-03,12:46:43.917,2025-07-03,True,False,2835.0,2835.0,333.23,-236.03,0,1,DINEIN1,1,False,0.0,0,False,12:46:43.917,2025-07-03,0.0,False,1,0.0,DINEIN1,0.0,0,0,-99.99,-10000000000,<NA>,0.0,0,3301,0,0,0,12:46:43.917,0.0,1,0,0.0,0,0,0,12:46:43.917,12:46:43.917
83,Manam,Manam SM Cebu,3302,0.0,0.0,19,0,103836,3,3,<NA>,12:38:24.34,2025-07-03,12:38:24.34,2025-07-03,True,False,2559.64,2559.64,105.17857142857142,-193.7,0,1,DINEIN1,1,False,350.59,0,False,12:38:24.34,2025-07-03,0.0,False,1,0.0,DINEIN1,0.0,0,0,-99.99,-10000000000,<NA>,0.0,0,3302,0,0,0,12:38:24.34,0.0,1,0,0.0,0,0,0,12:38:24.34,12:38:24.34
83,Manam,Manam SM Cebu,3303,0.0,0.0,21,0,103836,5,3,<NA>,12:31:08.11,2025-07-03,12:31:08.11,2025-07-03,True,False,1993.1299999999999,1993.1299999999999,46.712857142857146,-138.97,0,1,DINEIN1,1,False,311.43,0,False,12:31:08.11,2025-07-03,0.0,False,1,0.0,DINEIN1,0.0,0,0,-99.99,-10000000000,<NA>,0.0,0,3303,0,0,0,12:31:08.11,0.0,1,0,0.0,0,0,0,12:31:08.11,12:31:08.11
83,Manam,Manam SM Cebu,3304,0.0,0.0,0,0,103836,0,1,<NA>,13:40:55.397,2025-07-03,13:40:55.397,2025-07-03,True,False,1040.0,1040.0,111.43,0.0,0,1,TAKEOUT,1,False,0.0,0,False,13:40:55.397,2025-07-03,0.0,False,1,0.0,TAKEOUT,0.0,0,0,-99.99,-10000000000,<NA>,0.0,0,3304,0,0,0,13:40:55.397,0.0,1,0,0.0,0,0,0,13:40:55.397,13:40:55.397
83,Manam,Manam SM Cebu,3305,0.0,0.0,44,0,105539,2,3,<NA>,12:18:06.793,2025-07-03,12:18:06.793,2025-07-03,True,False,2150.0,2150.0,247.51,-175.31,0,1,DINEIN1,1,False,0.0,0,False,12:18:06.793,2025-07-03,0.0,False,1,0.0,DINEIN1,0.0,0,0,-99.99,-10000000000,<NA>,0.0,0,3305,0,0,0,12:18:06.793,0.0,1,0,0.0,0,0,0,12:18:06.793,12:18:06.793
83,Manam,Manam SM Cebu,3306,0.0,0.0,16,0,105539,4,3,<NA>,12:51:24.143,2025-07-03,12:51:24.143,2025-07-03,True,False,2660.0,2660.0,306.42,-217.05,0,1,DINEIN1,1,False,0.0,0,False,12:51:24.143,2025-07-03,0.0,False,1,0.0,DINEIN1,0.0,0,0,-99.99,-10000000000,<NA>,0.0,0,3306,0,0,0,12:51:24.143,0.0,1,0,0.0,0,0,0,12:51:24.143,12:51:24.143
83,Manam,Manam SM Cebu,3307,0.0,0.0,10,0,105539,11,1,<NA>,12:44:51.797,2025-07-03,12:44:51.797,2025-07-03,True,False,6784.21,6784.21,808.8614285714285,-618.08,0,1,DINEIN1,1,False,134.66,0,False,12:44:51.797,2025-07-03,0.0,False,1,0.0,DINEIN1,0.0,0,0,-99.99,-10000000000,<NA>,0.0,0,3307,0,0,0,12:44:51.797,0.0,1,0,0.0,0,0,0,12:44:51.797,12:44:51.797
83,Manam,Manam SM Cebu,3308,0.0,0.0,24,0,105539,4,3,<NA>,12:52:38.41,2025-07-03,12:52:38.41,2025-07-03,True,False,2405.0,2405.0,257.68,-182.52,0,1,DINEIN1,1,False,0.0,0,False,12:52:38.41,2025-07-03,0.0,False,1,0.0,DINEIN1,0.0,0,0,-99.99,-10000000000,<NA>,0.0,0,3308,0,0,0,12:52:38.41,0.0,1,0,0.0,0,0,0,12:52:38.41,12:52:38.41
83,Manam,Manam SM Cebu,3309,0.0,0.0,0,0,103836,0,1,<NA>,13:16:21.717,2025-07-03,13:16:21.717,2025-07-03,True,False,1215.0,1215.0,130.18,0.0,0,1,TAKEOUT,1,False,0.0,0,False,13:16:21.717,2025-07-03,0.0,False,1,0.0,TAKEOUT,0.0,0,0,-99.99,-10000000000,<NA>,0.0,0,3309,0,0,0,13:16:21.717,0.0,1,0,0.0,0,0,0,13:16:21.717,13:16:21.717
83,Manam,Manam SM Cebu,3310,0.0,0.0,33,0,105539,2,1,<NA>,13:34:44.717,2025-07-03,13:34:44.717,2025-07-03,True,False,946.4200000000001,946.4200000000001,53.57142857142857,-68.31,0,1,DINEIN1,1,False,89.28,0,False,13:34:44.717,2025-07-03,0.0,False,1,0.0,DINEIN1,0.0,0,0,-99.99,-10000000000,<NA>,0.0,0,3310,0,0,0,13:34:44.717,0.0,1,0,0.0,0,0,0,13:34:44.717,13:34:44.717
83,Manam,Manam SM Cebu,3311,0.0,0.0,51,0,105539,3,1,<NA>,13:31:25.837,2025-07-03,13:31:25.837,2025-07-03,True,False,1425.3600000000001,1425.3600000000001,54.822857142857146,-100.96,0,1,DINEIN1,1,False,182.73,0,False,13:31:25.837,2025-07-03,0.0,False,1,0.0,DINEIN1,0.0,0,0,-99.99,-10000000000,<NA>,0.0,0,3311,0,0,0,13:31:25.837,0.0,1,0,0.0,0,0,0,13:31:25.837,13:31:25.837
83,Manam,Manam SM Cebu,3312,0.0,0.0,42,0,105539,2,1,<NA>,12:37:08.723,2025-07-03,12:37:08.723,2025-07-03,True,False,1121.52,1121.52,63.488571428571426,-80.94,0,1,DINEIN1,1,False,105.8,0,False,12:37:08.723,2025-07-03,0.0,False,1,0.0,DINEIN1,0.0,0,0,-99.99,-10000000000,<NA>,0.0,0,3312,0,0,0,12:37:08.723,0.0,1,0,0.0,0,0,0,12:37:08.723,12:37:08.723
83,Manam,Manam SM Cebu,3313,0.0,0.0,1,0,105539,9,3,<NA>,13:08:18.123,2025-07-03,13:08:18.123,2025-07-03,True,False,3836.67,3836.67,589.0771428571429,-457.12,0,1,DINEIN1,1,False,122.22,0,False,13:08:18.123,2025-07-03,0.0,False,1,0.0,DINEIN1,0.0,0,0,-99.99,-10000000000,<NA>,0.0,0,3313,0,0,0,13:08:18.123,0.0,1,0,0.0,0,0,0,13:08:18.123,13:08:18.123
83,Manam,Manam SM Cebu,3314,0.0,0.0,43,0,105539,2,1,<NA>,13:36:47.107,2025-07-03,13:36:47.107,2025-07-03,True,False,830.0,830.0,88.93,-62.99,0,1,DINEIN1,1,False,0.0,0,False,13:36:47.107,2025-07-03,0.0,False,1,0.0,DINEIN1,0.0,0,0,-99.99,-10000000000,<NA>,0.0,0,3314,0,0,0,13:36:47.107,0.0,1,0,0.0,0,0,0,13:36:47.107,13:36:47.107
83,Manam,Manam SM Cebu,3315,0.0,0.0,52,0,105539,3,1,<NA>,12:59:39.337,2025-07-03,12:59:39.337,2025-07-03,True,False,2531.25,2531.25,187.50142857142856,-185.94,0,1,DINEIN1,1,False,156.25,0,False,12:59:39.337,2025-07-03,0.0,False,1,0.0,DINEIN1,0.0,0,0,-99.99,-10000000000,<NA>,0.0,0,3315,0,0,0,12:59:39.337,0.0,1,0,0.0,0,0,0,12:59:39.337,12:59:39.337
83,Manam,Manam SM Cebu,3316,0.0,0.0,45,0,105539,4,3,<NA>,13:11:21.39,2025-07-03,13:11:21.39,2025-07-03,True,False,3016.9700000000003,3016.9700000000003,249.11,-223.5,0,1,DINEIN1,1,False,138.4,0,False,13:11:21.39,2025-07-03,0.0,False,1,0.0,DINEIN1,0.0,0,0,-99.99,-10000000000,<NA>,0.0,0,3316,0,0,0,13:11:21.39,0.0,1,0,0.0,0,0,0,13:11:21.39,13:11:21.39
83,Manam,Manam SM Cebu,3317,0.0,0.0,32,0,105539,4,1,<NA>,12:23:40.717,2025-07-03,12:23:40.717,2025-07-03,True,False,3117.7599999999998,3117.7599999999998,99.01714285714284,-236.75,0,1,DINEIN1,1,False,491.52,0,False,12:23:40.717,2025-07-03,0.0,False,1,0.0,DINEIN1,0.0,0,0,-99.99,-10000000000,<NA>,0.0,0,3317,0,0,0,12:23:40.717,0.0,1,0,0.0,0,0,0,12:23:40.717,12:23:40.717
83,Manam,Manam SM Cebu,3318,0.0,0.0,10,0,103836,2,1,<NA>,13:53:42.947,2025-07-03,13:53:42.947,2025-07-03,True,False,602.6800000000001,602.6800000000001,0.0,-40.98,0,1,DINEIN1,1,False,120.54,0,False,13:53:42.947,2025-07-03,0.0,False,1,0.0,DINEIN1,0.0,0,0,-99.99,-10000000000,<NA>,0.0,0,3318,0,0,0,13:53:42.947,0.0,1,0,0.0,0,0,0,13:53:42.947,13:53:42.947
83,Manam,Manam SM Cebu,3319,0.0,0.0,34,0,103836,4,3,<NA>,13:29:41.197,2025-07-03,13:29:41.197,2025-07-03,True,False,3065.0,3065.0,340.19,-240.96,0,1,DINEIN1,1,False,0.0,0,False,13:29:41.197,2025-07-03,0.0,False,1,0.0,DINEIN1,0.0,0,0,-99.99,-10000000000,<NA>,0.0,0,3319,0,0,0,13:29:41.197,0.0,1,0,0.0,0,0,0,13:29:41.197,13:29:41.197
83,Manam,Manam SM Cebu,3320,0.0,0.0,26,0,103836,5,1,<NA>,13:19:36.493,2025-07-03,13:19:36.493,2025-07-03,True,False,2103.9300000000003,2103.9300000000003,184.28428571428572,-156.65,0,1,DINEIN1,1,False,76.79,0,False,13:19:36.493,2025-07-03,0.0,False,1,0.0,DINEIN1,0.0,0,0,-99.99,-10000000000,<NA>,0.0,0,3320,0,0,0,13:19:36.493,0.0,1,0,0.0,0,0,0,13:19:36.493,13:19:36.493
83,Manam,Manam SM Cebu,3321,0.0,0.0,19,0,103836,5,3,<NA>,13:45:07.083,2025-07-03,13:45:07.083,2025-07-03,True,False,1919.0700000000002,1919.0700000000002,128.88714285714283,-139.99,0,1,DINEIN1,1,False,143.22,0,False,13:45:07.083,2025-07-03,0.0,False,1,0.0,DINEIN1,0.0,0,0,-99.99,-10000000000,<NA>,0.0,0,3321,0,0,0,13:45:07.083,0.0,1,0,0.0,0,0,0,13:45:07.083,13:45:07.083
83,Manam,Manam SM Cebu,3322,0.0,0.0,50,0,103836,7,3,<NA>,13:21:59.54,2025-07-03,13:21:59.54,2025-07-03,True,False,3730.7999999999997,3730.7999999999997,123.67428571428572,-262.8,0,1,DINEIN1,1,False,515.3,0,False,13:21:59.54,2025-07-03,0.0,False,1,0.0,DINEIN1,0.0,0,0,-99.99,-10000000000,<NA>,0.0,0,3322,0,0,0,13:21:59.54,0.0,1,0,0.0,0,0,0,13:21:59.54,13:21:59.54
83,Manam,Manam SM Cebu,3323,0.0,0.0,20,0,103836,8,3,<NA>,13:37:32.697,2025-07-03,13:37:32.697,2025-07-03,True,False,4397.78,4397.78,435.4671428571429,-343.71,0,1,DINEIN1,1,False,103.68,0,False,13:37:32.697,2025-07-03,0.0,False,1,0.0,DINEIN1,0.0,0,0,-99.99,-10000000000,<NA>,0.0,0,3323,0,0,0,13:37:32.697,0.0,1,0,0.0,0,0,0,13:37:32.697,13:37:32.697
83,Manam,Manam SM Cebu,3324,0.0,0.0,7,0,103836,6,3,<NA>,13:46:01.81,2025-07-03,13:46:01.81,2025-07-03,True,False,4785.0,4785.0,531.42,-376.43,0,1,DINEIN1,1,False,0.0,0,False,13:46:01.81,2025-07-03,0.0,False,1,0.0,DINEIN1,0.0,0,0,-99.99,-10000000000,<NA>,0.0,0,3324,0,0,0,13:46:01.81,0.0,1,0,0.0,0,0,0,13:46:01.81,13:46:01.81
83,Manam,Manam SM Cebu,3325,0.0,0.0,11,0,103836,7,3,<NA>,14:15:00.837,2025-07-03,14:15:00.837,2025-07-03,True,False,2555.0,2555.0,335.35,-237.54,0,1,DINEIN1,1,False,0.0,0,False,14:15:00.837,2025-07-03,0.0,False,1,0.0,DINEIN1,0.0,0,0,-99.99,-10000000000,<NA>,0.0,0,3325,0,0,0,14:15:00.837,0.0,1,0,0.0,0,0,0,14:15:00.837,14:15:00.837
83,Manam,Manam SM Cebu,3326,0.0,0.0,25,0,103836,4,3,<NA>,13:50:28.913,2025-07-03,13:50:28.913,2025-07-03,True,False,3220.0,3220.0,345.0,-244.38,0,1,DINEIN1,1,False,0.0,0,False,13:50:28.913,2025-07-03,0.0,False,1,0.0,DINEIN1,0.0,0,0,-99.99,-10000000000,<NA>,0.0,0,3326,0,0,0,13:50:28.913,0.0,1,0,0.0,0,0,0,13:50:28.913,13:50:28.913
83,Manam,Manam SM Cebu,3327,0.0,0.0,15,0,103836,5,3,<NA>,14:07:22.55,2025-07-03,14:07:22.55,2025-07-03,True,False,3094.36,3094.36,150.43571428571428,-234.41,0,1,DINEIN1,1,False,376.07,0,False,14:07:22.55,2025-07-03,0.0,False,1,0.0,DINEIN1,0.0,0,0,-99.99,-10000000000,<NA>,0.0,0,3327,0,0,0,14:07:22.55,0.0,1,0,0.0,0,0,0,14:07:22.55,14:07:22.55
83,Manam,Manam SM Cebu,3328,0.0,0.0,30,0,103836,1,1,<NA>,14:50:52.907,2025-07-03,14:50:52.907,2025-07-03,True,False,230.0,230.0,24.64,-17.46,0,1,DINEIN1,1,False,0.0,0,False,14:50:52.907,2025-07-03,0.0,False,1,0.0,DINEIN1,0.0,0,0,-99.99,-10000000000,<NA>,0.0,0,3328,0,0,0,14:50:52.907,0.0,1,0,0.0,0,0,0,14:50:52.907,14:50:52.907
83,Manam,Manam SM Cebu,3329,0.0,0.0,1,0,103836,4,1,<NA>,14:29:35.7,2025-07-03,14:29:35.7,2025-07-03,True,False,1216.16,1216.16,68.84,-87.77,0,1,DINEIN1,1,False,114.74,0,False,14:29:35.7,2025-07-03,0.0,False,1,0.0,DINEIN1,0.0,0,0,-99.99,-10000000000,<NA>,0.0,0,3329,0,0,0,14:29:35.7,0.0,1,0,0.0,0,0,0,14:29:35.7,14:29:35.7
83,Manam,Manam SM Cebu,3330,0.0,0.0,45,0,103836,2,3,<NA>,14:35:14.427,2025-07-03,14:35:14.427,2025-07-03,True,False,1388.3899999999999,1388.3899999999999,0.0,-94.41,0,1,DINEIN1,1,False,277.67,0,False,14:35:14.427,2025-07-03,0.0,False,1,0.0,DINEIN1,0.0,0,0,-99.99,-10000000000,<NA>,0.0,0,3330,0,0,0,14:35:14.427,0.0,1,0,0.0,0,0,0,14:35:14.427,14:35:14.427
83,Manam,Manam SM Cebu,3331,0.0,0.0,31,0,103836,3,3,<NA>,14:45:18.29,2025-07-03,14:45:18.29,2025-07-03,True,False,1965.0,1965.0,210.54,-149.13,0,1,DINEIN1,1,False,0.0,0,False,14:45:18.29,2025-07-03,0.0,False,1,0.0,DINEIN1,0.0,0,0,-99.99,-10000000000,<NA>,0.0,0,3331,0,0,0,14:45:18.29,0.0,1,0,0.0,0,0,0,14:45:18.29,14:45:18.29
83,Manam,Manam SM Cebu,3332,0.0,0.0,35,0,103836,3,3,<NA>,14:45:12.267,2025-07-03,14:45:12.267,2025-07-03,True,False,2525.0,2525.0,302.68,-214.4,0,1,DINEIN1,1,False,0.0,0,False,14:45:12.267,2025-07-03,0.0,False,1,0.0,DINEIN1,0.0,0,0,-99.99,-10000000000,<NA>,0.0,0,3332,0,0,0,14:45:12.267,0.0,1,0,0.0,0,0,0,14:45:12.267,14:45:12.267
83,Manam,Manam SM Cebu,3333,0.0,0.0,4,0,103836,6,1,<NA>,14:41:54.963,2025-07-03,14:41:54.963,2025-07-03,True,False,3129.11,3129.11,231.78571428571428,-229.85,0,1,DINEIN1,1,False,193.16,0,False,14:41:54.963,2025-07-03,0.0,False,1,0.0,DINEIN1,0.0,0,0,-99.99,-10000000000,<NA>,0.0,0,3333,0,0,0,14:41:54.963,0.0,1,0,0.0,0,0,0,14:41:54.963,14:41:54.963
83,Manam,Manam SM Cebu,3334,0.0,0.0,10,0,103836,3,3,<NA>,14:49:38.473,2025-07-03,14:49:38.473,2025-07-03,True,False,1145.0,1145.0,142.5,-100.94,0,1,DINEIN1,1,False,0.0,0,False,14:49:38.473,2025-07-03,0.0,False,1,0.0,DINEIN1,0.0,0,0,-99.99,-10000000000,<NA>,0.0,0,3334,0,0,0,14:49:38.473,0.0,1,0,0.0,0,0,0,14:49:38.473,14:49:38.473
83,Manam,Manam SM Cebu,3335,0.0,0.0,42,0,103836,2,3,<NA>,14:39:38.717,2025-07-03,14:39:38.717,2025-07-03,True,False,970.0,970.0,139.82,-99.04,0,1,DINEIN1,1,False,0.0,0,False,14:39:38.717,2025-07-03,0.0,False,1,0.0,DINEIN1,0.0,0,0,-99.99,-10000000000,<NA>,0.0,0,3335,0,0,0,14:39:38.717,0.0,1,0,0.0,0,0,0,14:39:38.717,14:39:38.717
83,Manam,Manam SM Cebu,3336,0.0,0.0,0,0,103836,0,12,<NA>,15:48:01.577,2025-07-03,15:48:01.577,2025-07-03,True,False,515.0,515.0,55.18,0.0,0,1,GRABFOOD,1,False,0.0,0,False,15:48:01.577,2025-07-03,0.0,False,1,0.0,GRABFOOD,0.0,0,0,-99.99,-10000000000,<NA>,0.0,0,3336,0,0,0,15:48:01.577,0.0,1,0,0.0,0,0,0,15:48:01.577,15:48:01.577
83,Manam,Manam SM Cebu,3337,0.0,0.0,51,0,103836,6,1,<NA>,14:58:23.717,2025-07-03,14:58:23.717,2025-07-03,True,False,3092.15,3092.15,235.71428571428572,-233.75,0,1,DINEIN1,1,False,196.44,0,False,14:58:23.717,2025-07-03,0.0,False,1,0.0,DINEIN1,0.0,0,0,-99.99,-10000000000,<NA>,0.0,0,3337,0,0,0,14:58:23.717,0.0,1,0,0.0,0,0,0,14:58:23.717,14:58:23.717
83,Manam,Manam SM Cebu,3338,0.0,0.0,19,0,103836,3,1,<NA>,15:21:16.117,2025-07-03,15:21:16.117,2025-07-03,True,False,1080.0,1080.0,132.86,-94.11,0,1,DINEIN1,1,False,0.0,0,False,15:21:16.117,2025-07-03,0.0,False,1,0.0,DINEIN1,0.0,0,0,-99.99,-10000000000,<NA>,0.0,0,3338,0,0,0,15:21:16.117,0.0,1,0,0.0,0,0,0,15:21:16.117,15:21:16.117
83,Manam,Manam SM Cebu,3339,0.0,0.0,0,0,108015,0,1,SNR-SOLO,15:46:59.267,2025-07-03,15:46:59.267,2025-07-03,True,False,558.03571,558.03571,0.0,0.0,0,1,TAKEOUT,1,False,111.61,0,False,15:46:59.267,2025-07-03,0.0,False,1,0.0,TAKEOUT,0.0,0,0,-99.99,-10000000000,<NA>,0.0,0,3339,0,0,0,15:46:59.267,0.0,1,0,0.0,0,0,0,15:46:59.267,15:46:59.267
83,Manam,Manam SM Cebu,3340,0.0,0.0,44,0,103836,3,3,<NA>,14:20:04.847,2025-07-03,14:20:04.847,2025-07-03,True,False,2450.0,2450.0,302.15,-214.02,0,1,DINEIN1,1,False,0.0,0,False,14:20:04.847,2025-07-03,0.0,False,1,0.0,DINEIN1,0.0,0,0,-99.99,-10000000000,<NA>,0.0,0,3340,0,0,0,14:20:04.847,0.0,1,0,0.0,0,0,0,14:20:04.847,14:20:04.847
83,Manam,Manam SM Cebu,3341,0.0,0.0,33,0,103836,2,3,<NA>,15:18:46.443,2025-07-03,15:18:46.443,2025-07-03,True,False,1040.0,1040.0,111.42,-78.93,0,1,DINEIN1,1,False,0.0,0,False,15:18:46.443,2025-07-03,0.0,False,1,0.0,DINEIN1,0.0,0,0,-99.99,-10000000000,<NA>,0.0,0,3341,0,0,0,15:18:46.443,0.0,1,0,0.0,0,0,0,15:18:46.443,15:18:46.443
83,Manam,Manam SM Cebu,3342,0.0,0.0,0,0,103836,0,12,<NA>,15:56:10.63,2025-07-03,15:56:10.63,2025-07-03,True,False,495.0,495.0,53.04,0.0,0,1,GRABFOOD,1,False,0.0,0,False,15:56:10.63,2025-07-03,0.0,False,1,0.0,GRABFOOD,0.0,0,0,-99.99,-10000000000,<NA>,0.0,0,3342,0,0,0,15:56:10.63,0.0,1,0,0.0,0,0,0,15:56:10.63,15:56:10.63
83,Manam,Manam SM Cebu,3343,0.0,0.0,0,0,103836,0,12,<NA>,15:59:28.16,2025-07-03,15:59:28.16,2025-07-03,True,False,503.0,503.0,53.89,0.0,0,1,GRABFOOD,1,False,0.0,0,False,15:59:28.16,2025-07-03,0.0,False,1,0.0,GRABFOOD,0.0,0,0,-99.99,-10000000000,<NA>,0.0,0,3343,0,0,0,15:59:28.16,0.0,1,0,0.0,0,0,0,15:59:28.16,15:59:28.16
83,Manam,Manam SM Cebu,3344,0.0,0.0,0,0,103836,0,12,<NA>,16:01:13.04,2025-07-03,16:01:13.04,2025-07-03,True,False,898.0,898.0,96.21,0.0,0,1,GRABFOOD,1,False,0.0,0,False,16:01:13.04,2025-07-03,0.0,False,1,0.0,GRABFOOD,0.0,0,0,-99.99,-10000000000,<NA>,0.0,0,3344,0,0,0,16:01:13.04,0.0,1,0,0.0,0,0,0,16:01:13.04,16:01:13.04
83,Manam,Manam SM Cebu,3345,0.0,0.0,0,0,103836,0,12,<NA>,16:04:20,2025-07-03,16:04:20,2025-07-03,True,False,1183.0,1183.0,126.74,0.0,0,1,GRABFOOD,1,False,0.0,0,False,16:04:20,2025-07-03,0.0,False,1,0.0,GRABFOOD,0.0,0,0,-99.99,-10000000000,<NA>,0.0,0,3345,0,0,0,16:04:20,0.0,1,0,0.0,0,0,0,16:04:20,16:04:20
83,Manam,Manam SM Cebu,3346,0.0,0.0,0,0,103836,0,12,GRABPWD 60,16:06:00.537,2025-07-03,16:06:00.537,2025-07-03,True,False,1540.0,1540.0,158.58,0.0,0,1,GRABFOOD,1,False,60.0,0,False,16:06:00.537,2025-07-03,0.0,False,1,0.0,GRABFOOD,0.0,0,0,-99.99,-10000000000,<NA>,0.0,0,3346,0,0,0,16:06:00.537,0.0,1,0,0.0,0,0,0,16:06:00.537,16:06:00.537
83,Manam,Manam SM Cebu,3347,0.0,0.0,28,0,103836,2,3,<NA>,14:57:48.893,2025-07-03,14:57:48.893,2025-07-03,True,False,1640.0,1640.0,195.53,-138.5,0,1,DINEIN1,1,False,0.0,0,False,14:57:48.893,2025-07-03,0.0,False,1,0.0,DINEIN1,0.0,0,0,-99.99,-10000000000,<NA>,0.0,0,3347,0,0,0,14:57:48.893,0.0,1,0,0.0,0,0,0,14:57:48.893,14:57:48.893
83,Manam,Manam SM Cebu,3348,0.0,0.0,27,0,103836,2,3,<NA>,15:06:09.387,2025-07-03,15:06:09.387,2025-07-03,True,False,1490.0,1490.0,159.64,-113.08,0,1,DINEIN1,1,False,0.0,0,False,15:06:09.387,2025-07-03,0.0,False,1,0.0,DINEIN1,0.0,0,0,-99.99,-10000000000,<NA>,0.0,0,3348,0,0,0,15:06:09.387,0.0,1,0,0.0,0,0,0,15:06:09.387,15:06:09.387
83,Manam,Manam SM Cebu,3349,0.0,0.0,40,0,103836,2,1,<NA>,15:41:07.117,2025-07-03,15:41:07.117,2025-07-03,True,False,1350.0,1350.0,144.64,-102.46,0,1,DINEIN1,1,False,0.0,0,False,15:41:07.117,2025-07-03,0.0,False,1,0.0,DINEIN1,0.0,0,0,-99.99,-10000000000,<NA>,0.0,0,3349,0,0,0,15:41:07.117,0.0,1,0,0.0,0,0,0,15:41:07.117,15:41:07.117
83,Manam,Manam SM Cebu,3350,0.0,0.0,12,0,103836,4,3,<NA>,15:33:04.567,2025-07-03,15:33:04.567,2025-07-03,True,False,1880.0,1880.0,201.44,-142.68,0,1,DINEIN1,1,False,0.0,0,False,15:33:04.567,2025-07-03,0.0,False,1,0.0,DINEIN1,0.0,0,0,-99.99,-10000000000,<NA>,0.0,0,3350,0,0,0,15:33:04.567,0.0,1,0,0.0,0,0,0,15:33:04.567,15:33:04.567
83,Manam,Manam SM Cebu,3351,0.0,0.0,20,0,103836,7,3,<NA>,15:07:30.1,2025-07-03,15:07:30.1,2025-07-03,True,False,4099.41,4099.41,288.89714285714285,-325.78,0,1,DINEIN1,1,False,359.31,0,False,15:07:30.1,2025-07-03,0.0,False,1,0.0,DINEIN1,0.0,0,0,-99.99,-10000000000,<NA>,0.0,0,3351,0,0,0,15:07:30.1,0.0,1,0,0.0,0,0,0,15:07:30.1,15:07:30.1
83,Manam,Manam SM Cebu,3352,0.0,0.0,7,0,103836,4,1,<NA>,15:23:41.813,2025-07-03,15:23:41.813,2025-07-03,True,False,1890.0,1890.0,250.72,-177.59,0,1,DINEIN1,1,False,0.0,0,False,15:23:41.813,2025-07-03,0.0,False,1,0.0,DINEIN1,0.0,0,0,-99.99,-10000000000,<NA>,0.0,0,3352,0,0,0,15:23:41.813,0.0,1,0,0.0,0,0,0,15:23:41.813,15:23:41.813
83,Manam,Manam SM Cebu,3353,0.0,0.0,31,0,103836,3,3,<NA>,15:47:09.307,2025-07-03,15:47:09.307,2025-07-03,True,False,1530.0,1530.0,163.93,-116.12,0,1,DINEIN1,1,False,0.0,0,False,15:47:09.307,2025-07-03,0.0,False,1,0.0,DINEIN1,0.0,0,0,-99.99,-10000000000,<NA>,0.0,0,3353,0,0,0,15:47:09.307,0.0,1,0,0.0,0,0,0,15:47:09.307,15:47:09.307
83,Manam,Manam SM Cebu,3354,0.0,0.0,43,0,103836,2,3,<NA>,15:35:45.227,2025-07-03,15:35:45.227,2025-07-03,True,False,1227.67,1227.67,0.0,-83.48,0,1,DINEIN1,1,False,245.54,0,False,15:35:45.227,2025-07-03,0.0,False,1,0.0,DINEIN1,0.0,0,0,-99.99,-10000000000,<NA>,0.0,0,3354,0,0,0,15:35:45.227,0.0,1,0,0.0,0,0,0,15:35:45.227,15:35:45.227
83,Manam,Manam SM Cebu,3355,0.0,0.0,25,0,103836,2,1,<NA>,15:13:14.46,2025-07-03,15:13:14.46,2025-07-03,True,False,1602.68,1602.68,0.0,-108.98,0,1,DINEIN1,1,False,320.53,0,False,15:13:14.46,2025-07-03,0.0,False,1,0.0,DINEIN1,0.0,0,0,-99.99,-10000000000,<NA>,0.0,0,3355,0,0,0,15:13:14.46,0.0,1,0,0.0,0,0,0,15:13:14.46,15:13:14.46
83,Manam,Manam SM Cebu,3356,0.0,0.0,34,0,103836,3,3,<NA>,15:52:59.33,2025-07-03,15:52:59.33,2025-07-03,True,False,860.0,860.0,92.13,-65.27,0,1,DINEIN1,1,False,0.0,0,False,15:52:59.33,2025-07-03,0.0,False,1,0.0,DINEIN1,0.0,0,0,-99.99,-10000000000,<NA>,0.0,0,3356,0,0,0,15:52:59.33,0.0,1,0,0.0,0,0,0,15:52:59.33,15:52:59.33
83,Manam,Manam SM Cebu,3357,0.0,0.0,0,0,103836,0,1,<NA>,16:30:30.907,2025-07-03,16:30:30.907,2025-07-03,True,False,800.0,800.0,85.71,0.0,0,1,TAKEOUT,1,False,0.0,0,False,16:30:30.907,2025-07-03,0.0,False,1,0.0,TAKEOUT,0.0,0,0,-99.99,-10000000000,<NA>,0.0,0,3357,0,0,0,16:30:30.907,0.0,1,0,0.0,0,0,0,16:30:30.907,16:30:30.907
83,Manam,Manam SM Cebu,3358,0.0,0.0,1,0,103836,4,1,<NA>,16:04:31.043,2025-07-03,16:04:31.043,2025-07-03,True,False,1730.0,1730.0,194.46,-137.75,0,1,DINEIN1,1,False,0.0,0,False,16:04:31.043,2025-07-03,0.0,False,1,0.0,DINEIN1,0.0,0,0,-99.99,-10000000000,<NA>,0.0,0,3358,0,0,0,16:04:31.043,0.0,1,0,0.0,0,0,0,16:04:31.043,16:04:31.043
83,Manam,Manam SM Cebu,3359,0.0,0.0,30,0,103836,2,3,<NA>,16:02:49.937,2025-07-03,16:02:49.937,2025-07-03,True,False,810.0,810.0,86.79,-61.47,0,1,DINEIN1,1,False,0.0,0,False,16:02:49.937,2025-07-03,0.0,False,1,0.0,DINEIN1,0.0,0,0,-99.99,-10000000000,<NA>,0.0,0,3359,0,0,0,16:02:49.937,0.0,1,0,0.0,0,0,0,16:02:49.937,16:02:49.937
83,Manam,Manam SM Cebu,3360,0.0,0.0,50,0,103836,5,3,<NA>,15:55:39.557,2025-07-03,15:55:39.557,2025-07-03,True,False,2920.0,2920.0,312.86,-221.61,0,1,DINEIN1,1,False,0.0,0,False,15:55:39.557,2025-07-03,0.0,False,1,0.0,DINEIN1,0.0,0,0,-99.99,-10000000000,<NA>,0.0,0,3360,0,0,0,15:55:39.557,0.0,1,0,0.0,0,0,0,15:55:39.557,15:55:39.557
83,Manam,Manam SM Cebu,3361,0.0,0.0,0,0,103836,0,10,<NA>,17:00:33.323,2025-07-03,17:00:33.323,2025-07-03,True,False,546.0,546.0,58.5,0.0,0,1,FOODPANDA,1,False,0.0,0,False,17:00:33.323,2025-07-03,0.0,False,1,0.0,FOODPANDA,0.0,0,0,-99.99,-10000000000,<NA>,0.0,0,3361,0,0,0,17:00:33.323,0.0,1,0,0.0,0,0,0,17:00:33.323,17:00:33.323
83,Manam,Manam SM Cebu,3362,0.0,0.0,9,0,103836,2,1,<NA>,16:19:32.437,2025-07-03,16:19:32.437,2025-07-03,True,False,1780.0,1780.0,190.72,-135.09,0,1,DINEIN1,1,False,0.0,0,False,16:19:32.437,2025-07-03,0.0,False,1,0.0,DINEIN1,0.0,0,0,-99.99,-10000000000,<NA>,0.0,0,3362,0,0,0,16:19:32.437,0.0,1,0,0.0,0,0,0,16:19:32.437,16:19:32.437
83,Manam,Manam SM Cebu,3363,0.0,0.0,11,0,103836,6,1,<NA>,16:27:30.913,2025-07-03,16:27:30.913,2025-07-03,True,False,2696.87,2696.87,290.62571428571425,-238.8,0,1,DINEIN1,1,False,96.87,0,False,16:27:30.913,2025-07-03,0.0,False,1,0.0,DINEIN1,0.0,0,0,-99.99,-10000000000,<NA>,0.0,0,3363,0,0,0,16:27:30.913,0.0,1,0,0.0,0,0,0,16:27:30.913,16:27:30.913
83,Manam,Manam SM Cebu,3364,0.0,0.0,0,0,103836,0,12,<NA>,17:06:41.06,2025-07-03,17:06:41.06,2025-07-03,True,False,315.0,315.0,33.75,0.0,0,1,GRABFOOD,1,False,0.0,0,False,17:06:41.06,2025-07-03,0.0,False,1,0.0,GRABFOOD,0.0,0,0,-99.99,-10000000000,<NA>,0.0,0,3364,0,0,0,17:06:41.06,0.0,1,0,0.0,0,0,0,17:06:41.06,17:06:41.06
83,Manam,Manam SM Cebu,3365,0.0,0.0,0,0,103836,0,12,<NA>,17:16:55.6,2025-07-03,17:16:55.6,2025-07-03,True,False,1990.0,1990.0,228.75,0.0,0,1,GRABFOOD,1,False,0.0,0,False,17:16:55.6,2025-07-03,0.0,False,1,0.0,GRABFOOD,0.0,0,0,-99.99,-10000000000,<NA>,0.0,0,3365,0,0,0,17:16:55.6,0.0,1,0,0.0,0,0,0,17:16:55.6,17:16:55.6
83,Manam,Manam SM Cebu,3366,0.0,0.0,18,0,103836,3,3,<NA>,15:58:43.4,2025-07-03,15:58:43.4,2025-07-03,True,False,1605.0,1605.0,171.96,-121.81,0,1,DINEIN1,1,False,0.0,0,False,15:58:43.4,2025-07-03,0.0,False,1,0.0,DINEIN1,0.0,0,0,-99.99,-10000000000,<NA>,0.0,0,3366,0,0,0,15:58:43.4,0.0,1,0,0.0,0,0,0,15:58:43.4,15:58:43.4
83,Manam,Manam SM Cebu,3367,0.0,0.0,10,0,103836,3,3,10% LOYAL,16:26:32.807,2025-07-03,16:26:32.807,2025-07-03,True,False,1930.0,1930.0,204.43,-144.8,0,1,DINEIN1,1,False,212.0,0,False,16:26:32.807,2025-07-03,0.0,False,1,0.0,DINEIN1,0.0,0,0,-99.99,-10000000000,10472301,0.0,0,3367,0,0,0,16:26:32.807,0.0,1,0,0.0,0,0,0,16:26:32.807,16:26:32.807
83,Manam,Manam SM Cebu,3368,0.0,0.0,4,0,103836,4,3,<NA>,16:11:15.957,2025-07-03,16:11:15.957,2025-07-03,True,False,3197.37,3197.37,296.1357142857143,-262.8,0,1,DINEIN1,1,False,162.72,0,False,16:11:15.957,2025-07-03,0.0,False,1,0.0,DINEIN1,0.0,0,0,-99.99,-10000000000,<NA>,0.0,0,3368,0,0,0,16:11:15.957,0.0,1,0,0.0,0,0,0,16:11:15.957,16:11:15.957
83,Manam,Manam SM Cebu,3369,0.0,0.0,1,0,103836,4,3,<NA>,17:02:00.263,2025-07-03,17:02:00.263,2025-07-03,True,False,1480.0,1480.0,158.57,-112.32,0,1,DINEIN1,1,False,0.0,0,False,17:02:00.263,2025-07-03,0.0,False,1,0.0,DINEIN1,0.0,0,0,-99.99,-10000000000,<NA>,0.0,0,3369,0,0,0,17:02:00.263,0.0,1,0,0.0,0,0,0,17:02:00.263,17:02:00.263
83,Manam,Manam SM Cebu,3370,0.0,0.0,31,0,103836,4,3,<NA>,16:54:01.907,2025-07-03,16:54:01.907,2025-07-03,True,False,2398.9700000000003,2398.9700000000003,198.07714285714283,-177.72,0,1,DINEIN1,1,False,110.05,0,False,16:54:01.907,2025-07-03,0.0,False,1,0.0,DINEIN1,0.0,0,0,-99.99,-10000000000,<NA>,0.0,0,3370,0,0,0,16:54:01.907,0.0,1,0,0.0,0,0,0,16:54:01.907,16:54:01.907
83,Manam,Manam SM Cebu,3371,0.0,0.0,27,0,103836,5,3,<NA>,16:42:17.993,2025-07-03,16:42:17.993,2025-07-03,True,False,2531.65,2531.65,170.03428571428572,-184.68,0,1,DINEIN1,1,False,188.93,0,False,16:42:17.993,2025-07-03,0.0,False,1,0.0,DINEIN1,0.0,0,0,-99.99,-10000000000,<NA>,0.0,0,3371,0,0,0,16:42:17.993,0.0,1,0,0.0,0,0,0,16:42:17.993,16:42:17.993
83,Manam,Manam SM Cebu,3372,0.0,0.0,7,0,103836,2,3,<NA>,17:06:22.55,2025-07-03,17:06:22.55,2025-07-03,True,False,975.0,975.0,104.46,-74.0,0,1,DINEIN1,1,False,0.0,0,False,17:06:22.55,2025-07-03,0.0,False,1,0.0,DINEIN1,0.0,0,0,-99.99,-10000000000,<NA>,0.0,0,3372,0,0,0,17:06:22.55,0.0,1,0,0.0,0,0,0,17:06:22.55,17:06:22.55
83,Manam,Manam SM Cebu,3373,0.0,0.0,8,0,103836,4,3,<NA>,17:21:49.657,2025-07-03,17:21:49.657,2025-07-03,True,False,1840.0,1840.0,197.15,-139.64,0,1,DINEIN1,1,False,0.0,0,False,17:21:49.657,2025-07-03,0.0,False,1,0.0,DINEIN1,0.0,0,0,-99.99,-10000000000,<NA>,0.0,0,3373,0,0,0,17:21:49.657,0.0,1,0,0.0,0,0,0,17:21:49.657,17:21:49.657
83,Manam,Manam SM Cebu,3374,0.0,0.0,43,0,103836,10,3,<NA>,16:48:17.387,2025-07-03,16:48:17.387,2025-07-03,True,False,4205.4,4205.4,438.82142857142856,-370.85,0,1,DINEIN1,1,False,181.78,0,False,16:48:17.387,2025-07-03,0.0,False,1,0.0,DINEIN1,0.0,0,0,-99.99,-10000000000,<NA>,0.0,0,3374,0,0,0,16:48:17.387,0.0,1,0,0.0,0,0,0,16:48:17.387,16:48:17.387
83,Manam,Manam SM Cebu,3375,0.0,0.0,40,0,103836,7,1,<NA>,16:54:27.28,2025-07-03,16:54:27.28,2025-07-03,True,False,4105.0,4105.0,469.29,-332.41,0,1,DINEIN1,1,False,0.0,0,False,16:54:27.28,2025-07-03,0.0,False,1,0.0,DINEIN1,0.0,0,0,-99.99,-10000000000,<NA>,0.0,0,3375,0,0,0,16:54:27.28,0.0,1,0,0.0,0,0,0,16:54:27.28,16:54:27.28
83,Manam,Manam SM Cebu,3376,0.0,0.0,20,0,103836,7,3,<NA>,16:40:29.597,2025-07-03,16:40:29.597,2025-07-03,True,False,4875.0,4875.0,554.46,-392.75,0,1,DINEIN1,1,False,0.0,0,False,16:40:29.597,2025-07-03,0.0,False,1,0.0,DINEIN1,0.0,0,0,-99.99,-10000000000,<NA>,0.0,0,3376,0,0,0,16:40:29.597,0.0,1,0,0.0,0,0,0,16:40:29.597,16:40:29.597
83,Manam,Manam SM Cebu,3377,0.0,0.0,14,0,103836,3,1,<NA>,16:59:27.64,2025-07-03,16:59:27.64,2025-07-03,True,False,1531.6100000000001,1531.6100000000001,128.73857142857142,-125.73,0,1,DINEIN1,1,False,105.66,0,False,16:59:27.64,2025-07-03,0.0,False,1,0.0,DINEIN1,0.0,0,0,-99.99,-10000000000,<NA>,0.0,0,3377,0,0,0,16:59:27.64,0.0,1,0,0.0,0,0,0,16:59:27.64,16:59:27.64
83,Manam,Manam SM Cebu,3378,0.0,0.0,50,0,103836,5,3,<NA>,17:28:50.347,2025-07-03,17:28:50.347,2025-07-03,True,False,2880.0,2880.0,346.08,-245.13,0,1,DINEIN1,1,False,0.0,0,False,17:28:50.347,2025-07-03,0.0,False,1,0.0,DINEIN1,0.0,0,0,-99.99,-10000000000,<NA>,0.0,0,3378,0,0,0,17:28:50.347,0.0,1,0,0.0,0,0,0,17:28:50.347,17:28:50.347
83,Manam,Manam SM Cebu,3379,0.0,0.0,12,0,103836,4,3,<NA>,17:26:27.503,2025-07-03,17:26:27.503,2025-07-03,True,False,2082.14,2082.14,117.85142857142856,-150.27,0,1,DINEIN1,1,False,196.42,0,False,17:26:27.503,2025-07-03,0.0,False,1,0.0,DINEIN1,0.0,0,0,-99.99,-10000000000,<NA>,0.0,0,3379,0,0,0,17:26:27.503,0.0,1,0,0.0,0,0,0,17:26:27.503,17:26:27.503
83,Manam,Manam SM Cebu,3380,0.0,0.0,33,0,103836,5,3,<NA>,17:02:35.697,2025-07-03,17:02:35.697,2025-07-03,True,False,3019.79,3019.79,202.82571428571427,-220.28,0,1,DINEIN1,1,False,225.36,0,False,17:02:35.697,2025-07-03,0.0,False,1,0.0,DINEIN1,0.0,0,0,-99.99,-10000000000,<NA>,0.0,0,3380,0,0,0,17:02:35.697,0.0,1,0,0.0,0,0,0,17:02:35.697,17:02:35.697
83,Manam,Manam SM Cebu,3381,0.0,0.0,19,0,103836,2,3,10% LOYAL,17:09:47.477,2025-07-03,17:09:47.477,2025-07-03,True,False,1935.0,1935.0,186.6,-132.17,0,1,DINEIN1,1,False,193.5,0,False,17:09:47.477,2025-07-03,0.0,False,1,0.0,DINEIN1,0.0,0,0,-99.99,-10000000000,10472316,0.0,0,3381,0,0,0,17:09:47.477,0.0,1,0,0.0,0,0,0,17:09:47.477,17:09:47.477
83,Manam,Manam SM Cebu,3382,0.0,0.0,23,0,103836,5,1,<NA>,17:10:21,2025-07-03,17:10:21,2025-07-03,True,False,3590.0,3590.0,384.65,-272.46,0,1,DINEIN1,1,False,0.0,0,False,17:10:21,2025-07-03,0.0,False,1,0.0,DINEIN1,0.0,0,0,-99.99,-10000000000,<NA>,0.0,0,3382,0,0,0,17:10:21,0.0,1,0,0.0,0,0,0,17:10:21,17:10:21
83,Manam,Manam SM Cebu,3383,0.0,0.0,0,0,103836,0,10,<NA>,18:23:10.22,2025-07-03,18:23:10.22,2025-07-03,True,False,2637.0,2637.0,344.26,0.0,0,1,FOODPANDA,1,False,0.0,0,False,18:23:10.22,2025-07-03,0.0,False,1,0.0,FOODPANDA,0.0,0,0,-99.99,-10000000000,<NA>,0.0,0,3383,0,0,0,18:23:10.22,0.0,1,0,0.0,0,0,0,18:23:10.22,18:23:10.22
83,Manam,Manam SM Cebu,3384,0.0,0.0,30,0,103836,2,3,<NA>,17:32:57.06,2025-07-03,17:32:57.06,2025-07-03,True,False,1175.0,1175.0,134.99,-95.63,0,1,DINEIN1,1,False,0.0,0,False,17:32:57.06,2025-07-03,0.0,False,1,0.0,DINEIN1,0.0,0,0,-99.99,-10000000000,<NA>,0.0,0,3384,0,0,0,17:32:57.06,0.0,1,0,0.0,0,0,0,17:32:57.06,17:32:57.06
83,Manam,Manam SM Cebu,3385,0.0,0.0,18,0,103836,2,3,<NA>,17:30:32.957,2025-07-03,17:30:32.957,2025-07-03,True,False,1784.02,1784.02,100.97857142857141,-128.75,0,1,DINEIN1,1,False,168.3,0,False,17:30:32.957,2025-07-03,0.0,False,1,0.0,DINEIN1,0.0,0,0,-99.99,-10000000000,<NA>,0.0,0,3385,0,0,0,17:30:32.957,0.0,1,0,0.0,0,0,0,17:30:32.957,17:30:32.957
83,Manam,Manam SM Cebu,3386,0.0,0.0,0,0,103836,0,10,<NA>,18:35:09.403,2025-07-03,18:35:09.403,2025-07-03,True,False,365.0,365.0,39.11,0.0,0,1,FOODPANDA,1,False,0.0,0,False,18:35:09.403,2025-07-03,0.0,False,1,0.0,FOODPANDA,0.0,0,0,-99.99,-10000000000,<NA>,0.0,0,3386,0,0,0,18:35:09.403,0.0,1,0,0.0,0,0,0,18:35:09.403,18:35:09.403
83,Manam,Manam SM Cebu,3387,0.0,0.0,51,0,103836,5,3,<NA>,17:20:53.633,2025-07-03,17:20:53.633,2025-07-03,True,False,3390.0,3390.0,402.85,-285.36,0,1,DINEIN1,1,False,0.0,0,False,17:20:53.633,2025-07-03,0.0,False,1,0.0,DINEIN1,0.0,0,0,-99.99,-10000000000,<NA>,0.0,0,3387,0,0,0,17:20:53.633,0.0,1,0,0.0,0,0,0,17:20:53.633,17:20:53.633
83,Manam,Manam SM Cebu,3388,0.0,0.0,7,0,103836,2,3,20% LOYAL,18:03:03.837,2025-07-03,18:03:03.837,2025-07-03,True,False,1180.0,1180.0,101.14,-71.64,0,1,DINEIN1,1,False,236.0,0,False,18:03:03.837,2025-07-03,0.0,False,1,0.0,DINEIN1,0.0,0,0,-99.99,-10000000000,0,0.0,0,3388,0,0,0,18:03:03.837,0.0,1,0,0.0,0,0,0,18:03:03.837,18:03:03.837
83,Manam,Manam SM Cebu,3388,0.0,0.0,7,0,103836,2,3,20% LOYAL,18:03:03.837,2025-07-03,18:03:03.837,2025-07-03,True,False,1180.0,1180.0,101.14,-71.64,0,1,DINEIN1,1,False,236.0,0,False,18:03:03.837,2025-07-03,0.0,False,1,0.0,DINEIN1,0.0,0,0,-99.99,-10000000000,10122830,0.0,0,3388,0,0,0,18:03:03.837,0.0,1,0,0.0,0,0,0,18:03:03.837,18:03:03.837
83,Manam,Manam SM Cebu,3389,0.0,0.0,41,0,103836,2,1,<NA>,18:14:52.08,2025-07-03,18:14:52.08,2025-07-03,True,False,742.95,742.95,42.058571428571426,-53.62,0,1,DINEIN1,1,False,70.09,0,False,18:14:52.08,2025-07-03,0.0,False,1,0.0,DINEIN1,0.0,0,0,-99.99,-10000000000,<NA>,0.0,0,3389,0,0,0,18:14:52.08,0.0,1,0,0.0,0,0,0,18:14:52.08,18:14:52.08
83,Manam,Manam SM Cebu,3390,0.0,0.0,1,0,103836,7,3,<NA>,18:08:31.963,2025-07-03,18:08:31.963,2025-07-03,True,False,2560.0,2560.0,339.64,-240.58,0,1,DINEIN1,1,False,0.0,0,False,18:08:31.963,2025-07-03,0.0,False,1,0.0,DINEIN1,0.0,0,0,-99.99,-10000000000,<NA>,0.0,0,3390,0,0,0,18:08:31.963,0.0,1,0,0.0,0,0,0,18:08:31.963,18:08:31.963
83,Manam,Manam SM Cebu,3391,0.0,0.0,28,0,103836,5,1,<NA>,18:07:11.423,2025-07-03,18:07:11.423,2025-07-03,True,False,2509.7799999999997,2509.7799999999997,180.31428571428572,-195.85,0,1,DINEIN1,1,False,200.36,0,False,18:07:11.423,2025-07-03,0.0,False,1,0.0,DINEIN1,0.0,0,0,-99.99,-10000000000,<NA>,0.0,0,3391,0,0,0,18:07:11.423,0.0,1,0,0.0,0,0,0,18:07:11.423,18:07:11.423
83,Manam,Manam SM Cebu,3392,0.0,0.0,42,0,103836,2,3,<NA>,18:12:53.577,2025-07-03,18:12:53.577,2025-07-03,True,False,890.0,890.0,95.35,-67.54,0,1,DINEIN1,1,False,0.0,0,False,18:12:53.577,2025-07-03,0.0,False,1,0.0,DINEIN1,0.0,0,0,-99.99,-10000000000,<NA>,0.0,0,3392,0,0,0,18:12:53.577,0.0,1,0,0.0,0,0,0,18:12:53.577,18:12:53.577
83,Manam,Manam SM Cebu,3393,0.0,0.0,31,0,103836,4,1,<NA>,18:04:40.25,2025-07-03,18:04:40.25,2025-07-03,True,False,2800.0,2800.0,338.57,-239.82,0,1,DINEIN1,1,False,0.0,0,False,18:04:40.25,2025-07-03,0.0,False,1,0.0,DINEIN1,0.0,0,0,-99.99,-10000000000,<NA>,0.0,0,3393,0,0,0,18:04:40.25,0.0,1,0,0.0,0,0,0,18:04:40.25,18:04:40.25
83,Manam,Manam SM Cebu,3394,0.0,0.0,9,0,103836,2,3,<NA>,18:11:16.96,2025-07-03,18:11:16.96,2025-07-03,True,False,1075.0,1075.0,124.28,-88.04,0,1,DINEIN1,1,False,0.0,0,False,18:11:16.96,2025-07-03,0.0,False,1,0.0,DINEIN1,0.0,0,0,-99.99,-10000000000,<NA>,0.0,0,3394,0,0,0,18:11:16.96,0.0,1,0,0.0,0,0,0,18:11:16.96,18:11:16.96
83,Manam,Manam SM Cebu,3395,0.0,0.0,4,0,103836,3,1,<NA>,17:55:57.893,2025-07-03,17:55:57.893,2025-07-03,True,False,2480.0,2480.0,265.7,-188.21,0,1,DINEIN1,1,False,0.0,0,False,17:55:57.893,2025-07-03,0.0,False,1,0.0,DINEIN1,0.0,0,0,-99.99,-10000000000,<NA>,0.0,0,3395,0,0,0,17:55:57.893,0.0,1,0,0.0,0,0,0,17:55:57.893,17:55:57.893
83,Manam,Manam SM Cebu,3396,0.0,0.0,15,0,107996,2,3,<NA>,18:24:10.607,2025-07-03,18:24:10.607,2025-07-03,True,False,1480.0,1480.0,158.57,-112.32,0,1,DINEIN1,1,False,0.0,0,False,18:24:10.607,2025-07-03,0.0,False,1,0.0,DINEIN1,0.0,0,0,-99.99,-10000000000,<NA>,0.0,0,3396,0,0,0,18:24:10.607,0.0,1,0,0.0,0,0,0,18:24:10.607,18:24:10.607
83,Manam,Manam SM Cebu,3397,0.0,0.0,10,0,107996,5,3,<NA>,17:36:35.65,2025-07-03,17:36:35.65,2025-07-03,True,False,3310.0,3310.0,404.99,-286.88,0,1,DINEIN1,1,False,0.0,0,False,17:36:35.65,2025-07-03,0.0,False,1,0.0,DINEIN1,0.0,0,0,-99.99,-10000000000,<NA>,0.0,0,3397,0,0,0,17:36:35.65,0.0,1,0,0.0,0,0,0,17:36:35.65,17:36:35.65
83,Manam,Manam SM Cebu,3398,0.0,0.0,16,0,107996,2,3,<NA>,18:25:59.533,2025-07-03,18:25:59.533,2025-07-03,True,False,1170.0,1170.0,125.36,-88.79,0,1,DINEIN1,1,False,0.0,0,False,18:25:59.533,2025-07-03,0.0,False,1,0.0,DINEIN1,0.0,0,0,-99.99,-10000000000,<NA>,0.0,0,3398,0,0,0,18:25:59.533,0.0,1,0,0.0,0,0,0,18:25:59.533,18:25:59.533
83,Manam,Manam SM Cebu,3399,0.0,0.0,30,0,107996,2,3,<NA>,18:32:08.393,2025-07-03,18:32:08.393,2025-07-03,True,False,1535.0,1535.0,164.45,-116.5,0,1,DINEIN1,1,False,0.0,0,False,18:32:08.393,2025-07-03,0.0,False,1,0.0,DINEIN1,0.0,0,0,-99.99,-10000000000,<NA>,0.0,0,3399,0,0,0,18:32:08.393,0.0,1,0,0.0,0,0,0,18:32:08.393,18:32:08.393
83,Manam,Manam SM Cebu,3400,0.0,0.0,7,0,102267,2,3,<NA>,18:51:27.867,2025-07-03,18:51:27.867,2025-07-03,True,False,1375.8899999999999,1375.8899999999999,84.10428571428571,-107.24,0,1,DINEIN1,1,False,140.18,0,False,18:51:27.867,2025-07-03,0.0,False,1,0.0,DINEIN1,0.0,0,0,-99.99,-10000000000,<NA>,0.0,0,3400,0,0,0,18:51:27.867,0.0,1,0,0.0,0,0,0,18:51:27.867,18:51:27.867
83,Manam,Manam SM Cebu,3401,0.0,0.0,45,0,102267,3,1,<NA>,18:30:16.437,2025-07-03,18:30:16.437,2025-07-03,True,False,1305.0,1305.0,156.97,-111.18,0,1,DINEIN1,1,False,0.0,0,False,18:30:16.437,2025-07-03,0.0,False,1,0.0,DINEIN1,0.0,0,0,-99.99,-10000000000,<NA>,0.0,0,3401,0,0,0,18:30:16.437,0.0,1,0,0.0,0,0,0,18:30:16.437,18:30:16.437
83,Manam,Manam SM Cebu,3402,0.0,0.0,42,0,102267,2,3,<NA>,19:00:41.54,2025-07-03,19:00:41.54,2025-07-03,True,False,1445.0,1445.0,154.82,-109.67,0,1,DINEIN1,1,False,0.0,0,False,19:00:41.54,2025-07-03,0.0,False,1,0.0,DINEIN1,0.0,0,0,-99.99,-10000000000,<NA>,0.0,0,3402,0,0,0,19:00:41.54,0.0,1,0,0.0,0,0,0,19:00:41.54,19:00:41.54
83,Manam,Manam SM Cebu,3403,0.0,0.0,43,0,102267,8,1,<NA>,18:28:16.787,2025-07-03,18:28:16.787,2025-07-03,True,False,3964.56,3964.56,403.55857142857144,-420.85,0,1,DINEIN1,1,False,401.46,0,False,18:28:16.787,2025-07-03,0.0,False,1,0.0,DINEIN1,0.0,0,0,-99.99,-10000000000,<NA>,0.0,0,3403,0,0,0,18:28:16.787,0.0,1,0,0.0,0,0,0,18:28:16.787,18:28:16.787
83,Manam,Manam SM Cebu,3404,0.0,0.0,50,0,102267,5,1,<NA>,18:33:59.827,2025-07-03,18:33:59.827,2025-07-03,True,False,2050.0,2050.0,219.64,-155.58,0,1,DINEIN1,1,False,0.0,0,False,18:33:59.827,2025-07-03,0.0,False,1,0.0,DINEIN1,0.0,0,0,-99.99,-10000000000,<NA>,0.0,0,3404,0,0,0,18:33:59.827,0.0,1,0,0.0,0,0,0,18:33:59.827,18:33:59.827
83,Manam,Manam SM Cebu,3405,0.0,0.0,23,0,102267,7,1,<NA>,18:46:37.323,2025-07-03,18:46:37.323,2025-07-03,True,False,5070.0,5070.0,584.46,-414.0,0,1,DINEIN1,1,False,0.0,0,False,18:46:37.323,2025-07-03,0.0,False,1,0.0,DINEIN1,0.0,0,0,-99.99,-10000000000,<NA>,0.0,0,3405,0,0,0,18:46:37.323,0.0,1,0,0.0,0,0,0,18:46:37.323,18:46:37.323
83,Manam,Manam SM Cebu,3406,0.0,0.0,12,0,102267,3,3,<NA>,18:54:28.853,2025-07-03,18:54:28.853,2025-07-03,True,False,1380.0,1380.0,147.86,-104.73,0,1,DINEIN1,1,False,0.0,0,False,18:54:28.853,2025-07-03,0.0,False,1,0.0,DINEIN1,0.0,0,0,-99.99,-10000000000,<NA>,0.0,0,3406,0,0,0,18:54:28.853,0.0,1,0,0.0,0,0,0,18:54:28.853,18:54:28.853
83,Manam,Manam SM Cebu,3407,0.0,0.0,33,0,102267,7,3,<NA>,18:56:09.827,2025-07-03,18:56:09.827,2025-07-03,True,False,3715.0,3715.0,408.74,-289.53,0,1,DINEIN1,1,False,0.0,0,False,18:56:09.827,2025-07-03,0.0,False,1,0.0,DINEIN1,0.0,0,0,-99.99,-10000000000,<NA>,0.0,0,3407,0,0,0,18:56:09.827,0.0,1,0,0.0,0,0,0,18:56:09.827,18:56:09.827
83,Manam,Manam SM Cebu,3408,0.0,0.0,0,0,102267,0,1,<NA>,17:44:38.703,2025-07-03,17:44:38.703,2025-07-03,True,False,0.0,0.0,0.0,0.0,0,1,ZR-COMP -,1,False,0.0,0,False,17:44:38.703,2025-07-03,0.0,False,1,0.0,ZR-COMP -,0.0,0,0,-99.99,-10000000000,<NA>,0.0,0,3408,0,0,0,17:44:38.703,0.0,1,0,0.0,0,0,0,17:44:38.703,17:44:38.703
83,Manam,Manam SM Cebu,3409,0.0,0.0,20,0,102267,6,3,<NA>,18:38:37.433,2025-07-03,18:38:37.433,2025-07-03,True,False,3926.08,3926.08,247.5,-315.56,0,1,DINEIN1,1,False,412.5,0,False,18:38:37.433,2025-07-03,0.0,False,1,0.0,DINEIN1,0.0,0,0,-99.99,-10000000000,<NA>,0.0,0,3409,0,0,0,18:38:37.433,0.0,1,0,0.0,0,0,0,18:38:37.433,18:38:37.433
83,Manam,Manam SM Cebu,3410,0.0,0.0,0,0,102267,0,1,<NA>,08:07:02.367,2025-07-03,08:07:02.367,2025-07-03,True,False,0.0,0.0,0.0,0.0,0,1,ZR-TRAINING,1,False,0.0,0,False,08:07:02.367,2025-07-03,0.0,False,1,0.0,ZR-TRAINING,0.0,0,0,-99.99,-10000000000,<NA>,0.0,0,3410,0,0,0,08:07:02.367,0.0,1,0,0.0,0,0,0,08:07:02.367,08:07:02.367
83,Manam,Manam SM Cebu,3411,0.0,0.0,0,0,105539,0,1,<NA>,13:50:52.527,2025-07-03,13:50:52.527,2025-07-03,True,False,0.0,0.0,0.0,0.0,0,1,ZR-MAN,1,False,0.0,0,False,13:50:52.527,2025-07-03,0.0,False,1,0.0,ZR-MAN,0.0,0,0,-99.99,-10000000000,<NA>,0.0,0,3411,0,0,0,13:50:52.527,0.0,1,0,0.0,0,0,0,13:50:52.527,13:50:52.527
83,Manam,Manam SM Cebu,3412,0.0,0.0,0,0,105539,0,1,<NA>,14:11:35.593,2025-07-03,14:11:35.593,2025-07-03,True,False,0.0,0.0,0.0,0.0,0,1,ZR-COMP +,1,False,0.0,0,False,14:11:35.593,2025-07-03,0.0,False,1,0.0,ZR-COMP +,0.0,0,0,-99.99,-10000000000,<NA>,0.0,0,3412,0,0,0,14:11:35.593,0.0,1,0,0.0,0,0,0,14:11:35.593,14:11:35.593
83,Manam,Manam SM Cebu,3413,0.0,0.0,51,0,102267,7,3,<NA>,18:48:49.677,2025-07-03,18:48:49.677,2025-07-03,True,False,4243.83,4243.83,365.4271428571429,-341.68,0,1,DINEIN1,1,False,243.62,0,False,18:48:49.677,2025-07-03,0.0,False,1,0.0,DINEIN1,0.0,0,0,-99.99,-10000000000,<NA>,0.0,0,3413,0,0,0,18:48:49.677,0.0,1,0,0.0,0,0,0,18:48:49.677,18:48:49.677
83,Manam,Manam SM Cebu,3414,0.0,0.0,9,0,102267,3,3,<NA>,19:18:24.137,2025-07-03,19:18:24.137,2025-07-03,True,False,3546.25,3546.25,278.03714285714284,-275.18,0,1,DINEIN1,1,False,231.26,0,False,19:18:24.137,2025-07-03,0.0,False,1,0.0,DINEIN1,0.0,0,0,-99.99,-10000000000,<NA>,0.0,0,3414,0,0,0,19:18:24.137,0.0,1,0,0.0,0,0,0,19:18:24.137,19:18:24.137
83,Manam,Manam SM Cebu,3415,0.0,0.0,31,0,102267,4,3,<NA>,19:10:52.377,2025-07-03,19:10:52.377,2025-07-03,True,False,2565.0,2565.0,313.92,-222.37,0,1,DINEIN1,1,False,0.0,0,False,19:10:52.377,2025-07-03,0.0,False,1,0.0,DINEIN1,0.0,0,0,-99.99,-10000000000,<NA>,0.0,0,3415,0,0,0,19:10:52.377,0.0,1,0,0.0,0,0,0,19:10:52.377,19:10:52.377
83,Manam,Manam SM Cebu,3416,0.0,0.0,1,0,102267,10,3,<NA>,19:01:35.467,2025-07-03,19:01:35.467,2025-07-03,True,False,6180.0,6180.0,772.5,-547.19,0,1,DINEIN1,1,False,0.0,0,False,19:01:35.467,2025-07-03,0.0,False,1,0.0,DINEIN1,0.0,0,0,-99.99,-10000000000,<NA>,0.0,0,3416,0,0,0,19:01:35.467,0.0,1,0,0.0,0,0,0,19:01:35.467,19:01:35.467
83,Manam,Manam SM Cebu,3417,0.0,0.0,0,0,105539,0,1,<NA>,20:22:41.453,2025-07-03,20:22:41.453,2025-07-03,True,False,100.0,100.0,10.71,0.0,0,1,TAKEOUT,1,False,0.0,0,False,20:22:41.453,2025-07-03,0.0,False,1,0.0,TAKEOUT,0.0,0,0,-99.99,-10000000000,<NA>,0.0,0,3417,0,0,0,20:22:41.453,0.0,1,0,0.0,0,0,0,20:22:41.453,20:22:41.453
83,Manam,Manam SM Cebu,3418,0.0,0.0,19,0,102267,3,1,<NA>,18:43:22.077,2025-07-03,18:43:22.077,2025-07-03,True,False,2875.0,2875.0,308.03,-218.19,0,1,DINEIN1,1,False,0.0,0,False,18:43:22.077,2025-07-03,0.0,False,1,0.0,DINEIN1,0.0,0,0,-99.99,-10000000000,<NA>,0.0,0,3418,0,0,0,18:43:22.077,0.0,1,0,0.0,0,0,0,18:43:22.077,18:43:22.077
83,Manam,Manam SM Cebu,3419,0.0,0.0,41,0,102267,4,3,<NA>,19:28:33.443,2025-07-03,19:28:33.443,2025-07-03,True,False,2749.91,2749.91,241.7328571428571,-215.57,0,1,DINEIN1,1,False,133.48,0,False,19:28:33.443,2025-07-03,0.0,False,1,0.0,DINEIN1,0.0,0,0,-99.99,-10000000000,<NA>,0.0,0,3419,0,0,0,19:28:33.443,0.0,1,0,0.0,0,0,0,19:28:33.443,19:28:33.443
83,Manam,Manam SM Cebu,3420,0.0,0.0,40,0,102267,2,3,<NA>,20:11:35.25,2025-07-03,20:11:35.25,2025-07-03,True,False,980.0,980.0,105.0,-74.38,0,1,DINEIN1,1,False,0.0,0,False,20:11:35.25,2025-07-03,0.0,False,1,0.0,DINEIN1,0.0,0,0,-99.99,-10000000000,<NA>,0.0,0,3420,0,0,0,20:11:35.25,0.0,1,0,0.0,0,0,0,20:11:35.25,20:11:35.25
83,Manam,Manam SM Cebu,3421,0.0,0.0,50,0,102267,6,3,<NA>,19:54:54.03,2025-07-03,19:54:54.03,2025-07-03,True,False,4285.0,4285.0,459.1,-325.2,0,1,DINEIN1,1,False,0.0,0,False,19:54:54.03,2025-07-03,0.0,False,1,0.0,DINEIN1,0.0,0,0,-99.99,-10000000000,<NA>,0.0,0,3421,0,0,0,19:54:54.03,0.0,1,0,0.0,0,0,0,19:54:54.03,19:54:54.03
83,Manam,Manam SM Cebu,3422,0.0,0.0,28,0,102267,2,3,<NA>,19:29:00.903,2025-07-03,19:29:00.903,2025-07-03,True,False,1725.0,1725.0,184.82,-130.92,0,1,DINEIN1,1,False,0.0,0,False,19:29:00.903,2025-07-03,0.0,False,1,0.0,DINEIN1,0.0,0,0,-99.99,-10000000000,<NA>,0.0,0,3422,0,0,0,19:29:00.903,0.0,1,0,0.0,0,0,0,19:29:00.903,19:29:00.903
83,Manam,Manam SM Cebu,3423,0.0,0.0,43,0,102267,9,3,<NA>,19:51:38.157,2025-07-03,19:51:38.157,2025-07-03,True,False,5448.57,5448.57,530.0042857142856,-461.23,0,1,DINEIN1,1,False,252.39,0,False,19:51:38.157,2025-07-03,0.0,False,1,0.0,DINEIN1,0.0,0,0,-99.99,-10000000000,<NA>,0.0,0,3423,0,0,0,19:51:38.157,0.0,1,0,0.0,0,0,0,19:51:38.157,19:51:38.157
83,Manam,Manam SM Cebu,3424,0.0,0.0,0,0,102267,0,1,<NA>,21:02:30.7,2025-07-03,21:02:30.7,2025-07-03,True,False,0.0,0.0,0.0,0.0,0,1,ZR-MAN,1,False,0.0,0,False,21:02:30.7,2025-07-03,0.0,False,1,0.0,ZR-MAN,0.0,0,0,-99.99,-10000000000,<NA>,0.0,0,3424,0,0,0,21:02:30.7,0.0,1,0,0.0,0,0,0,21:02:30.7,21:02:30.7
83,Manam,Manam SM Cebu,3426,0.0,0.0,10,0,102267,6,3,<NA>,19:25:59.723,2025-07-03,19:25:59.723,2025-07-03,True,False,6181.07,6181.07,596.4214285714286,-488.6,0,1,DINEIN1,1,False,198.22,0,False,19:25:59.723,2025-07-03,0.0,False,1,0.0,DINEIN1,0.0,0,0,-99.99,-10000000000,<NA>,0.0,0,3426,0,0,0,19:25:59.723,0.0,1,0,0.0,0,0,0,19:25:59.723,19:25:59.723
83,Manam,Manam SM Cebu,3427,0.0,0.0,21,0,102267,9,3,<NA>,20:02:00.147,2025-07-03,20:02:00.147,2025-07-03,True,False,4210.71,4210.71,382.5228571428571,-332.87,0,1,DINEIN1,1,False,182.14,0,False,20:02:00.147,2025-07-03,0.0,False,1,0.0,DINEIN1,0.0,0,0,-99.99,-10000000000,<NA>,0.0,0,3427,0,0,0,20:02:00.147,0.0,1,0,0.0,0,0,0,20:02:00.147,20:02:00.147
83,Manam,Manam SM Cebu,3428,0.0,0.0,51,0,102267,3,3,<NA>,20:33:18.647,2025-07-03,20:33:18.647,2025-07-03,True,False,1450.0,1450.0,155.37,-110.04,0,1,DINEIN1,1,False,0.0,0,False,20:33:18.647,2025-07-03,0.0,False,1,0.0,DINEIN1,0.0,0,0,-99.99,-10000000000,<NA>,0.0,0,3428,0,0,0,20:33:18.647,0.0,1,0,0.0,0,0,0,20:33:18.647,20:33:18.647
83,Manam,Manam SM Cebu,3429,0.0,0.0,18,0,102267,4,3,<NA>,18:58:48.19,2025-07-03,18:58:48.19,2025-07-03,True,False,1335.0,1335.0,143.03,-101.32,0,1,DINEIN1,1,False,0.0,0,False,18:58:48.19,2025-07-03,0.0,False,1,0.0,DINEIN1,0.0,0,0,-99.99,-10000000000,<NA>,0.0,0,3429,0,0,0,18:58:48.19,0.0,1,0,0.0,0,0,0,18:58:48.19,18:58:48.19
83,Manam,Manam SM Cebu,3430,0.0,0.0,18,0,102267,4,3,<NA>,18:58:48.19,2025-07-03,18:58:48.19,2025-07-03,True,False,1790.0,1790.0,191.78,-135.85,0,1,DINEIN1,1,False,0.0,0,False,18:58:48.19,2025-07-03,0.0,False,1,0.0,DINEIN1,0.0,0,0,-99.99,-10000000000,<NA>,0.0,0,3430,0,0,0,18:58:48.19,0.0,1,0,0.0,0,0,0,18:58:48.19,18:58:48.19
83,Manam,Manam SM Cebu,3431,0.0,0.0,19,0,102267,2,1,<NA>,20:39:16.813,2025-07-03,20:39:16.813,2025-07-03,True,False,1160.0,1160.0,135.0,-95.63,0,1,DINEIN1,1,False,0.0,0,False,20:39:16.813,2025-07-03,0.0,False,1,0.0,DINEIN1,0.0,0,0,-99.99,-10000000000,<NA>,0.0,0,3431,0,0,0,20:39:16.813,0.0,1,0,0.0,0,0,0,20:39:16.813,20:39:16.813
83,Manam,Manam SM Cebu,3434,0.0,0.0,30,0,102267,10,1,<NA>,20:18:02.093,2025-07-03,20:18:02.093,2025-07-03,True,False,5154.5599999999995,5154.5599999999995,1003.5614285714285,-769.78,0,1,DINEIN1,1,False,184.82,0,False,20:18:02.093,2025-07-03,0.0,False,1,0.0,DINEIN1,0.0,0,0,-99.99,-10000000000,<NA>,0.0,0,3434,0,0,0,20:18:02.093,0.0,1,0,0.0,0,0,0,20:18:02.093,20:18:02.093
83,Manam,Manam SM Cebu,3435,0.0,0.0,24,0,102267,10,3,<NA>,19:58:32.023,2025-07-03,19:58:32.023,2025-07-03,True,False,6113.43,6113.43,644.6857142857142,-496.83,0,1,DINEIN1,1,False,119.29,0,False,19:58:32.023,2025-07-03,0.0,False,1,0.0,DINEIN1,0.0,0,0,-99.99,-10000000000,<NA>,0.0,0,3435,0,0,0,19:58:32.023,0.0,1,0,0.0,0,0,0,19:58:32.023,19:58:32.023
83,Manam,Manam SM Cebu,3436,0.0,0.0,42,0,102267,2,3,<NA>,20:58:20.727,2025-07-03,20:58:20.727,2025-07-03,True,False,1500.0,1500.0,160.71,-113.84,0,1,DINEIN1,1,False,0.0,0,False,20:58:20.727,2025-07-03,0.0,False,1,0.0,DINEIN1,0.0,0,0,-99.99,-10000000000,<NA>,0.0,0,3436,0,0,0,20:58:20.727,0.0,1,0,0.0,0,0,0,20:58:20.727,20:58:20.727
83,Manam,Manam SM Cebu,3437,0.0,0.0,40,0,102267,2,3,<NA>,20:44:22.853,2025-07-03,20:44:22.853,2025-07-03,True,False,850.0,850.0,91.07,-64.51,0,1,DINEIN1,1,False,0.0,0,False,20:44:22.853,2025-07-03,0.0,False,1,0.0,DINEIN1,0.0,0,0,-99.99,-10000000000,<NA>,0.0,0,3437,0,0,0,20:44:22.853,0.0,1,0,0.0,0,0,0,20:44:22.853,20:44:22.853
83,Manam,Manam SM Cebu,3438,0.0,0.0,7,0,102267,5,1,<NA>,20:35:15.253,2025-07-03,20:35:15.253,2025-07-03,True,False,3807.9300000000003,3807.9300000000003,363.26142857142855,-310.31,0,1,DINEIN1,1,False,161.78,0,False,20:35:15.253,2025-07-03,0.0,False,1,0.0,DINEIN1,0.0,0,0,-99.99,-10000000000,<NA>,0.0,0,3438,0,0,0,20:35:15.253,0.0,1,0,0.0,0,0,0,20:35:15.253,20:35:15.253
83,Manam,Manam SM Cebu,3439,0.0,0.0,43,0,102267,2,1,<NA>,21:48:26.757,2025-07-03,21:48:26.757,2025-07-03,True,False,90.0,90.0,9.64,-6.83,0,1,DINEIN1,1,False,0.0,0,False,21:48:26.757,2025-07-03,0.0,False,1,0.0,DINEIN1,0.0,0,0,-99.99,-10000000000,<NA>,0.0,0,3439,0,0,0,21:48:26.757,0.0,1,0,0.0,0,0,0,21:48:26.757,21:48:26.757
83,Manam,Manam SM Cebu,3440,0.0,0.0,12,0,102267,4,3,<NA>,20:25:10.437,2025-07-03,20:25:10.437,2025-07-03,True,False,2135.0,2135.0,286.07,-202.63,0,1,DINEIN1,1,False,0.0,0,False,20:25:10.437,2025-07-03,0.0,False,1,0.0,DINEIN1,0.0,0,0,-99.99,-10000000000,<NA>,0.0,0,3440,0,0,0,20:25:10.437,0.0,1,0,0.0,0,0,0,20:25:10.437,20:25:10.437
83,Manam,Manam SM Cebu,3441,0.0,0.0,1,0,102267,12,3,<NA>,20:54:08.23,2025-07-03,20:54:08.23,2025-07-03,True,False,4710.0,4710.0,574.29,-406.79,0,1,DINEIN1,1,False,0.0,0,False,20:54:08.23,2025-07-03,0.0,False,1,0.0,DINEIN1,0.0,0,0,-99.99,-10000000000,<NA>,0.0,0,3441,0,0,0,20:54:08.23,0.0,1,0,0.0,0,0,0,20:54:08.23,20:54:08.23
83,Manam,Manam SM Cebu,3442,0.0,0.0,52,0,102267,3,1,<NA>,20:48:47.697,2025-07-03,20:48:47.697,2025-07-03,True,False,1605.0,1605.0,195.55,-138.5,0,1,DINEIN1,1,False,0.0,0,False,20:48:47.697,2025-07-03,0.0,False,1,0.0,DINEIN1,0.0,0,0,-99.99,-10000000000,<NA>,0.0,0,3442,0,0,0,20:48:47.697,0.0,1,0,0.0,0,0,0,20:48:47.697,20:48:47.697
83,Manam,Manam SM Cebu,3444,0.0,0.0,0,0,102267,0,3,<NA>,22:18:23.42,2025-07-03,22:18:23.42,2025-07-03,True,False,20.0,20.0,2.14,0.0,0,1,TAKEOUT,1,False,0.0,0,False,22:18:23.42,2025-07-03,0.0,False,1,0.0,TAKEOUT,0.0,0,0,-99.99,-10000000000,<NA>,0.0,0,3444,0,0,0,22:18:23.42,0.0,1,0,0.0,0,0,0,22:18:23.42,22:18:23.42
83,Manam,Manam SM Cebu,3451,0.0,0.0,0,0,102267,0,12,<NA>,10:04:48.52,2025-07-04,10:04:48.52,2025-07-04,True,False,656.0,656.0,70.29,0.0,0,1,GRABFOOD,1,False,0.0,0,False,10:04:48.52,2025-07-04,0.0,False,1,0.0,GRABFOOD,0.0,0,0,-99.99,-10000000000,<NA>,0.0,0,3451,0,0,0,10:04:48.52,0.0,1,0,0.0,0,0,0,10:04:48.52,10:04:48.52
83,Manam,Manam SM Cebu,3452,0.0,0.0,0,0,102267,0,12,<NA>,10:07:38.83,2025-07-04,10:07:38.83,2025-07-04,True,False,555.0,555.0,59.46,0.0,0,1,GRABFOOD,1,False,0.0,0,False,10:07:38.83,2025-07-04,0.0,False,1,0.0,GRABFOOD,0.0,0,0,-99.99,-10000000000,<NA>,0.0,0,3452,0,0,0,10:07:38.83,0.0,1,0,0.0,0,0,0,10:07:38.83,10:07:38.83
83,Manam,Manam SM Cebu,3453,0.0,0.0,0,0,102267,0,12,<NA>,10:24:08.573,2025-07-04,10:24:08.573,2025-07-04,True,False,1061.0,1061.0,113.68,0.0,0,1,GRABFOOD,1,False,0.0,0,False,10:24:08.573,2025-07-04,0.0,False,1,0.0,GRABFOOD,0.0,0,0,-99.99,-10000000000,<NA>,0.0,0,3453,0,0,0,10:24:08.573,0.0,1,0,0.0,0,0,0,10:24:08.573,10:24:08.573
83,Manam,Manam SM Cebu,3454,0.0,0.0,0,0,102267,0,12,<NA>,10:30:54.507,2025-07-04,10:30:54.507,2025-07-04,True,False,655.0,655.0,70.18,0.0,0,1,GRABFOOD,1,False,0.0,0,False,10:30:54.507,2025-07-04,0.0,False,1,0.0,GRABFOOD,0.0,0,0,-99.99,-10000000000,<NA>,0.0,0,3454,0,0,0,10:30:54.507,0.0,1,0,0.0,0,0,0,10:30:54.507,10:30:54.507
83,Manam,Manam SM Cebu,3455,0.0,0.0,0,0,102267,0,12,<NA>,10:33:08.453,2025-07-04,10:33:08.453,2025-07-04,True,False,500.0,500.0,53.57,0.0,0,1,GRABFOOD,1,False,0.0,0,False,10:33:08.453,2025-07-04,0.0,False,1,0.0,GRABFOOD,0.0,0,0,-99.99,-10000000000,<NA>,0.0,0,3455,0,0,0,10:33:08.453,0.0,1,0,0.0,0,0,0,10:33:08.453,10:33:08.453
83,Manam,Manam SM Cebu,3456,0.0,0.0,0,0,102267,0,10,<NA>,10:37:13.967,2025-07-04,10:37:13.967,2025-07-04,True,False,800.0,800.0,85.71,0.0,0,1,FOODPANDA,1,False,0.0,0,False,10:37:13.967,2025-07-04,0.0,False,1,0.0,FOODPANDA,0.0,0,0,-99.99,-10000000000,<NA>,0.0,0,3456,0,0,0,10:37:13.967,0.0,1,0,0.0,0,0,0,10:37:13.967,10:37:13.967
83,Manam,Manam SM Cebu,3457,0.0,0.0,0,0,102267,0,12,<NA>,10:39:54.03,2025-07-04,10:39:54.03,2025-07-04,True,False,1420.0,1420.0,152.14,0.0,0,1,GRABFOOD,1,False,0.0,0,False,10:39:54.03,2025-07-04,0.0,False,1,0.0,GRABFOOD,0.0,0,0,-99.99,-10000000000,<NA>,0.0,0,3457,0,0,0,10:39:54.03,0.0,1,0,0.0,0,0,0,10:39:54.03,10:39:54.03
83,Manam,Manam SM Cebu,3458,0.0,0.0,9,0,102267,1,1,<NA>,10:14:55.513,2025-07-04,10:14:55.513,2025-07-04,True,False,370.0,370.0,39.64,-28.08,0,1,DINEIN1,1,False,0.0,0,False,10:14:55.513,2025-07-04,0.0,False,1,0.0,DINEIN1,0.0,0,0,-99.99,-10000000000,<NA>,0.0,0,3458,0,0,0,10:14:55.513,0.0,1,0,0.0,0,0,0,10:14:55.513,10:14:55.513
83,Manam,Manam SM Cebu,3460,0.0,0.0,43,0,102267,1,3,<NA>,10:14:03.12,2025-07-04,10:14:03.12,2025-07-04,True,False,700.0,700.0,75.0,-53.12,0,1,DINEIN1,1,False,0.0,0,False,10:14:03.12,2025-07-04,0.0,False,1,0.0,DINEIN1,0.0,0,0,-99.99,-10000000000,<NA>,0.0,0,3460,0,0,0,10:14:03.12,0.0,1,0,0.0,0,0,0,10:14:03.12,10:14:03.12
83,Manam,Manam SM Cebu,3461,0.0,0.0,0,0,102267,0,10,<NA>,10:53:30.437,2025-07-04,10:53:30.437,2025-07-04,True,False,268.0,268.0,28.71,0.0,0,1,FOODPANDA,1,False,0.0,0,False,10:53:30.437,2025-07-04,0.0,False,1,0.0,FOODPANDA,0.0,0,0,-99.99,-10000000000,<NA>,0.0,0,3461,0,0,0,10:53:30.437,0.0,1,0,0.0,0,0,0,10:53:30.437,10:53:30.437
83,Manam,Manam SM Cebu,3462,0.0,0.0,0,0,102267,0,10,<NA>,11:03:18.047,2025-07-04,11:03:18.047,2025-07-04,True,False,1346.0,1346.0,144.22,0.0,0,1,FOODPANDA,1,False,0.0,0,False,11:03:18.047,2025-07-04,0.0,False,1,0.0,FOODPANDA,0.0,0,0,-99.99,-10000000000,<NA>,0.0,0,3462,0,0,0,11:03:18.047,0.0,1,0,0.0,0,0,0,11:03:18.047,11:03:18.047
83,Manam,Manam SM Cebu,3463,0.0,0.0,0,0,108024,0,1,<NA>,11:04:23.01,2025-07-04,11:04:23.01,2025-07-04,True,False,190.0,190.0,20.36,0.0,0,1,TAKEOUT,1,False,0.0,0,False,11:04:23.01,2025-07-04,0.0,False,1,0.0,TAKEOUT,0.0,0,0,-99.99,-10000000000,<NA>,0.0,0,3463,0,0,0,11:04:23.01,0.0,1,0,0.0,0,0,0,11:04:23.01,11:04:23.01
83,Manam,Manam SM Cebu,3464,0.0,0.0,28,0,102267,2,1,<NA>,10:46:14.15,2025-07-04,10:46:14.15,2025-07-04,True,False,781.24,781.24,0.0,-59.8,0,1,DINEIN1,1,False,175.9,0,False,10:46:14.15,2025-07-04,0.0,False,1,0.0,DINEIN1,0.0,0,0,-99.99,-10000000000,<NA>,0.0,0,3464,0,0,0,10:46:14.15,0.0,1,0,0.0,0,0,0,10:46:14.15,10:46:14.15
83,Manam,Manam SM Cebu,3465,0.0,0.0,0,0,108001,0,1,<NA>,11:14:55.073,2025-07-04,11:14:55.073,2025-07-04,True,False,215.0,215.0,23.04,0.0,0,1,TAKEOUT,1,False,0.0,0,False,11:14:55.073,2025-07-04,0.0,False,1,0.0,TAKEOUT,0.0,0,0,-99.99,-10000000000,<NA>,0.0,0,3465,0,0,0,11:14:55.073,0.0,1,0,0.0,0,0,0,11:14:55.073,11:14:55.073
83,Manam,Manam SM Cebu,3466,0.0,0.0,44,0,102267,2,3,<NA>,10:17:44.7,2025-07-04,10:17:44.7,2025-07-04,True,False,2060.0,2060.0,237.87,-168.48,0,1,DINEIN1,1,False,0.0,0,False,10:17:44.7,2025-07-04,0.0,False,1,0.0,DINEIN1,0.0,0,0,-99.99,-10000000000,<NA>,0.0,0,3466,0,0,0,10:17:44.7,0.0,1,0,0.0,0,0,0,10:17:44.7,10:17:44.7
83,Manam,Manam SM Cebu,3467,0.0,0.0,20,0,102267,9,3,<NA>,10:20:49.373,2025-07-04,10:20:49.373,2025-07-04,True,False,5255.12,5255.12,502.0828571428571,-436.93,0,1,DINEIN1,1,False,239.09,0,False,10:20:49.373,2025-07-04,0.0,False,1,0.0,DINEIN1,0.0,0,0,-99.99,-10000000000,<NA>,0.0,0,3467,0,0,0,10:20:49.373,0.0,1,0,0.0,0,0,0,10:20:49.373,10:20:49.373
83,Manam,Manam SM Cebu,3468,0.0,0.0,31,0,102267,4,3,<NA>,10:22:55.887,2025-07-04,10:22:55.887,2025-07-04,True,False,2660.0,2660.0,304.83,-215.92,0,1,DINEIN1,1,False,0.0,0,False,10:22:55.887,2025-07-04,0.0,False,1,0.0,DINEIN1,0.0,0,0,-99.99,-10000000000,<NA>,0.0,0,3468,0,0,0,10:22:55.887,0.0,1,0,0.0,0,0,0,10:22:55.887,10:22:55.887
83,Manam,Manam SM Cebu,3469,0.0,0.0,24,0,102267,2,1,<NA>,10:16:16.403,2025-07-04,10:16:16.403,2025-07-04,True,False,1535.0,1535.0,173.56,-122.95,0,1,DINEIN1,1,False,0.0,0,False,10:16:16.403,2025-07-04,0.0,False,1,0.0,DINEIN1,0.0,0,0,-99.99,-10000000000,<NA>,0.0,0,3469,0,0,0,10:16:16.403,0.0,1,0,0.0,0,0,0,10:16:16.403,10:16:16.403
83,Manam,Manam SM Cebu,3470,0.0,0.0,34,0,102267,3,3,<NA>,10:41:32.177,2025-07-04,10:41:32.177,2025-07-04,True,False,1662.1399999999999,1662.1399999999999,63.927142857142854,-117.73,0,1,DINEIN1,1,False,213.09,0,False,10:41:32.177,2025-07-04,0.0,False,1,0.0,DINEIN1,0.0,0,0,-99.99,-10000000000,<NA>,0.0,0,3470,0,0,0,10:41:32.177,0.0,1,0,0.0,0,0,0,10:41:32.177,10:41:32.177
83,Manam,Manam SM Cebu,3471,0.0,0.0,7,0,102267,4,3,<NA>,10:19:49.383,2025-07-04,10:19:49.383,2025-07-04,True,False,2705.54,2705.54,223.39142857142855,-200.44,0,1,DINEIN1,1,False,124.11,0,False,10:19:49.383,2025-07-04,0.0,False,1,0.0,DINEIN1,0.0,0,0,-99.99,-10000000000,<NA>,0.0,0,3471,0,0,0,10:19:49.383,0.0,1,0,0.0,0,0,0,10:19:49.383,10:19:49.383
83,Manam,Manam SM Cebu,3472,0.0,0.0,33,0,102267,2,3,<NA>,11:04:18.423,2025-07-04,11:04:18.423,2025-07-04,True,False,1070.0,1070.0,114.64,-81.21,0,1,DINEIN1,1,False,0.0,0,False,11:04:18.423,2025-07-04,0.0,False,1,0.0,DINEIN1,0.0,0,0,-99.99,-10000000000,<NA>,0.0,0,3472,0,0,0,11:04:18.423,0.0,1,0,0.0,0,0,0,11:04:18.423,11:04:18.423
83,Manam,Manam SM Cebu,3473,0.0,0.0,41,0,102267,3,1,<NA>,11:01:13.517,2025-07-04,11:01:13.517,2025-07-04,True,False,2265.0,2265.0,253.38,-179.49,0,1,DINEIN1,1,False,0.0,0,False,11:01:13.517,2025-07-04,0.0,False,1,0.0,DINEIN1,0.0,0,0,-99.99,-10000000000,<NA>,0.0,0,3473,0,0,0,11:01:13.517,0.0,1,0,0.0,0,0,0,11:01:13.517,11:01:13.517
83,Manam,Manam SM Cebu,3474,0.0,0.0,40,0,102267,2,3,<NA>,11:00:25.233,2025-07-04,11:00:25.233,2025-07-04,True,False,835.0,835.0,89.46,-63.37,0,1,DINEIN1,1,False,0.0,0,False,11:00:25.233,2025-07-04,0.0,False,1,0.0,DINEIN1,0.0,0,0,-99.99,-10000000000,<NA>,0.0,0,3474,0,0,0,11:00:25.233,0.0,1,0,0.0,0,0,0,11:00:25.233,11:00:25.233
83,Manam,Manam SM Cebu,3475,0.0,0.0,4,0,102267,3,3,<NA>,11:03:10.687,2025-07-04,11:03:10.687,2025-07-04,True,False,954.65,954.65,70.71571428571428,-70.13,0,1,DINEIN1,1,False,58.93,0,False,11:03:10.687,2025-07-04,0.0,False,1,0.0,DINEIN1,0.0,0,0,-99.99,-10000000000,<NA>,0.0,0,3475,0,0,0,11:03:10.687,0.0,1,0,0.0,0,0,0,11:03:10.687,11:03:10.687
83,Manam,Manam SM Cebu,3476,0.0,0.0,15,0,102267,3,1,<NA>,11:12:56.51,2025-07-04,11:12:56.51,2025-07-04,True,False,2080.0,2080.0,222.86,-157.86,0,1,DINEIN1,1,False,0.0,0,False,11:12:56.51,2025-07-04,0.0,False,1,0.0,DINEIN1,0.0,0,0,-99.99,-10000000000,<NA>,0.0,0,3476,0,0,0,11:12:56.51,0.0,1,0,0.0,0,0,0,11:12:56.51,11:12:56.51
83,Manam,Manam SM Cebu,3477,0.0,0.0,1,0,102267,4,3,<NA>,11:06:24.21,2025-07-04,11:06:24.21,2025-07-04,True,False,2270.0,2270.0,243.2,-172.28,0,1,DINEIN1,1,False,0.0,0,False,11:06:24.21,2025-07-04,0.0,False,1,0.0,DINEIN1,0.0,0,0,-99.99,-10000000000,<NA>,0.0,0,3477,0,0,0,11:06:24.21,0.0,1,0,0.0,0,0,0,11:06:24.21,11:06:24.21
83,Manam,Manam SM Cebu,3478,0.0,0.0,27,0,102267,4,3,<NA>,10:57:00.487,2025-07-04,10:57:00.487,2025-07-04,True,False,2791.96,2791.96,158.04,-201.49,0,1,DINEIN1,1,False,263.39,0,False,10:57:00.487,2025-07-04,0.0,False,1,0.0,DINEIN1,0.0,0,0,-99.99,-10000000000,<NA>,0.0,0,3478,0,0,0,10:57:00.487,0.0,1,0,0.0,0,0,0,10:57:00.487,10:57:00.487
83,Manam,Manam SM Cebu,3479,0.0,0.0,11,0,102267,2,1,<NA>,11:08:57.967,2025-07-04,11:08:57.967,2025-07-04,True,False,945.0,945.0,110.35,-78.17,0,1,DINEIN1,1,False,0.0,0,False,11:08:57.967,2025-07-04,0.0,False,1,0.0,DINEIN1,0.0,0,0,-99.99,-10000000000,<NA>,0.0,0,3479,0,0,0,11:08:57.967,0.0,1,0,0.0,0,0,0,11:08:57.967,11:08:57.967
83,Manam,Manam SM Cebu,3481,0.0,0.0,43,0,102267,2,3,<NA>,11:13:53,2025-07-04,11:13:53,2025-07-04,True,False,1090.0,1090.0,116.79,-82.72,0,1,DINEIN1,1,False,0.0,0,False,11:13:53,2025-07-04,0.0,False,1,0.0,DINEIN1,0.0,0,0,-99.99,-10000000000,<NA>,0.0,0,3481,0,0,0,11:13:53,0.0,1,0,0.0,0,0,0,11:13:53,11:13:53
83,Manam,Manam SM Cebu,3482,0.0,0.0,28,0,102267,2,3,<NA>,11:10:03.27,2025-07-04,11:10:03.27,2025-07-04,True,False,1145.0,1145.0,122.68,-86.9,0,1,DINEIN1,1,False,0.0,0,False,11:10:03.27,2025-07-04,0.0,False,1,0.0,DINEIN1,0.0,0,0,-99.99,-10000000000,<NA>,0.0,0,3482,0,0,0,11:10:03.27,0.0,1,0,0.0,0,0,0,11:10:03.27,11:10:03.27
83,Manam,Manam SM Cebu,3483,0.0,0.0,50,0,102267,7,3,<NA>,11:09:53.56,2025-07-04,11:09:53.56,2025-07-04,True,False,5323.32,5323.32,410.81142857142856,-465.6,0,1,DINEIN1,1,False,513.52,0,False,11:09:53.56,2025-07-04,0.0,False,1,0.0,DINEIN1,0.0,0,0,-99.99,-10000000000,<NA>,0.0,0,3483,0,0,0,11:09:53.56,0.0,1,0,0.0,0,0,0,11:09:53.56,11:09:53.56
83,Manam,Manam SM Cebu,3484,0.0,0.0,33,0,102267,2,3,<NA>,11:52:02.097,2025-07-04,11:52:02.097,2025-07-04,True,False,945.0,945.0,101.25,-71.72,0,1,DINEIN1,1,False,0.0,0,False,11:52:02.097,2025-07-04,0.0,False,1,0.0,DINEIN1,0.0,0,0,-99.99,-10000000000,<NA>,0.0,0,3484,0,0,0,11:52:02.097,0.0,1,0,0.0,0,0,0,11:52:02.097,11:52:02.097
83,Manam,Manam SM Cebu,3485,0.0,0.0,19,0,102267,2,1,<NA>,11:21:17.49,2025-07-04,11:21:17.49,2025-07-04,True,False,982.14,982.14,0.0,-66.79,0,1,DINEIN1,1,False,196.43,0,False,11:21:17.49,2025-07-04,0.0,False,1,0.0,DINEIN1,0.0,0,0,-99.99,-10000000000,<NA>,0.0,0,3485,0,0,0,11:21:17.49,0.0,1,0,0.0,0,0,0,11:21:17.49,11:21:17.49
83,Manam,Manam SM Cebu,3486,0.0,0.0,31,0,102267,3,3,<NA>,11:38:11.937,2025-07-04,11:38:11.937,2025-07-04,True,False,1015.0,1015.0,108.75,-77.03,0,1,DINEIN1,1,False,0.0,0,False,11:38:11.937,2025-07-04,0.0,False,1,0.0,DINEIN1,0.0,0,0,-99.99,-10000000000,<NA>,0.0,0,3486,0,0,0,11:38:11.937,0.0,1,0,0.0,0,0,0,11:38:11.937,11:38:11.937
83,Manam,Manam SM Cebu,3487,0.0,0.0,45,0,102267,4,1,<NA>,11:37:24.197,2025-07-04,11:37:24.197,2025-07-04,True,False,1973.22,1973.22,0.0,-134.18,0,1,DINEIN1,1,False,394.64,0,False,11:37:24.197,2025-07-04,0.0,False,1,0.0,DINEIN1,0.0,0,0,-99.99,-10000000000,<NA>,0.0,0,3487,0,0,0,11:37:24.197,0.0,1,0,0.0,0,0,0,11:37:24.197,11:37:24.197
83,Manam,Manam SM Cebu,3488,0.0,0.0,20,0,102267,10,1,<NA>,11:29:20.217,2025-07-04,11:29:20.217,2025-07-04,True,False,3718.14,3718.14,654.8542857142857,-556.63,0,1,DINEIN1,1,False,272.86,0,False,11:29:20.217,2025-07-04,0.0,False,1,0.0,DINEIN1,0.0,0,0,-99.99,-10000000000,<NA>,0.0,0,3488,0,0,0,11:29:20.217,0.0,1,0,0.0,0,0,0,11:29:20.217,11:29:20.217
83,Manam,Manam SM Cebu,3489,0.0,0.0,35,0,102267,2,3,<NA>,11:40:43.977,2025-07-04,11:40:43.977,2025-07-04,True,False,1280.0,1280.0,153.21,-108.53,0,1,DINEIN1,1,False,0.0,0,False,11:40:43.977,2025-07-04,0.0,False,1,0.0,DINEIN1,0.0,0,0,-99.99,-10000000000,<NA>,0.0,0,3489,0,0,0,11:40:43.977,0.0,1,0,0.0,0,0,0,11:40:43.977,11:40:43.977
83,Manam,Manam SM Cebu,3490,0.0,0.0,6,0,102267,2,3,<NA>,11:46:04.077,2025-07-04,11:46:04.077,2025-07-04,True,False,1164.02,1164.02,74.73142857142858,-95.29,0,1,DINEIN1,1,False,124.55,0,False,11:46:04.077,2025-07-04,0.0,False,1,0.0,DINEIN1,0.0,0,0,-99.99,-10000000000,<NA>,0.0,0,3490,0,0,0,11:46:04.077,0.0,1,0,0.0,0,0,0,11:46:04.077,11:46:04.077
83,Manam,Manam SM Cebu,3491,0.0,0.0,30,0,102267,2,1,<NA>,11:56:58.9,2025-07-04,11:56:58.9,2025-07-04,True,False,985.0,985.0,105.53,-74.75,0,1,DINEIN1,1,False,0.0,0,False,11:56:58.9,2025-07-04,0.0,False,1,0.0,DINEIN1,0.0,0,0,-99.99,-10000000000,<NA>,0.0,0,3491,0,0,0,11:56:58.9,0.0,1,0,0.0,0,0,0,11:56:58.9,11:56:58.9
83,Manam,Manam SM Cebu,3492,0.0,0.0,17,0,102267,3,3,<NA>,11:49:28.257,2025-07-04,11:49:28.257,2025-07-04,True,False,886.25,886.25,80.18571428571428,-76.86,0,1,DINEIN1,1,False,64.58,0,False,11:49:28.257,2025-07-04,0.0,False,1,0.0,DINEIN1,0.0,0,0,-99.99,-10000000000,<NA>,0.0,0,3492,0,0,0,11:49:28.257,0.0,1,0,0.0,0,0,0,11:49:28.257,11:49:28.257
83,Manam,Manam SM Cebu,3493,0.0,0.0,24,0,102267,2,1,<NA>,11:44:02.17,2025-07-04,11:44:02.17,2025-07-04,True,False,1149.91,1149.91,65.08285714285715,-82.99,0,1,DINEIN1,1,False,108.48,0,False,11:44:02.17,2025-07-04,0.0,False,1,0.0,DINEIN1,0.0,0,0,-99.99,-10000000000,<NA>,0.0,0,3493,0,0,0,11:44:02.17,0.0,1,0,0.0,0,0,0,11:44:02.17,11:44:02.17
83,Manam,Manam SM Cebu,3494,0.0,0.0,0,0,102267,0,12,<NA>,12:55:06.597,2025-07-04,12:55:06.597,2025-07-04,True,False,655.0,655.0,70.18,0.0,0,1,GRABFOOD,1,False,0.0,0,False,12:55:06.597,2025-07-04,0.0,False,1,0.0,GRABFOOD,0.0,0,0,-99.99,-10000000000,<NA>,0.0,0,3494,0,0,0,12:55:06.597,0.0,1,0,0.0,0,0,0,12:55:06.597,12:55:06.597
83,Manam,Manam SM Cebu,3495,0.0,0.0,0,0,102267,0,10,<NA>,12:59:19.003,2025-07-04,12:59:19.003,2025-07-04,True,False,258.0,258.0,27.64,0.0,0,1,FOODPANDA,1,False,0.0,0,False,12:59:19.003,2025-07-04,0.0,False,1,0.0,FOODPANDA,0.0,0,0,-99.99,-10000000000,<NA>,0.0,0,3495,0,0,0,12:59:19.003,0.0,1,0,0.0,0,0,0,12:59:19.003,12:59:19.003
83,Manam,Manam SM Cebu,3496,0.0,0.0,10,0,102267,4,3,<NA>,11:05:35.78,2025-07-04,11:05:35.78,2025-07-04,True,False,2980.0,2980.0,367.51,-260.31,0,1,DINEIN1,1,False,0.0,0,False,11:05:35.78,2025-07-04,0.0,False,1,0.0,DINEIN1,0.0,0,0,-99.99,-10000000000,<NA>,0.0,0,3496,0,0,0,11:05:35.78,0.0,1,0,0.0,0,0,0,11:05:35.78,11:05:35.78
83,Manam,Manam SM Cebu,3497,0.0,0.0,40,0,102267,6,1,<NA>,11:47:50.74,2025-07-04,11:47:50.74,2025-07-04,True,False,3122.85,3122.85,247.82857142857145,-242.25,0,1,DINEIN1,1,False,203.57,0,False,11:47:50.74,2025-07-04,0.0,False,1,0.0,DINEIN1,0.0,0,0,-99.99,-10000000000,<NA>,0.0,0,3497,0,0,0,11:47:50.74,0.0,1,0,0.0,0,0,0,11:47:50.74,11:47:50.74
83,Manam,Manam SM Cebu,3498,0.0,0.0,0,0,102267,0,12,<NA>,13:10:04.497,2025-07-04,13:10:04.497,2025-07-04,True,False,278.0,278.0,29.79,0.0,0,1,GRABFOOD,1,False,0.0,0,False,13:10:04.497,2025-07-04,0.0,False,1,0.0,GRABFOOD,0.0,0,0,-99.99,-10000000000,<NA>,0.0,0,3498,0,0,0,13:10:04.497,0.0,1,0,0.0,0,0,0,13:10:04.497,13:10:04.497
83,Manam,Manam SM Cebu,3499,0.0,0.0,0,0,102267,0,12,<NA>,13:11:26.483,2025-07-04,13:11:26.483,2025-07-04,True,False,368.0,368.0,50.14,0.0,0,1,GRABFOOD,1,False,0.0,0,False,13:11:26.483,2025-07-04,0.0,False,1,0.0,GRABFOOD,0.0,0,0,-99.99,-10000000000,<NA>,0.0,0,3499,0,0,0,13:11:26.483,0.0,1,0,0.0,0,0,0,13:11:26.483,13:11:26.483
83,Manam,Manam SM Cebu,3500,0.0,0.0,19,0,102267,3,3,<NA>,12:32:14.977,2025-07-04,12:32:14.977,2025-07-04,True,False,1465.7,1465.7,108.56714285714284,-107.66,0,1,DINEIN1,1,False,90.47,0,False,12:32:14.977,2025-07-04,0.0,False,1,0.0,DINEIN1,0.0,0,0,-99.99,-10000000000,<NA>,0.0,0,3500,0,0,0,12:32:14.977,0.0,1,0,0.0,0,0,0,12:32:14.977,12:32:14.977
83,Manam,Manam SM Cebu,3501,0.0,0.0,1,0,102267,4,3,<NA>,12:23:45.64,2025-07-04,12:23:45.64,2025-07-04,True,False,2469.95,2469.95,81.74285714285713,-188.69,0,1,DINEIN1,1,False,391.74,0,False,12:23:45.64,2025-07-04,0.0,False,1,0.0,DINEIN1,0.0,0,0,-99.99,-10000000000,<NA>,0.0,0,3501,0,0,0,12:23:45.64,0.0,1,0,0.0,0,0,0,12:23:45.64,12:23:45.64
83,Manam,Manam SM Cebu,3502,0.0,0.0,4,0,102267,2,3,<NA>,12:03:51.507,2025-07-04,12:03:51.507,2025-07-04,True,False,2040.0,2040.0,235.72,-166.96,0,1,DINEIN1,1,False,0.0,0,False,12:03:51.507,2025-07-04,0.0,False,1,0.0,DINEIN1,0.0,0,0,-99.99,-10000000000,<NA>,0.0,0,3502,0,0,0,12:03:51.507,0.0,1,0,0.0,0,0,0,12:03:51.507,12:03:51.507
83,Manam,Manam SM Cebu,3503,0.0,0.0,15,0,102267,4,3,<NA>,12:00:26.06,2025-07-04,12:00:26.06,2025-07-04,True,False,4345.0,4345.0,530.36,-375.67,0,1,DINEIN1,1,False,0.0,0,False,12:00:26.06,2025-07-04,0.0,False,1,0.0,DINEIN1,0.0,0,0,-99.99,-10000000000,<NA>,0.0,0,3503,0,0,0,12:00:26.06,0.0,1,0,0.0,0,0,0,12:00:26.06,12:00:26.06
83,Manam,Manam SM Cebu,3504,0.0,0.0,27,0,102267,5,3,<NA>,12:11:42.587,2025-07-04,12:11:42.587,2025-07-04,True,False,3401.79,3401.79,0.0,-237.39,0,1,DINEIN1,1,False,698.23,0,False,12:11:42.587,2025-07-04,0.0,False,1,0.0,DINEIN1,0.0,0,0,-99.99,-10000000000,<NA>,0.0,0,3504,0,0,0,12:11:42.587,0.0,1,0,0.0,0,0,0,12:11:42.587,12:11:42.587
83,Manam,Manam SM Cebu,3505,0.0,0.0,32,0,102267,3,1,<NA>,12:42:31.33,2025-07-04,12:42:31.33,2025-07-04,True,False,1170.0,1170.0,125.35,-88.79,0,1,DINEIN1,1,False,0.0,0,False,12:42:31.33,2025-07-04,0.0,False,1,0.0,DINEIN1,0.0,0,0,-99.99,-10000000000,<NA>,0.0,0,3505,0,0,0,12:42:31.33,0.0,1,0,0.0,0,0,0,12:42:31.33,12:42:31.33
83,Manam,Manam SM Cebu,3508,0.0,0.0,17,0,102267,3,3,<NA>,12:49:16.973,2025-07-04,12:49:16.973,2025-07-04,True,False,1267.5,1267.5,48.747142857142855,-89.78,0,1,DINEIN1,1,False,162.51,0,False,12:49:16.973,2025-07-04,0.0,False,1,0.0,DINEIN1,0.0,0,0,-99.99,-10000000000,<NA>,0.0,0,3508,0,0,0,12:49:16.973,0.0,1,0,0.0,0,0,0,12:49:16.973,12:49:16.973
83,Manam,Manam SM Cebu,3509,0.0,0.0,50,0,102267,8,3,<NA>,12:28:35.78,2025-07-04,12:28:35.78,2025-07-04,True,False,4045.8,4045.8,447.5871428571429,-401.58,0,1,DINEIN1,1,False,248.67,0,False,12:28:35.78,2025-07-04,0.0,False,1,0.0,DINEIN1,0.0,0,0,-99.99,-10000000000,<NA>,0.0,0,3509,0,0,0,12:28:35.78,0.0,1,0,0.0,0,0,0,12:28:35.78,12:28:35.78
83,Manam,Manam SM Cebu,3510,0.0,0.0,7,0,102267,5,3,<NA>,11:36:02.557,2025-07-04,11:36:02.557,2025-07-04,True,False,4410.0,4410.0,512.14,-362.77,0,1,DINEIN1,1,False,0.0,0,False,11:36:02.557,2025-07-04,0.0,False,1,0.0,DINEIN1,0.0,0,0,-99.99,-10000000000,<NA>,0.0,0,3510,0,0,0,11:36:02.557,0.0,1,0,0.0,0,0,0,11:36:02.557,11:36:02.557
83,Manam,Manam SM Cebu,3511,0.0,0.0,24,0,102267,1,3,<NA>,13:08:17.67,2025-07-04,13:08:17.67,2025-07-04,True,False,852.68,852.68,0.0,-57.98,0,1,DINEIN1,1,False,170.54,0,False,13:08:17.67,2025-07-04,0.0,False,1,0.0,DINEIN1,0.0,0,0,-99.99,-10000000000,<NA>,0.0,0,3511,0,0,0,13:08:17.67,0.0,1,0,0.0,0,0,0,13:08:17.67,13:08:17.67
83,Manam,Manam SM Cebu,3512,0.0,0.0,45,0,102267,12,1,<NA>,12:35:26.227,2025-07-04,12:35:26.227,2025-07-04,True,False,6553.35,6553.35,853.13,-949.61,0,1,DINEIN1,1,False,1015.63,0,False,12:35:26.227,2025-07-04,0.0,False,1,0.0,DINEIN1,0.0,0,0,-99.99,-10000000000,<NA>,0.0,0,3512,0,0,0,12:35:26.227,0.0,1,0,0.0,0,0,0,12:35:26.227,12:35:26.227
83,Manam,Manam SM Cebu,3513,0.0,0.0,20,0,102267,8,1,<NA>,12:41:39.333,2025-07-04,12:41:39.333,2025-07-04,True,False,4655.36,4655.36,437.4942857142857,-389.33,0,1,DINEIN1,1,False,241.07,0,False,12:41:39.333,2025-07-04,0.0,False,1,0.0,DINEIN1,0.0,0,0,-99.99,-10000000000,<NA>,0.0,0,3513,0,0,0,12:41:39.333,0.0,1,0,0.0,0,0,0,12:41:39.333,12:41:39.333
83,Manam,Manam SM Cebu,3514,0.0,0.0,25,0,102267,2,3,<NA>,13:01:24.38,2025-07-04,13:01:24.38,2025-07-04,True,False,1675.0,1675.0,179.46,-127.12,0,1,DINEIN1,1,False,0.0,0,False,13:01:24.38,2025-07-04,0.0,False,1,0.0,DINEIN1,0.0,0,0,-99.99,-10000000000,<NA>,0.0,0,3514,0,0,0,13:01:24.38,0.0,1,0,0.0,0,0,0,13:01:24.38,13:01:24.38
83,Manam,Manam SM Cebu,3515,0.0,0.0,40,0,102267,6,3,<NA>,13:06:10.607,2025-07-04,13:06:10.607,2025-07-04,True,False,2496.9700000000003,2496.9700000000003,226.07285714285712,-224.18,0,1,DINEIN1,1,False,188.39,0,False,13:06:10.607,2025-07-04,0.0,False,1,0.0,DINEIN1,0.0,0,0,-99.99,-10000000000,<NA>,0.0,0,3515,0,0,0,13:06:10.607,0.0,1,0,0.0,0,0,0,13:06:10.607,13:06:10.607
83,Manam,Manam SM Cebu,3516,0.0,0.0,10,0,102267,7,3,<NA>,13:08:25.033,2025-07-04,13:08:25.033,2025-07-04,True,False,3252.4700000000003,3252.4700000000003,246.31142857142856,-275.82,0,1,DINEIN1,1,False,304.21,0,False,13:08:25.033,2025-07-04,0.0,False,1,0.0,DINEIN1,0.0,0,0,-99.99,-10000000000,<NA>,0.0,0,3516,0,0,0,13:08:25.033,0.0,1,0,0.0,0,0,0,13:08:25.033,13:08:25.033
83,Manam,Manam SM Cebu,3517,0.0,0.0,19,0,102267,3,3,<NA>,13:20:49.793,2025-07-04,13:20:49.793,2025-07-04,True,False,2650.0,2650.0,283.92,-201.12,0,1,DINEIN1,1,False,0.0,0,False,13:20:49.793,2025-07-04,0.0,False,1,0.0,DINEIN1,0.0,0,0,-99.99,-10000000000,<NA>,0.0,0,3517,0,0,0,13:20:49.793,0.0,1,0,0.0,0,0,0,13:20:49.793,13:20:49.793
83,Manam,Manam SM Cebu,3518,0.0,0.0,51,0,102267,4,3,<NA>,11:34:27.943,2025-07-04,11:34:27.943,2025-07-04,True,False,405.0,405.0,43.39,-30.74,0,1,DINEIN1,1,False,0.0,0,False,11:34:27.943,2025-07-04,0.0,False,1,0.0,DINEIN1,0.0,0,0,-99.99,-10000000000,<NA>,0.0,0,3518,0,0,0,11:34:27.943,0.0,1,0,0.0,0,0,0,11:34:27.943,11:34:27.943
83,Manam,Manam SM Cebu,3519,0.0,0.0,4,0,102267,2,3,<NA>,13:11:49.723,2025-07-04,13:11:49.723,2025-07-04,True,False,1665.0,1665.0,188.58,-133.57,0,1,DINEIN1,1,False,0.0,0,False,13:11:49.723,2025-07-04,0.0,False,1,0.0,DINEIN1,0.0,0,0,-99.99,-10000000000,<NA>,0.0,0,3519,0,0,0,13:11:49.723,0.0,1,0,0.0,0,0,0,13:11:49.723,13:11:49.723
83,Manam,Manam SM Cebu,3520,0.0,0.0,50,0,102267,7,1,<NA>,13:55:35.29,2025-07-04,13:55:35.29,2025-07-04,True,False,2660.0,2660.0,285.0,-201.88,0,1,DINEIN1,1,False,0.0,0,False,13:55:35.29,2025-07-04,0.0,False,1,0.0,DINEIN1,0.0,0,0,-99.99,-10000000000,<NA>,0.0,0,3520,0,0,0,13:55:35.29,0.0,1,0,0.0,0,0,0,13:55:35.29,13:55:35.29
83,Manam,Manam SM Cebu,3521,0.0,0.0,32,0,102267,2,1,<NA>,13:34:35.923,2025-07-04,13:34:35.923,2025-07-04,True,False,1776.78,1776.78,0.0,-120.82,0,1,DINEIN1,1,False,355.35,0,False,13:34:35.923,2025-07-04,0.0,False,1,0.0,DINEIN1,0.0,0,0,-99.99,-10000000000,<NA>,0.0,0,3521,0,0,0,13:34:35.923,0.0,1,0,0.0,0,0,0,13:34:35.923,13:34:35.923
83,Manam,Manam SM Cebu,3522,0.0,0.0,33,0,102267,8,1,<NA>,12:52:48.167,2025-07-04,12:52:48.167,2025-07-04,True,False,4875.0599999999995,4875.0599999999995,525.11,-414.0,0,1,DINEIN1,1,False,124.89,0,False,12:52:48.167,2025-07-04,0.0,False,1,0.0,DINEIN1,0.0,0,0,-99.99,-10000000000,<NA>,0.0,0,3522,0,0,0,12:52:48.167,0.0,1,0,0.0,0,0,0,12:52:48.167,12:52:48.167
83,Manam,Manam SM Cebu,3523,0.0,0.0,9,0,102267,2,1,<NA>,13:53:42.967,2025-07-04,13:53:42.967,2025-07-04,True,False,1105.0,1105.0,118.4,-83.86,0,1,DINEIN1,1,False,0.0,0,False,13:53:42.967,2025-07-04,0.0,False,1,0.0,DINEIN1,0.0,0,0,-99.99,-10000000000,<NA>,0.0,0,3523,0,0,0,13:53:42.967,0.0,1,0,0.0,0,0,0,13:53:42.967,13:53:42.967
83,Manam,Manam SM Cebu,3524,0.0,0.0,27,0,102267,2,1,<NA>,14:00:23.237,2025-07-04,14:00:23.237,2025-07-04,True,False,1651.52,1651.52,93.48857142857142,-119.19,0,1,DINEIN1,1,False,155.8,0,False,14:00:23.237,2025-07-04,0.0,False,1,0.0,DINEIN1,0.0,0,0,-99.99,-10000000000,<NA>,0.0,0,3524,0,0,0,14:00:23.237,0.0,1,0,0.0,0,0,0,14:00:23.237,14:00:23.237
83,Manam,Manam SM Cebu,3525,0.0,0.0,14,0,102267,4,3,<NA>,13:23:25.12,2025-07-04,13:23:25.12,2025-07-04,True,False,1015.0,1015.0,108.75,-77.03,0,1,DINEIN1,1,False,0.0,0,False,13:23:25.12,2025-07-04,0.0,False,1,0.0,DINEIN1,0.0,0,0,-99.99,-10000000000,<NA>,0.0,0,3525,0,0,0,13:23:25.12,0.0,1,0,0.0,0,0,0,13:23:25.12,13:23:25.12
83,Manam,Manam SM Cebu,3526,0.0,0.0,28,0,102267,3,3,<NA>,13:58:12.863,2025-07-04,13:58:12.863,2025-07-04,True,False,2075.0,2075.0,222.33,-157.48,0,1,DINEIN1,1,False,0.0,0,False,13:58:12.863,2025-07-04,0.0,False,1,0.0,DINEIN1,0.0,0,0,-99.99,-10000000000,<NA>,0.0,0,3526,0,0,0,13:58:12.863,0.0,1,0,0.0,0,0,0,13:58:12.863,13:58:12.863
83,Manam,Manam SM Cebu,3527,0.0,0.0,25,0,102267,4,1,<NA>,14:12:46.12,2025-07-04,14:12:46.12,2025-07-04,True,False,1680.0,1680.0,198.74,-140.78,0,1,DINEIN1,1,False,0.0,0,False,14:12:46.12,2025-07-04,0.0,False,1,0.0,DINEIN1,0.0,0,0,-99.99,-10000000000,<NA>,0.0,0,3527,0,0,0,14:12:46.12,0.0,1,0,0.0,0,0,0,14:12:46.12,14:12:46.12
83,Manam,Manam SM Cebu,3528,0.0,0.0,7,0,102267,3,1,10% LOYAL,13:56:07.517,2025-07-04,13:56:07.517,2025-07-04,True,False,1500.0,1500.0,144.64,-102.46,0,1,DINEIN1,1,False,150.0,0,False,13:56:07.517,2025-07-04,0.0,False,1,0.0,DINEIN1,0.0,0,0,-99.99,-10000000000,10472173,0.0,0,3528,0,0,0,13:56:07.517,0.0,1,0,0.0,0,0,0,13:56:07.517,13:56:07.517
83,Manam,Manam SM Cebu,3529,0.0,0.0,11,0,102267,4,1,<NA>,14:21:26.167,2025-07-04,14:21:26.167,2025-07-04,True,False,1875.0,1875.0,233.04,-165.07,0,1,DINEIN1,1,False,0.0,0,False,14:21:26.167,2025-07-04,0.0,False,1,0.0,DINEIN1,0.0,0,0,-99.99,-10000000000,<NA>,0.0,0,3529,0,0,0,14:21:26.167,0.0,1,0,0.0,0,0,0,14:21:26.167,14:21:26.167
83,Manam,Manam SM Cebu,3530,0.0,0.0,10,0,102267,2,3,<NA>,14:20:48.46,2025-07-04,14:20:48.46,2025-07-04,True,False,870.0,870.0,93.21,-66.03,0,1,DINEIN1,1,False,0.0,0,False,14:20:48.46,2025-07-04,0.0,False,1,0.0,DINEIN1,0.0,0,0,-99.99,-10000000000,<NA>,0.0,0,3530,0,0,0,14:20:48.46,0.0,1,0,0.0,0,0,0,14:20:48.46,14:20:48.46
83,Manam,Manam SM Cebu,3531,0.0,0.0,0,0,102267,0,13,<NA>,15:11:18.21,2025-07-04,15:11:18.21,2025-07-04,True,False,1350.0,1350.0,144.64,0.0,0,1,GRABFOOD,1,False,0.0,0,False,15:11:18.21,2025-07-04,0.0,False,1,0.0,GRABFOOD,0.0,0,0,-99.99,-10000000000,<NA>,0.0,0,3531,0,0,0,15:11:18.21,0.0,1,0,0.0,0,0,0,15:11:18.21,15:11:18.21
83,Manam,Manam SM Cebu,3532,0.0,0.0,1,0,102267,6,1,<NA>,13:38:28.887,2025-07-04,13:38:28.887,2025-07-04,True,False,4610.0,4610.0,531.97,-376.81,0,1,DINEIN1,1,False,0.0,0,False,13:38:28.887,2025-07-04,0.0,False,1,0.0,DINEIN1,0.0,0,0,-99.99,-10000000000,<NA>,0.0,0,3532,0,0,0,13:38:28.887,0.0,1,0,0.0,0,0,0,13:38:28.887,13:38:28.887
83,Manam,Manam SM Cebu,3533,0.0,0.0,45,0,102267,10,1,<NA>,14:06:47.193,2025-07-04,14:06:47.193,2025-07-04,True,False,5576.58,5576.58,410.6428571428571,-445.46,0,1,DINEIN1,1,False,455.72,0,False,14:06:47.193,2025-07-04,0.0,False,1,0.0,DINEIN1,0.0,0,0,-99.99,-10000000000,<NA>,0.0,0,3533,0,0,0,14:06:47.193,0.0,1,0,0.0,0,0,0,14:06:47.193,14:06:47.193
83,Manam,Manam SM Cebu,3534,0.0,0.0,18,0,102267,2,3,<NA>,14:34:09.46,2025-07-04,14:34:09.46,2025-07-04,True,False,910.0,910.0,97.49,-69.06,0,1,DINEIN1,1,False,0.0,0,False,14:34:09.46,2025-07-04,0.0,False,1,0.0,DINEIN1,0.0,0,0,-99.99,-10000000000,<NA>,0.0,0,3534,0,0,0,14:34:09.46,0.0,1,0,0.0,0,0,0,14:34:09.46,14:34:09.46
83,Manam,Manam SM Cebu,3535,0.0,0.0,20,0,102267,10,3,<NA>,14:05:17.287,2025-07-04,14:05:17.287,2025-07-04,True,False,4866.6,4866.6,667.5357142857142,-567.19,0,1,DINEIN1,1,False,278.03,0,False,14:05:17.287,2025-07-04,0.0,False,1,0.0,DINEIN1,0.0,0,0,-99.99,-10000000000,<NA>,0.0,0,3535,0,0,0,14:05:17.287,0.0,1,0,0.0,0,0,0,14:05:17.287,14:05:17.287
83,Manam,Manam SM Cebu,3536,0.0,0.0,0,0,102267,0,12,<NA>,15:20:19.877,2025-07-04,15:20:19.877,2025-07-04,True,False,380.0,380.0,40.71,0.0,0,1,GRABFOOD,1,False,0.0,0,False,15:20:19.877,2025-07-04,0.0,False,1,0.0,GRABFOOD,0.0,0,0,-99.99,-10000000000,<NA>,0.0,0,3536,0,0,0,15:20:19.877,0.0,1,0,0.0,0,0,0,15:20:19.877,15:20:19.877
83,Manam,Manam SM Cebu,3537,0.0,0.0,0,0,102267,0,12,<NA>,15:23:34.4,2025-07-04,15:23:34.4,2025-07-04,True,False,298.0,298.0,31.93,0.0,0,1,GRABFOOD,1,False,0.0,0,False,15:23:34.4,2025-07-04,0.0,False,1,0.0,GRABFOOD,0.0,0,0,-99.99,-10000000000,<NA>,0.0,0,3537,0,0,0,15:23:34.4,0.0,1,0,0.0,0,0,0,15:23:34.4,15:23:34.4
83,Manam,Manam SM Cebu,3538,0.0,0.0,0,0,102267,0,12,<NA>,15:28:05.37,2025-07-04,15:28:05.37,2025-07-04,True,False,725.0,725.0,77.68,0.0,0,1,GRABFOOD,1,False,0.0,0,False,15:28:05.37,2025-07-04,0.0,False,1,0.0,GRABFOOD,0.0,0,0,-99.99,-10000000000,<NA>,0.0,0,3538,0,0,0,15:28:05.37,0.0,1,0,0.0,0,0,0,15:28:05.37,15:28:05.37
83,Manam,Manam SM Cebu,3539,0.0,0.0,0,0,102267,0,12,<NA>,15:30:34.28,2025-07-04,15:30:34.28,2025-07-04,True,False,288.0,288.0,30.86,0.0,0,1,GRABFOOD,1,False,0.0,0,False,15:30:34.28,2025-07-04,0.0,False,1,0.0,GRABFOOD,0.0,0,0,-99.99,-10000000000,<NA>,0.0,0,3539,0,0,0,15:30:34.28,0.0,1,0,0.0,0,0,0,15:30:34.28,15:30:34.28
83,Manam,Manam SM Cebu,3540,0.0,0.0,14,0,102267,2,3,<NA>,14:58:12.417,2025-07-04,14:58:12.417,2025-07-04,True,False,760.0,760.0,81.42,-57.68,0,1,DINEIN1,1,False,0.0,0,False,14:58:12.417,2025-07-04,0.0,False,1,0.0,DINEIN1,0.0,0,0,-99.99,-10000000000,<NA>,0.0,0,3540,0,0,0,14:58:12.417,0.0,1,0,0.0,0,0,0,14:58:12.417,14:58:12.417
83,Manam,Manam SM Cebu,3541,0.0,0.0,0,0,108015,0,3,<NA>,15:22:13.703,2025-07-04,15:22:13.703,2025-07-04,True,False,1575.54,1575.54,129.11,0.0,0,1,TAKEOUT,1,False,74.11,0,False,15:22:13.703,2025-07-04,0.0,False,1,0.0,TAKEOUT,0.0,0,0,-99.99,-10000000000,<NA>,0.0,0,3541,0,0,0,15:22:13.703,0.0,1,0,0.0,0,0,0,15:22:13.703,15:22:13.703
83,Manam,Manam SM Cebu,3542,0.0,0.0,19,0,102267,2,3,<NA>,14:33:32.497,2025-07-04,14:33:32.497,2025-07-04,True,False,1360.0,1360.0,145.71,-103.21,0,1,DINEIN1,1,False,0.0,0,False,14:33:32.497,2025-07-04,0.0,False,1,0.0,DINEIN1,0.0,0,0,-99.99,-10000000000,<NA>,0.0,0,3542,0,0,0,14:33:32.497,0.0,1,0,0.0,0,0,0,14:33:32.497,14:33:32.497
83,Manam,Manam SM Cebu,3543,0.0,0.0,4,0,102267,3,3,<NA>,14:42:18.58,2025-07-04,14:42:18.58,2025-07-04,True,False,825.89,825.89,0.0,-56.16,0,1,DINEIN1,1,False,165.18,0,False,14:42:18.58,2025-07-04,0.0,False,1,0.0,DINEIN1,0.0,0,0,-99.99,-10000000000,<NA>,0.0,0,3543,0,0,0,14:42:18.58,0.0,1,0,0.0,0,0,0,14:42:18.58,14:42:18.58
83,Manam,Manam SM Cebu,3544,0.0,0.0,30,0,102267,3,3,<NA>,14:54:42.347,2025-07-04,14:54:42.347,2025-07-04,True,False,945.0,945.0,69.99714285714286,-69.41,0,1,DINEIN1,1,False,58.33,0,False,14:54:42.347,2025-07-04,0.0,False,1,0.0,DINEIN1,0.0,0,0,-99.99,-10000000000,<NA>,0.0,0,3544,0,0,0,14:54:42.347,0.0,1,0,0.0,0,0,0,14:54:42.347,14:54:42.347
83,Manam,Manam SM Cebu,3545,0.0,0.0,52,0,102267,6,3,<NA>,14:29:15.157,2025-07-04,14:29:15.157,2025-07-04,True,False,4547.6,4547.6,257.4157142857143,-328.2,0,1,DINEIN1,1,False,429.02,0,False,14:29:15.157,2025-07-04,0.0,False,1,0.0,DINEIN1,0.0,0,0,-99.99,-10000000000,<NA>,0.0,0,3545,0,0,0,14:29:15.157,0.0,1,0,0.0,0,0,0,14:29:15.157,14:29:15.157
83,Manam,Manam SM Cebu,3546,0.0,0.0,9,0,102267,2,1,<NA>,15:21:06.943,2025-07-04,15:21:06.943,2025-07-04,True,False,850.0,850.0,91.08,-64.51,0,1,DINEIN1,1,False,0.0,0,False,15:21:06.943,2025-07-04,0.0,False,1,0.0,DINEIN1,0.0,0,0,-99.99,-10000000000,<NA>,0.0,0,3546,0,0,0,15:21:06.943,0.0,1,0,0.0,0,0,0,15:21:06.943,15:21:06.943
83,Manam,Manam SM Cebu,3547,0.0,0.0,27,0,102267,2,3,<NA>,15:10:26.577,2025-07-04,15:10:26.577,2025-07-04,True,False,1255.0,1255.0,134.46,-95.25,0,1,DINEIN1,1,False,0.0,0,False,15:10:26.577,2025-07-04,0.0,False,1,0.0,DINEIN1,0.0,0,0,-99.99,-10000000000,<NA>,0.0,0,3547,0,0,0,15:10:26.577,0.0,1,0,0.0,0,0,0,15:10:26.577,15:10:26.577
83,Manam,Manam SM Cebu,3548,0.0,0.0,18,0,102267,2,3,<NA>,15:30:40.093,2025-07-04,15:30:40.093,2025-07-04,True,False,951.0699999999999,951.0699999999999,62.68,-79.92,0,1,DINEIN1,1,False,104.47,0,False,15:30:40.093,2025-07-04,0.0,False,1,0.0,DINEIN1,0.0,0,0,-99.99,-10000000000,<NA>,0.0,0,3548,0,0,0,15:30:40.093,0.0,1,0,0.0,0,0,0,15:30:40.093,15:30:40.093
83,Manam,Manam SM Cebu,3549,0.0,0.0,40,0,102267,16,3,<NA>,14:26:09.187,2025-07-04,14:26:09.187,2025-07-04,True,False,7157.67,7157.67,2000.2785714285712,-1576.85,0,1,DINEIN1,1,False,475.67,0,False,14:26:09.187,2025-07-04,0.0,False,1,0.0,DINEIN1,0.0,0,0,-99.99,-10000000000,<NA>,0.0,0,3549,0,0,0,14:26:09.187,0.0,1,0,0.0,0,0,0,14:26:09.187,14:26:09.187
83,Manam,Manam SM Cebu,3550,0.0,0.0,28,0,102267,3,3,<NA>,15:19:16.693,2025-07-04,15:19:16.693,2025-07-04,True,False,2651.7799999999997,2651.7799999999997,196.4257142857143,-194.79,0,1,DINEIN1,1,False,163.69,0,False,15:19:16.693,2025-07-04,0.0,False,1,0.0,DINEIN1,0.0,0,0,-99.99,-10000000000,<NA>,0.0,0,3550,0,0,0,15:19:16.693,0.0,1,0,0.0,0,0,0,15:19:16.693,15:19:16.693
83,Manam,Manam SM Cebu,3551,0.0,0.0,14,0,102267,4,1,<NA>,15:42:21.613,2025-07-04,15:42:21.613,2025-07-04,True,False,1850.0,1850.0,198.21,-140.4,0,1,DINEIN1,1,False,0.0,0,False,15:42:21.613,2025-07-04,0.0,False,1,0.0,DINEIN1,0.0,0,0,-99.99,-10000000000,<NA>,0.0,0,3551,0,0,0,15:42:21.613,0.0,1,0,0.0,0,0,0,15:42:21.613,15:42:21.613
83,Manam,Manam SM Cebu,3552,0.0,0.0,50,0,102267,8,1,<NA>,15:28:03.423,2025-07-04,15:28:03.423,2025-07-04,True,False,6410.0,6410.0,784.3,-555.54,0,1,DINEIN1,1,False,0.0,0,False,15:28:03.423,2025-07-04,0.0,False,1,0.0,DINEIN1,0.0,0,0,-99.99,-10000000000,<NA>,0.0,0,3552,0,0,0,15:28:03.423,0.0,1,0,0.0,0,0,0,15:28:03.423,15:28:03.423
83,Manam,Manam SM Cebu,3553,0.0,0.0,4,0,102267,2,3,<NA>,15:50:39.773,2025-07-04,15:50:39.773,2025-07-04,True,False,700.89,700.89,0.0,-47.66,0,1,DINEIN1,1,False,140.18,0,False,15:50:39.773,2025-07-04,0.0,False,1,0.0,DINEIN1,0.0,0,0,-99.99,-10000000000,<NA>,0.0,0,3553,0,0,0,15:50:39.773,0.0,1,0,0.0,0,0,0,15:50:39.773,15:50:39.773
83,Manam,Manam SM Cebu,3554,0.0,0.0,6,0,102267,2,1,<NA>,16:00:10.107,2025-07-04,16:00:10.107,2025-07-04,True,False,1520.0,1520.0,162.85,-115.36,0,1,DINEIN1,1,False,0.0,0,False,16:00:10.107,2025-07-04,0.0,False,1,0.0,DINEIN1,0.0,0,0,-99.99,-10000000000,<NA>,0.0,0,3554,0,0,0,16:00:10.107,0.0,1,0,0.0,0,0,0,16:00:10.107,16:00:10.107
83,Manam,Manam SM Cebu,3556,0.0,0.0,7,0,102267,3,3,<NA>,15:39:34.37,2025-07-04,15:39:34.37,2025-07-04,True,False,2186.79,2186.79,84.11,-154.9,0,1,DINEIN1,1,False,280.36,0,False,15:39:34.37,2025-07-04,0.0,False,1,0.0,DINEIN1,0.0,0,0,-99.99,-10000000000,<NA>,0.0,0,3556,0,0,0,15:39:34.37,0.0,1,0,0.0,0,0,0,15:39:34.37,15:39:34.37
83,Manam,Manam SM Cebu,3557,0.0,0.0,9,0,102267,1,1,<NA>,16:14:08.12,2025-07-04,16:14:08.12,2025-07-04,True,False,525.0,525.0,56.25,-39.84,0,1,DINEIN1,1,False,0.0,0,False,16:14:08.12,2025-07-04,0.0,False,1,0.0,DINEIN1,0.0,0,0,-99.99,-10000000000,<NA>,0.0,0,3557,0,0,0,16:14:08.12,0.0,1,0,0.0,0,0,0,16:14:08.12,16:14:08.12
83,Manam,Manam SM Cebu,3558,0.0,0.0,0,0,107992,0,3,<NA>,16:16:12.867,2025-07-04,16:16:12.867,2025-07-04,True,False,1175.0,1175.0,125.89,0.0,0,1,TAKEOUT,1,False,0.0,0,False,16:16:12.867,2025-07-04,0.0,False,1,0.0,TAKEOUT,0.0,0,0,-99.99,-10000000000,<NA>,0.0,0,3558,0,0,0,16:16:12.867,0.0,1,0,0.0,0,0,0,16:16:12.867,16:16:12.867
83,Manam,Manam SM Cebu,3559,0.0,0.0,3,0,102267,2,3,<NA>,16:09:10.87,2025-07-04,16:09:10.87,2025-07-04,True,False,973.21,973.21,0.0,-66.18,0,1,DINEIN1,1,False,194.64,0,False,16:09:10.87,2025-07-04,0.0,False,1,0.0,DINEIN1,0.0,0,0,-99.99,-10000000000,<NA>,0.0,0,3559,0,0,0,16:09:10.87,0.0,1,0,0.0,0,0,0,16:09:10.87,16:09:10.87
83,Manam,Manam SM Cebu,3560,0.0,0.0,31,0,102267,2,3,<NA>,16:25:24.723,2025-07-04,16:25:24.723,2025-07-04,True,False,1135.0,1135.0,139.29,-98.66,0,1,DINEIN1,1,False,0.0,0,False,16:25:24.723,2025-07-04,0.0,False,1,0.0,DINEIN1,0.0,0,0,-99.99,-10000000000,<NA>,0.0,0,3560,0,0,0,16:25:24.723,0.0,1,0,0.0,0,0,0,16:25:24.723,16:25:24.723
83,Manam,Manam SM Cebu,3561,0.0,0.0,17,0,102267,2,3,<NA>,16:28:27.137,2025-07-04,16:28:27.137,2025-07-04,True,False,1225.0,1225.0,131.26,-92.97,0,1,DINEIN1,1,False,0.0,0,False,16:28:27.137,2025-07-04,0.0,False,1,0.0,DINEIN1,0.0,0,0,-99.99,-10000000000,<NA>,0.0,0,3561,0,0,0,16:28:27.137,0.0,1,0,0.0,0,0,0,16:28:27.137,16:28:27.137
83,Manam,Manam SM Cebu,3562,0.0,0.0,25,0,102267,2,3,<NA>,15:43:38.78,2025-07-04,15:43:38.78,2025-07-04,True,False,1895.0,1895.0,203.04,-143.82,0,1,DINEIN1,1,False,0.0,0,False,15:43:38.78,2025-07-04,0.0,False,1,0.0,DINEIN1,0.0,0,0,-99.99,-10000000000,<NA>,0.0,0,3562,0,0,0,15:43:38.78,0.0,1,0,0.0,0,0,0,15:43:38.78,15:43:38.78
83,Manam,Manam SM Cebu,3563,0.0,0.0,0,0,107992,0,3,<NA>,16:42:21.71,2025-07-04,16:42:21.71,2025-07-04,True,False,795.0,795.0,85.18,0.0,0,1,TAKEOUT,1,False,0.0,0,False,16:42:21.71,2025-07-04,0.0,False,1,0.0,TAKEOUT,0.0,0,0,-99.99,-10000000000,<NA>,0.0,0,3563,0,0,0,16:42:21.71,0.0,1,0,0.0,0,0,0,16:42:21.71,16:42:21.71
83,Manam,Manam SM Cebu,3564,0.0,0.0,21,0,102267,6,3,<NA>,16:19:56.863,2025-07-04,16:19:56.863,2025-07-04,True,False,1550.0,1550.0,166.08,-117.63,0,1,DINEIN1,1,False,0.0,0,False,16:19:56.863,2025-07-04,0.0,False,1,0.0,DINEIN1,0.0,0,0,-99.99,-10000000000,<NA>,0.0,0,3564,0,0,0,16:19:56.863,0.0,1,0,0.0,0,0,0,16:19:56.863,16:19:56.863
83,Manam,Manam SM Cebu,3565,0.0,0.0,19,0,102267,2,5,<NA>,16:03:34.18,2025-07-04,16:03:34.18,2025-07-04,True,False,1410.0,1410.0,151.07,-107.01,0,1,DINEIN1,1,False,0.0,0,False,16:03:34.18,2025-07-04,0.0,False,1,0.0,DINEIN1,0.0,0,0,-99.99,-10000000000,<NA>,0.0,0,3565,0,0,0,16:03:34.18,0.0,1,0,0.0,0,0,0,16:03:34.18,16:03:34.18
83,Manam,Manam SM Cebu,3566,0.0,0.0,20,0,102267,3,3,<NA>,15:57:20.917,2025-07-04,15:57:20.917,2025-07-04,True,False,1715.0,1715.0,183.75,-130.16,0,1,DINEIN1,1,False,0.0,0,False,15:57:20.917,2025-07-04,0.0,False,1,0.0,DINEIN1,0.0,0,0,-99.99,-10000000000,<NA>,0.0,0,3566,0,0,0,15:57:20.917,0.0,1,0,0.0,0,0,0,15:57:20.917,15:57:20.917
83,Manam,Manam SM Cebu,3567,0.0,0.0,51,0,102267,2,1,<NA>,16:34:09.97,2025-07-04,16:34:09.97,2025-07-04,True,False,2130.0,2130.0,228.21,-161.65,0,1,DINEIN1,1,False,0.0,0,False,16:34:09.97,2025-07-04,0.0,False,1,0.0,DINEIN1,0.0,0,0,-99.99,-10000000000,<NA>,0.0,0,3567,0,0,0,16:34:09.97,0.0,1,0,0.0,0,0,0,16:34:09.97,16:34:09.97
83,Manam,Manam SM Cebu,3568,0.0,0.0,52,0,102267,3,1,<NA>,16:28:12.263,2025-07-04,16:28:12.263,2025-07-04,True,False,2305.0,2305.0,266.78,-188.97,0,1,DINEIN1,1,False,0.0,0,False,16:28:12.263,2025-07-04,0.0,False,1,0.0,DINEIN1,0.0,0,0,-99.99,-10000000000,<NA>,0.0,0,3568,0,0,0,16:28:12.263,0.0,1,0,0.0,0,0,0,16:28:12.263,16:28:12.263
83,Manam,Manam SM Cebu,3569,0.0,0.0,4,0,102267,2,1,<NA>,16:48:20.283,2025-07-04,16:48:20.283,2025-07-04,True,False,1420.0,1420.0,168.21,-119.15,0,1,DINEIN1,1,False,0.0,0,False,16:48:20.283,2025-07-04,0.0,False,1,0.0,DINEIN1,0.0,0,0,-99.99,-10000000000,<NA>,0.0,0,3569,0,0,0,16:48:20.283,0.0,1,0,0.0,0,0,0,16:48:20.283,16:48:20.283
83,Manam,Manam SM Cebu,3570,0.0,0.0,6,0,102267,6,3,<NA>,16:54:46.597,2025-07-04,16:54:46.597,2025-07-04,True,False,780.0,780.0,83.57,-59.2,0,1,DINEIN1,1,False,0.0,0,False,16:54:46.597,2025-07-04,0.0,False,1,0.0,DINEIN1,0.0,0,0,-99.99,-10000000000,<NA>,0.0,0,3570,0,0,0,16:54:46.597,0.0,1,0,0.0,0,0,0,16:54:46.597,16:54:46.597
83,Manam,Manam SM Cebu,3571,0.0,0.0,11,0,102267,2,3,<NA>,16:52:56.207,2025-07-04,16:52:56.207,2025-07-04,True,False,1490.0,1490.0,168.74,-119.53,0,1,DINEIN1,1,False,0.0,0,False,16:52:56.207,2025-07-04,0.0,False,1,0.0,DINEIN1,0.0,0,0,-99.99,-10000000000,<NA>,0.0,0,3571,0,0,0,16:52:56.207,0.0,1,0,0.0,0,0,0,16:52:56.207,16:52:56.207
83,Manam,Manam SM Cebu,3572,0.0,0.0,0,0,102267,0,12,<NA>,17:41:19.337,2025-07-04,17:41:19.337,2025-07-04,True,False,1475.0,1475.0,158.04,0.0,0,1,GRABFOOD,1,False,0.0,0,False,17:41:19.337,2025-07-04,0.0,False,1,0.0,GRABFOOD,0.0,0,0,-99.99,-10000000000,<NA>,0.0,0,3572,0,0,0,17:41:19.337,0.0,1,0,0.0,0,0,0,17:41:19.337,17:41:19.337
83,Manam,Manam SM Cebu,3573,0.0,0.0,10,0,102267,8,3,<NA>,15:28:41.263,2025-07-04,15:28:41.263,2025-07-04,True,False,5415.63,5415.63,476.5128571428571,-427.54,0,1,DINEIN1,1,False,264.73,0,False,15:28:41.263,2025-07-04,0.0,False,1,0.0,DINEIN1,0.0,0,0,-99.99,-10000000000,<NA>,0.0,0,3573,0,0,0,15:28:41.263,0.0,1,0,0.0,0,0,0,15:28:41.263,15:28:41.263
83,Manam,Manam SM Cebu,3574,0.0,0.0,28,0,102267,2,1,<NA>,16:48:47.553,2025-07-04,16:48:47.553,2025-07-04,True,False,1551.97,1551.97,92.14428571428573,-117.48,0,1,DINEIN1,1,False,153.58,0,False,16:48:47.553,2025-07-04,0.0,False,1,0.0,DINEIN1,0.0,0,0,-99.99,-10000000000,<NA>,0.0,0,3574,0,0,0,16:48:47.553,0.0,1,0,0.0,0,0,0,16:48:47.553,16:48:47.553
83,Manam,Manam SM Cebu,3575,0.0,0.0,0,0,102267,0,10,<NA>,17:46:04.997,2025-07-04,17:46:04.997,2025-07-04,True,False,790.0,790.0,84.64,0.0,0,1,FOODPANDA,1,False,0.0,0,False,17:46:04.997,2025-07-04,0.0,False,1,0.0,FOODPANDA,0.0,0,0,-99.99,-10000000000,<NA>,0.0,0,3575,0,0,0,17:46:04.997,0.0,1,0,0.0,0,0,0,17:46:04.997,17:46:04.997
83,Manam,Manam SM Cebu,3576,0.0,0.0,45,0,102267,12,3,<NA>,16:43:57.383,2025-07-04,16:43:57.383,2025-07-04,True,False,6302.18,6302.18,828.8114285714287,-680.44,0,1,DINEIN1,1,False,276.05,0,False,16:43:57.383,2025-07-04,0.0,False,1,0.0,DINEIN1,0.0,0,0,-99.99,-10000000000,<NA>,0.0,0,3576,0,0,0,16:43:57.383,0.0,1,0,0.0,0,0,0,16:43:57.383,16:43:57.383
83,Manam,Manam SM Cebu,3577,0.0,0.0,9,0,102267,2,3,<NA>,17:11:30.96,2025-07-04,17:11:30.96,2025-07-04,True,False,1125.0,1125.0,120.54,-85.38,0,1,DINEIN1,1,False,0.0,0,False,17:11:30.96,2025-07-04,0.0,False,1,0.0,DINEIN1,0.0,0,0,-99.99,-10000000000,<NA>,0.0,0,3577,0,0,0,17:11:30.96,0.0,1,0,0.0,0,0,0,17:11:30.96,17:11:30.96
83,Manam,Manam SM Cebu,3578,0.0,0.0,0,0,102267,0,12,<NA>,17:35:53.687,2025-07-04,17:35:53.687,2025-07-04,True,False,1315.0,1315.0,140.89,0.0,0,1,GRABFOOD,1,False,0.0,0,False,17:35:53.687,2025-07-04,0.0,False,1,0.0,GRABFOOD,0.0,0,0,-99.99,-10000000000,<NA>,0.0,0,3578,0,0,0,17:35:53.687,0.0,1,0,0.0,0,0,0,17:35:53.687,17:35:53.687
83,Manam,Manam SM Cebu,3579,0.0,0.0,40,0,102267,5,3,<NA>,16:55:43.563,2025-07-04,16:55:43.563,2025-07-04,True,False,3380.0,3380.0,389.47,-275.87,0,1,DINEIN1,1,False,0.0,0,False,16:55:43.563,2025-07-04,0.0,False,1,0.0,DINEIN1,0.0,0,0,-99.99,-10000000000,<NA>,0.0,0,3579,0,0,0,16:55:43.563,0.0,1,0,0.0,0,0,0,16:55:43.563,16:55:43.563
83,Manam,Manam SM Cebu,3580,0.0,0.0,7,0,102267,3,3,<NA>,17:16:42.697,2025-07-04,17:16:42.697,2025-07-04,True,False,1175.0,1175.0,125.9,-89.17,0,1,DINEIN1,1,False,0.0,0,False,17:16:42.697,2025-07-04,0.0,False,1,0.0,DINEIN1,0.0,0,0,-99.99,-10000000000,<NA>,0.0,0,3580,0,0,0,17:16:42.697,0.0,1,0,0.0,0,0,0,17:16:42.697,17:16:42.697
83,Manam,Manam SM Cebu,3581,0.0,0.0,30,0,102267,2,3,10% LOYAL,17:16:06.76,2025-07-04,17:16:06.76,2025-07-04,True,False,1330.0,1330.0,139.83,-99.04,0,1,DINEIN1,1,False,145.0,0,False,17:16:06.76,2025-07-04,0.0,False,1,0.0,DINEIN1,0.0,0,0,-99.99,-10000000000,10468389,0.0,0,3581,0,0,0,17:16:06.76,0.0,1,0,0.0,0,0,0,17:16:06.76,17:16:06.76
83,Manam,Manam SM Cebu,3582,0.0,0.0,15,0,102267,2,1,<NA>,16:55:57.797,2025-07-04,16:55:57.797,2025-07-04,True,False,1285.0,1285.0,137.67,-97.52,0,1,DINEIN1,1,False,0.0,0,False,16:55:57.797,2025-07-04,0.0,False,1,0.0,DINEIN1,0.0,0,0,-99.99,-10000000000,<NA>,0.0,0,3582,0,0,0,16:55:57.797,0.0,1,0,0.0,0,0,0,16:55:57.797,16:55:57.797
83,Manam,Manam SM Cebu,3583,0.0,0.0,33,0,102267,5,3,<NA>,16:58:41.257,2025-07-04,16:58:41.257,2025-07-04,True,False,2735.0,2735.0,310.19,-219.71,0,1,DINEIN1,1,False,0.0,0,False,16:58:41.257,2025-07-04,0.0,False,1,0.0,DINEIN1,0.0,0,0,-99.99,-10000000000,<NA>,0.0,0,3583,0,0,0,16:58:41.257,0.0,1,0,0.0,0,0,0,16:58:41.257,16:58:41.257
83,Manam,Manam SM Cebu,3584,0.0,0.0,20,0,102267,2,3,<NA>,17:22:05.13,2025-07-04,17:22:05.13,2025-07-04,True,False,1197.23,1197.23,67.7642857142857,-86.4,0,1,DINEIN1,1,False,112.95,0,False,17:22:05.13,2025-07-04,0.0,False,1,0.0,DINEIN1,0.0,0,0,-99.99,-10000000000,<NA>,0.0,0,3584,0,0,0,17:22:05.13,0.0,1,0,0.0,0,0,0,17:22:05.13,17:22:05.13
83,Manam,Manam SM Cebu,3587,0.0,0.0,52,0,102267,8,1,<NA>,17:36:52.937,2025-07-04,17:36:52.937,2025-07-04,True,False,4143.98,4143.98,378.0871428571429,-339.23,0,1,DINEIN1,1,False,210.05,0,False,17:36:52.937,2025-07-04,0.0,False,1,0.0,DINEIN1,0.0,0,0,-99.99,-10000000000,<NA>,0.0,0,3587,0,0,0,17:36:52.937,0.0,1,0,0.0,0,0,0,17:36:52.937,17:36:52.937
83,Manam,Manam SM Cebu,3588,0.0,0.0,27,0,102267,2,3,<NA>,17:12:15.183,2025-07-04,17:12:15.183,2025-07-04,True,False,1625.0,1625.0,174.12,-123.33,0,1,DINEIN1,1,False,0.0,0,False,17:12:15.183,2025-07-04,0.0,False,1,0.0,DINEIN1,0.0,0,0,-99.99,-10000000000,<NA>,0.0,0,3588,0,0,0,17:12:15.183,0.0,1,0,0.0,0,0,0,17:12:15.183,17:12:15.183
83,Manam,Manam SM Cebu,3589,0.0,0.0,4,0,102267,6,1,<NA>,17:33:28.76,2025-07-04,17:33:28.76,2025-07-04,True,False,3423.21,3423.21,253.56857142857143,-251.45,0,1,DINEIN1,1,False,211.32,0,False,17:33:28.76,2025-07-04,0.0,False,1,0.0,DINEIN1,0.0,0,0,-99.99,-10000000000,<NA>,0.0,0,3589,0,0,0,17:33:28.76,0.0,1,0,0.0,0,0,0,17:33:28.76,17:33:28.76
83,Manam,Manam SM Cebu,3590,0.0,0.0,1,0,102267,2,1,<NA>,16:02:31.7,2025-07-04,16:02:31.7,2025-07-04,True,False,1845.0,1845.0,197.68,-140.02,0,1,DINEIN1,1,False,0.0,0,False,16:02:31.7,2025-07-04,0.0,False,1,0.0,DINEIN1,0.0,0,0,-99.99,-10000000000,<NA>,0.0,0,3590,0,0,0,16:02:31.7,0.0,1,0,0.0,0,0,0,16:02:31.7,16:02:31.7
83,Manam,Manam SM Cebu,3591,0.0,0.0,19,0,102267,11,1,<NA>,17:21:18.197,2025-07-04,17:21:18.197,2025-07-04,True,False,4357.75,4357.75,566.7328571428571,-472.81,0,1,DINEIN1,1,False,209.91,0,False,17:21:18.197,2025-07-04,0.0,False,1,0.0,DINEIN1,0.0,0,0,-99.99,-10000000000,<NA>,0.0,0,3591,0,0,0,17:21:18.197,0.0,1,0,0.0,0,0,0,17:21:18.197,17:21:18.197
83,Manam,Manam SM Cebu,3592,0.0,0.0,28,0,102267,3,1,<NA>,18:00:52.387,2025-07-04,18:00:52.387,2025-07-04,True,False,1300.0,1300.0,139.29,-98.66,0,1,DINEIN1,1,False,0.0,0,False,18:00:52.387,2025-07-04,0.0,False,1,0.0,DINEIN1,0.0,0,0,-99.99,-10000000000,<NA>,0.0,0,3592,0,0,0,18:00:52.387,0.0,1,0,0.0,0,0,0,18:00:52.387,18:00:52.387
83,Manam,Manam SM Cebu,3593,0.0,0.0,0,0,102267,0,12,<NA>,18:56:17.81,2025-07-04,18:56:17.81,2025-07-04,True,False,185.0,185.0,39.64,0.0,0,1,GRABFOOD,1,False,0.0,0,False,18:56:17.81,2025-07-04,0.0,False,1,0.0,GRABFOOD,0.0,0,0,-99.99,-10000000000,<NA>,0.0,0,3593,0,0,0,18:56:17.81,0.0,1,0,0.0,0,0,0,18:56:17.81,18:56:17.81
83,Manam,Manam SM Cebu,3594,0.0,0.0,44,0,102267,7,3,<NA>,17:45:52.693,2025-07-04,17:45:52.693,2025-07-04,True,False,3858.16,3858.16,304.5857142857143,-284.79,0,1,DINEIN1,1,False,203.07,0,False,17:45:52.693,2025-07-04,0.0,False,1,0.0,DINEIN1,0.0,0,0,-99.99,-10000000000,<NA>,0.0,0,3594,0,0,0,17:45:52.693,0.0,1,0,0.0,0,0,0,17:45:52.693,17:45:52.693
83,Manam,Manam SM Cebu,3595,0.0,0.0,10,0,102267,10,3,<NA>,17:43:37.013,2025-07-04,17:43:37.013,2025-07-04,True,False,2891.96,2891.96,342.3157142857143,-264.03,0,1,DINEIN1,1,False,63.39,0,False,17:43:37.013,2025-07-04,0.0,False,1,0.0,DINEIN1,0.0,0,0,-99.99,-10000000000,<NA>,0.0,0,3595,0,0,0,17:43:37.013,0.0,1,0,0.0,0,0,0,17:43:37.013,17:43:37.013
83,Manam,Manam SM Cebu,3596,0.0,0.0,0,0,102267,0,10,<NA>,19:03:05.48,2025-07-04,19:03:05.48,2025-07-04,True,False,370.0,370.0,39.64,0.0,0,1,FOODPANDA,1,False,0.0,0,False,19:03:05.48,2025-07-04,0.0,False,1,0.0,FOODPANDA,0.0,0,0,-99.99,-10000000000,<NA>,0.0,0,3596,0,0,0,19:03:05.48,0.0,1,0,0.0,0,0,0,19:03:05.48,19:03:05.48
83,Manam,Manam SM Cebu,3597,0.0,0.0,26,0,102267,2,1,<NA>,12:11:42.587,2025-07-04,12:11:42.587,2025-07-04,True,False,1236.61,1236.61,0.0,-90.16,0,1,DINEIN1,1,False,265.19,0,False,12:11:42.587,2025-07-04,0.0,False,1,0.0,DINEIN1,0.0,0,0,-99.99,-10000000000,<NA>,0.0,0,3597,0,0,0,12:11:42.587,0.0,1,0,0.0,0,0,0,12:11:42.587,12:11:42.587
83,Manam,Manam SM Cebu,3598,0.0,0.0,14,0,102267,3,3,<NA>,18:05:40.503,2025-07-04,18:05:40.503,2025-07-04,True,False,1460.0,1460.0,156.43,-110.8,0,1,DINEIN1,1,False,0.0,0,False,18:05:40.503,2025-07-04,0.0,False,1,0.0,DINEIN1,0.0,0,0,-99.99,-10000000000,<NA>,0.0,0,3598,0,0,0,18:05:40.503,0.0,1,0,0.0,0,0,0,18:05:40.503,18:05:40.503
83,Manam,Manam SM Cebu,3599,0.0,0.0,45,0,102267,4,3,<NA>,17:55:53.54,2025-07-04,17:55:53.54,2025-07-04,True,False,2408.7,2408.7,198.88,-178.45,0,1,DINEIN1,1,False,110.49,0,False,17:55:53.54,2025-07-04,0.0,False,1,0.0,DINEIN1,0.0,0,0,-99.99,-10000000000,<NA>,0.0,0,3599,0,0,0,17:55:53.54,0.0,1,0,0.0,0,0,0,17:55:53.54,17:55:53.54
83,Manam,Manam SM Cebu,3600,0.0,0.0,28,0,102267,2,1,<NA>,18:53:21.79,2025-07-04,18:53:21.79,2025-07-04,True,False,674.1,674.1,0.0,-45.84,0,1,DINEIN1,1,False,134.82,0,False,18:53:21.79,2025-07-04,0.0,False,1,0.0,DINEIN1,0.0,0,0,-99.99,-10000000000,<NA>,0.0,0,3600,0,0,0,18:53:21.79,0.0,1,0,0.0,0,0,0,18:53:21.79,18:53:21.79
83,Manam,Manam SM Cebu,3601,0.0,0.0,21,0,102267,6,1,<NA>,17:27:10.163,2025-07-04,17:27:10.163,2025-07-04,True,False,3826.6,3826.6,297.30571428571426,-294.31,0,1,DINEIN1,1,False,247.32,0,False,17:27:10.163,2025-07-04,0.0,False,1,0.0,DINEIN1,0.0,0,0,-99.99,-10000000000,<NA>,0.0,0,3601,0,0,0,17:27:10.163,0.0,1,0,0.0,0,0,0,17:27:10.163,17:27:10.163
83,Manam,Manam SM Cebu,3602,0.0,0.0,30,0,102267,7,1,<NA>,18:03:52.04,2025-07-04,18:03:52.04,2025-07-04,True,False,6197.85,6197.85,316.93,-463.47,0,1,DINEIN1,1,False,703.56,0,False,18:03:52.04,2025-07-04,0.0,False,1,0.0,DINEIN1,0.0,0,0,-99.99,-10000000000,<NA>,0.0,0,3602,0,0,0,18:03:52.04,0.0,1,0,0.0,0,0,0,18:03:52.04,18:03:52.04
83,Manam,Manam SM Cebu,3603,0.0,0.0,27,0,102267,2,1,<NA>,18:31:36.967,2025-07-04,18:31:36.967,2025-07-04,True,False,986.6,986.6,0.0,-67.09,0,1,DINEIN1,1,False,197.32,0,False,18:31:36.967,2025-07-04,0.0,False,1,0.0,DINEIN1,0.0,0,0,-99.99,-10000000000,<NA>,0.0,0,3603,0,0,0,18:31:36.967,0.0,1,0,0.0,0,0,0,18:31:36.967,18:31:36.967
83,Manam,Manam SM Cebu,3604,0.0,0.0,0,0,102267,0,12,<NA>,19:09:10.25,2025-07-04,19:09:10.25,2025-07-04,True,False,960.0,960.0,102.86,0.0,0,1,GRABFOOD,1,False,0.0,0,False,19:09:10.25,2025-07-04,0.0,False,1,0.0,GRABFOOD,0.0,0,0,-99.99,-10000000000,<NA>,0.0,0,3604,0,0,0,19:09:10.25,0.0,1,0,0.0,0,0,0,19:09:10.25,19:09:10.25
83,Manam,Manam SM Cebu,3605,0.0,0.0,0,0,100490,0,3,<NA>,19:04:40.23,2025-07-04,19:04:40.23,2025-07-04,True,False,1033.04,1033.04,50.89,0.0,0,1,TAKEOUT,1,False,111.61,0,False,19:04:40.23,2025-07-04,0.0,False,1,0.0,TAKEOUT,0.0,0,0,-99.99,-10000000000,<NA>,0.0,0,3605,0,0,0,19:04:40.23,0.0,1,0,0.0,0,0,0,19:04:40.23,19:04:40.23
83,Manam,Manam SM Cebu,3606,0.0,0.0,40,0,102267,6,3,<NA>,18:09:13.187,2025-07-04,18:09:13.187,2025-07-04,True,False,5682.86,5682.86,444.28857142857146,-440.58,0,1,DINEIN1,1,False,370.24,0,False,18:09:13.187,2025-07-04,0.0,False,1,0.0,DINEIN1,0.0,0,0,-99.99,-10000000000,<NA>,0.0,0,3606,0,0,0,18:09:13.187,0.0,1,0,0.0,0,0,0,18:09:13.187,18:09:13.187
83,Manam,Manam SM Cebu,3607,0.0,0.0,0,0,102267,0,12,<NA>,19:33:09.597,2025-07-04,19:33:09.597,2025-07-04,True,False,478.0,478.0,51.21,0.0,0,1,GRABFOOD,1,False,0.0,0,False,19:33:09.597,2025-07-04,0.0,False,1,0.0,GRABFOOD,0.0,0,0,-99.99,-10000000000,<NA>,0.0,0,3607,0,0,0,19:33:09.597,0.0,1,0,0.0,0,0,0,19:33:09.597,19:33:09.597
83,Manam,Manam SM Cebu,3608,0.0,0.0,7,0,102267,6,3,<NA>,18:16:17.213,2025-07-04,18:16:17.213,2025-07-04,True,False,9433.92,9433.92,905.5542857142856,-743.9,0,1,DINEIN1,1,False,301.78,0,False,18:16:17.213,2025-07-04,0.0,False,1,0.0,DINEIN1,0.0,0,0,-99.99,-10000000000,<NA>,0.0,0,3608,0,0,0,18:16:17.213,0.0,1,0,0.0,0,0,0,18:16:17.213,18:16:17.213
83,Manam,Manam SM Cebu,3609,0.0,0.0,0,0,102267,0,12,<NA>,19:37:40.957,2025-07-04,19:37:40.957,2025-07-04,True,False,435.0,435.0,46.61,0.0,0,1,GRABFOOD,1,False,0.0,0,False,19:37:40.957,2025-07-04,0.0,False,1,0.0,GRABFOOD,0.0,0,0,-99.99,-10000000000,<NA>,0.0,0,3609,0,0,0,19:37:40.957,0.0,1,0,0.0,0,0,0,19:37:40.957,19:37:40.957
83,Manam,Manam SM Cebu,3610,0.0,0.0,50,0,102267,5,3,<NA>,17:14:29.72,2025-07-04,17:14:29.72,2025-07-04,True,False,2665.0,2665.0,342.34,-242.48,0,1,DINEIN1,1,False,0.0,0,False,17:14:29.72,2025-07-04,0.0,False,1,0.0,DINEIN1,0.0,0,0,-99.99,-10000000000,<NA>,0.0,0,3610,0,0,0,17:14:29.72,0.0,1,0,0.0,0,0,0,17:14:29.72,17:14:29.72
83,Manam,Manam SM Cebu,3611,0.0,0.0,19,0,102267,14,1,<NA>,18:48:50.7,2025-07-04,18:48:50.7,2025-07-04,True,False,4306.49,4306.49,588.6128571428571,-442.12,0,1,DINEIN1,1,False,75.38,0,False,18:48:50.7,2025-07-04,0.0,False,1,0.0,DINEIN1,0.0,0,0,-99.99,-10000000000,<NA>,0.0,0,3611,0,0,0,18:48:50.7,0.0,1,0,0.0,0,0,0,18:48:50.7,18:48:50.7
83,Manam,Manam SM Cebu,3612,0.0,0.0,51,0,102267,8,3,<NA>,18:41:01.707,2025-07-04,18:41:01.707,2025-07-04,True,False,3802.9,3802.9,469.68857142857144,-370.72,0,1,DINEIN1,1,False,111.83,0,False,18:41:01.707,2025-07-04,0.0,False,1,0.0,DINEIN1,0.0,0,0,-99.99,-10000000000,<NA>,0.0,0,3612,0,0,0,18:41:01.707,0.0,1,0,0.0,0,0,0,18:41:01.707,18:41:01.707
83,Manam,Manam SM Cebu,3613,0.0,0.0,44,0,102267,13,3,<NA>,18:55:21.997,2025-07-04,18:55:21.997,2025-07-04,True,False,6869.2,6869.2,1207.652857142857,-1058.7,0,1,DINEIN1,1,False,602.68,0,False,18:55:21.997,2025-07-04,0.0,False,1,0.0,DINEIN1,0.0,0,0,-99.99,-10000000000,<NA>,0.0,0,3613,0,0,0,18:55:21.997,0.0,1,0,0.0,0,0,0,18:55:21.997,18:55:21.997
83,Manam,Manam SM Cebu,3614,0.0,0.0,10,0,102267,12,3,<NA>,19:09:25.193,2025-07-04,19:09:25.193,2025-07-04,True,False,5734.82,5734.82,650.8885714285715,-534.82,0,1,DINEIN1,1,False,216.97,0,False,19:09:25.193,2025-07-04,0.0,False,1,0.0,DINEIN1,0.0,0,0,-99.99,-10000000000,<NA>,0.0,0,3614,0,0,0,19:09:25.193,0.0,1,0,0.0,0,0,0,19:09:25.193,19:09:25.193
83,Manam,Manam SM Cebu,3615,0.0,0.0,0,0,102267,0,15,<NA>,20:15:05.72,2025-07-04,20:15:05.72,2025-07-04,True,False,1520.0,1520.0,219.11,0.0,0,1,MOFO,1,False,0.0,0,False,20:15:05.72,2025-07-04,0.0,False,1,0.0,MOFO,0.0,0,0,-99.99,-10000000000,<NA>,0.0,0,3615,0,0,0,20:15:05.72,0.0,1,0,0.0,0,0,0,20:15:05.72,20:15:05.72
83,Manam,Manam SM Cebu,3616,0.0,0.0,1,0,102267,15,3,<NA>,18:18:04.477,2025-07-04,18:18:04.477,2025-07-04,True,False,5055.65,5055.65,963.0585714285713,-720.36,0,1,DINEIN1,1,False,114.52,0,False,18:18:04.477,2025-07-04,0.0,False,1,0.0,DINEIN1,0.0,0,0,-99.99,-10000000000,<NA>,0.0,0,3616,0,0,0,18:18:04.477,0.0,1,0,0.0,0,0,0,18:18:04.477,18:18:04.477
83,Manam,Manam SM Cebu,3617,0.0,0.0,33,0,102267,10,3,<NA>,19:19:44.61,2025-07-04,19:19:44.61,2025-07-04,True,False,3918.77,3918.77,416.0885714285714,-320.93,0,1,DINEIN1,1,False,77.05,0,False,19:19:44.61,2025-07-04,0.0,False,1,0.0,DINEIN1,0.0,0,0,-99.99,-10000000000,<NA>,0.0,0,3617,0,0,0,19:19:44.61,0.0,1,0,0.0,0,0,0,19:19:44.61,19:19:44.61
83,Manam,Manam SM Cebu,3618,0.0,0.0,50,0,102267,14,3,<NA>,19:50:29.08,2025-07-04,19:50:29.08,2025-07-04,True,False,5210.0,5210.0,684.11,-484.58,0,1,DINEIN1,1,False,0.0,0,False,19:50:29.08,2025-07-04,0.0,False,1,0.0,DINEIN1,0.0,0,0,-99.99,-10000000000,<NA>,0.0,0,3618,0,0,0,19:50:29.08,0.0,1,0,0.0,0,0,0,19:50:29.08,19:50:29.08
83,Manam,Manam SM Cebu,3619,0.0,0.0,19,0,102267,8,3,<NA>,19:53:15.713,2025-07-04,19:53:15.713,2025-07-04,True,False,4832.549999999999,4832.549999999999,442.3671428571429,-396.9,0,1,DINEIN1,1,False,245.76,0,False,19:53:15.713,2025-07-04,0.0,False,1,0.0,DINEIN1,0.0,0,0,-99.99,-10000000000,<NA>,0.0,0,3619,0,0,0,19:53:15.713,0.0,1,0,0.0,0,0,0,19:53:15.713,19:53:15.713
83,Manam,Manam SM Cebu,3620,0.0,0.0,10,0,102267,8,3,25%LOY BD,19:56:57.45,2025-07-04,19:56:57.45,2025-07-04,True,False,8005.0,8005.0,812.02,-575.17,0,1,DINEIN1,1,False,2526.25,0,False,19:56:57.45,2025-07-04,0.0,False,1,0.0,DINEIN1,0.0,0,0,-99.99,-10000000000,10472316,0.0,0,3620,0,0,0,19:56:57.45,0.0,1,0,0.0,0,0,0,19:56:57.45,19:56:57.45
83,Manam,Manam SM Cebu,3621,0.0,0.0,7,0,102267,4,3,<NA>,20:09:57.56,2025-07-04,20:09:57.56,2025-07-04,True,False,3639.82,3639.82,300.53,-269.65,0,1,DINEIN1,1,False,166.96,0,False,20:09:57.56,2025-07-04,0.0,False,1,0.0,DINEIN1,0.0,0,0,-99.99,-10000000000,<NA>,0.0,0,3621,0,0,0,20:09:57.56,0.0,1,0,0.0,0,0,0,20:09:57.56,20:09:57.56
83,Manam,Manam SM Cebu,3622,0.0,0.0,20,0,102267,17,3,<NA>,19:14:13.887,2025-07-04,19:14:13.887,2025-07-04,True,False,7060.0,7060.0,1810.72,-1282.59,0,1,DINEIN1,1,False,0.0,0,False,19:14:13.887,2025-07-04,0.0,False,1,0.0,DINEIN1,0.0,0,0,-99.99,-10000000000,<NA>,0.0,0,3622,0,0,0,19:14:13.887,0.0,1,0,0.0,0,0,0,19:14:13.887,19:14:13.887
83,Manam,Manam SM Cebu,3623,0.0,0.0,15,0,102267,3,3,<NA>,20:06:02.427,2025-07-04,20:06:02.427,2025-07-04,True,False,3050.0,3050.0,326.78,-231.47,0,1,DINEIN1,1,False,0.0,0,False,20:06:02.427,2025-07-04,0.0,False,1,0.0,DINEIN1,0.0,0,0,-99.99,-10000000000,<NA>,0.0,0,3623,0,0,0,20:06:02.427,0.0,1,0,0.0,0,0,0,20:06:02.427,20:06:02.427
83,Manam,Manam SM Cebu,3624,0.0,0.0,1,0,102267,12,1,<NA>,20:28:06.92,2025-07-04,20:28:06.92,2025-07-04,True,False,5295.0,5295.0,832.51,-589.69,0,1,DINEIN1,1,False,0.0,0,False,20:28:06.92,2025-07-04,0.0,False,1,0.0,DINEIN1,0.0,0,0,-99.99,-10000000000,<NA>,0.0,0,3624,0,0,0,20:28:06.92,0.0,1,0,0.0,0,0,0,20:28:06.92,20:28:06.92
83,Manam,Manam SM Cebu,3625,0.0,0.0,52,0,102267,2,3,<NA>,20:09:59.68,2025-07-04,20:09:59.68,2025-07-04,True,False,1460.0,1460.0,156.42,-110.8,0,1,DINEIN1,1,False,0.0,0,False,20:09:59.68,2025-07-04,0.0,False,1,0.0,DINEIN1,0.0,0,0,-99.99,-10000000000,<NA>,0.0,0,3625,0,0,0,20:09:59.68,0.0,1,0,0.0,0,0,0,20:09:59.68,20:09:59.68
83,Manam,Manam SM Cebu,3626,0.0,0.0,30,0,102267,9,3,<NA>,20:21:09.377,2025-07-04,20:21:09.377,2025-07-04,True,False,3105.0,3105.0,356.25,-252.34,0,1,DINEIN1,1,False,0.0,0,False,20:21:09.377,2025-07-04,0.0,False,1,0.0,DINEIN1,0.0,0,0,-99.99,-10000000000,<NA>,0.0,0,3626,0,0,0,20:21:09.377,0.0,1,0,0.0,0,0,0,20:21:09.377,20:21:09.377
83,Manam,Manam SM Cebu,3627,0.0,0.0,33,0,102267,6,1,<NA>,20:31:43.177,2025-07-04,20:31:43.177,2025-07-04,True,False,3715.0,3715.0,443.58,-314.2,0,1,DINEIN1,1,False,0.0,0,False,20:31:43.177,2025-07-04,0.0,False,1,0.0,DINEIN1,0.0,0,0,-99.99,-10000000000,<NA>,0.0,0,3627,0,0,0,20:31:43.177,0.0,1,0,0.0,0,0,0,20:31:43.177,20:31:43.177
83,Manam,Manam SM Cebu,3629,0.0,0.0,0,0,102267,0,1,<NA>,08:11:03.233,2025-07-04,08:11:03.233,2025-07-04,True,False,0.0,0.0,0.0,0.0,0,1,ZR-TRAINING,1,False,0.0,0,False,08:11:03.233,2025-07-04,0.0,False,1,0.0,ZR-TRAINING,0.0,0,0,-99.99,-10000000000,<NA>,0.0,0,3629,0,0,0,08:11:03.233,0.0,1,0,0.0,0,0,0,08:11:03.233,08:11:03.233
83,Manam,Manam SM Cebu,3630,0.0,0.0,0,0,102267,0,1,<NA>,14:28:14.01,2025-07-04,14:28:14.01,2025-07-04,True,False,0.0,0.0,0.0,0.0,0,1,ZR-PR,1,False,0.0,0,False,14:28:14.01,2025-07-04,0.0,False,1,0.0,ZR-PR,0.0,0,0,-99.99,-10000000000,<NA>,0.0,0,3630,0,0,0,14:28:14.01,0.0,1,0,0.0,0,0,0,14:28:14.01,14:28:14.01
83,Manam,Manam SM Cebu,3631,0.0,0.0,0,0,102267,0,1,<NA>,12:10:59.817,2025-07-04,12:10:59.817,2025-07-04,True,False,0.0,0.0,0.0,0.0,0,1,ZR-COMP +,1,False,0.0,0,False,12:10:59.817,2025-07-04,0.0,False,1,0.0,ZR-COMP +,0.0,0,0,-99.99,-10000000000,<NA>,0.0,0,3631,0,0,0,12:10:59.817,0.0,1,0,0.0,0,0,0,12:10:59.817,12:10:59.817
83,Manam,Manam SM Cebu,3633,0.0,0.0,51,0,102267,2,3,<NA>,20:37:56.74,2025-07-04,20:37:56.74,2025-07-04,True,False,1455.0,1455.0,155.89,-110.42,0,1,DINEIN1,1,False,0.0,0,False,20:37:56.74,2025-07-04,0.0,False,1,0.0,DINEIN1,0.0,0,0,-99.99,-10000000000,<NA>,0.0,0,3633,0,0,0,20:37:56.74,0.0,1,0,0.0,0,0,0,20:37:56.74,20:37:56.74
83,Manam,Manam SM Cebu,3634,0.0,0.0,0,0,102267,0,1,<NA>,21:57:50.967,2025-07-04,21:57:50.967,2025-07-04,True,False,0.0,0.0,0.0,0.0,0,1,ZR-MAN,1,False,0.0,0,False,21:57:50.967,2025-07-04,0.0,False,1,0.0,ZR-MAN,0.0,0,0,-99.99,-10000000000,<NA>,0.0,0,3634,0,0,0,21:57:50.967,0.0,1,0,0.0,0,0,0,21:57:50.967,21:57:50.967
83,Manam,Manam SM Cebu,3635,0.0,0.0,28,0,102267,7,3,<NA>,20:00:01.027,2025-07-04,20:00:01.027,2025-07-04,True,False,4745.0,4745.0,553.94,-392.37,0,1,DINEIN1,1,False,0.0,0,False,20:00:01.027,2025-07-04,0.0,False,1,0.0,DINEIN1,0.0,0,0,-99.99,-10000000000,<NA>,0.0,0,3635,0,0,0,20:00:01.027,0.0,1,0,0.0,0,0,0,20:00:01.027,20:00:01.027
83,Manam,Manam SM Cebu,3636,0.0,0.0,1,0,102267,15,1,<NA>,20:58:16.207,2025-07-04,20:58:16.207,2025-07-04,True,False,3367.71,3367.71,478.50142857142856,-648.83,0,1,DINEIN1,1,False,911.44,0,False,20:58:16.207,2025-07-04,0.0,False,1,0.0,DINEIN1,0.0,0,0,-99.99,-10000000000,<NA>,0.0,0,3636,0,0,0,20:58:16.207,0.0,1,0,0.0,0,0,0,20:58:16.207,20:58:16.207
83,Manam,Manam SM Cebu,3637,0.0,0.0,50,0,102267,11,1,<NA>,20:56:17.6,2025-07-04,20:56:17.6,2025-07-04,True,False,3234.67,3234.67,418.98,-432.44,0,1,DINEIN1,1,False,399.03,0,False,20:56:17.6,2025-07-04,0.0,False,1,0.0,DINEIN1,0.0,0,0,-99.99,-10000000000,<NA>,0.0,0,3637,0,0,0,20:56:17.6,0.0,1,0,0.0,0,0,0,20:56:17.6,20:56:17.6
83,Manam,Manam SM Cebu,3638,0.0,0.0,22,0,102267,6,1,<NA>,21:28:12.713,2025-07-04,21:28:12.713,2025-07-04,True,False,1875.0,1875.0,250.18,-177.21,0,1,DINEIN1,1,False,0.0,0,False,21:28:12.713,2025-07-04,0.0,False,1,0.0,DINEIN1,0.0,0,0,-99.99,-10000000000,<NA>,0.0,0,3638,0,0,0,21:28:12.713,0.0,1,0,0.0,0,0,0,21:28:12.713,21:28:12.713
83,Manam,Manam SM Cebu,3639,0.0,0.0,10,0,102267,1,1,<NA>,21:10:12.52,2025-07-04,21:10:12.52,2025-07-04,True,False,4885.0,4885.0,533.03,-377.57,0,1,DINEIN1,1,False,0.0,0,False,21:10:12.52,2025-07-04,0.0,False,1,0.0,DINEIN1,0.0,0,0,-99.99,-10000000000,<NA>,0.0,0,3639,0,0,0,21:10:12.52,0.0,1,0,0.0,0,0,0,21:10:12.52,21:10:12.52
83,Manam,Manam SM Cebu,3640,0.0,0.0,19,0,102267,7,1,<NA>,21:01:01.257,2025-07-04,21:01:01.257,2025-07-04,True,False,7925.0,7925.0,1056.94,-748.68,0,1,DINEIN1,1,False,0.0,0,False,21:01:01.257,2025-07-04,0.0,False,1,0.0,DINEIN1,0.0,0,0,-99.99,-10000000000,<NA>,0.0,0,3640,0,0,0,21:01:01.257,0.0,1,0,0.0,0,0,0,21:01:01.257,21:01:01.257
83,Manam,Manam SM Cebu,3642,0.0,0.0,52,0,102267,1,3,<NA>,21:41:41.673,2025-07-04,21:41:41.673,2025-07-04,True,False,495.0,495.0,53.04,-37.57,0,1,DINEIN1,1,False,0.0,0,False,21:41:41.673,2025-07-04,0.0,False,1,0.0,DINEIN1,0.0,0,0,-99.99,-10000000000,<NA>,0.0,0,3642,0,0,0,21:41:41.673,0.0,1,0,0.0,0,0,0,21:41:41.673,21:41:41.673
83,Manam,Manam SM Cebu,3643,0.0,0.0,20,0,102267,3,3,<NA>,21:26:06.667,2025-07-04,21:26:06.667,2025-07-04,True,False,2350.0,2350.0,283.38,-200.74,0,1,DINEIN1,1,False,0.0,0,False,21:26:06.667,2025-07-04,0.0,False,1,0.0,DINEIN1,0.0,0,0,-99.99,-10000000000,<NA>,0.0,0,3643,0,0,0,21:26:06.667,0.0,1,0,0.0,0,0,0,21:26:06.667,21:26:06.667
83,Manam,Manam SM Cebu,3644,0.0,0.0,33,0,102267,2,1,<NA>,21:54:14.057,2025-07-04,21:54:14.057,2025-07-04,True,False,1277.67,1277.67,72.32142857142857,-92.21,0,1,DINEIN1,1,False,120.53,0,False,21:54:14.057,2025-07-04,0.0,False,1,0.0,DINEIN1,0.0,0,0,-99.99,-10000000000,<NA>,0.0,0,3644,0,0,0,21:54:14.057,0.0,1,0,0.0,0,0,0,21:54:14.057,21:54:14.057
83,Manam,Manam SM Cebu,3645,0.0,0.0,30,0,102267,6,3,<NA>,21:36:29.55,2025-07-04,21:36:29.55,2025-07-04,True,False,2711.79,2711.79,256.4342857142857,-254.3,0,1,DINEIN1,1,False,213.69,0,False,21:36:29.55,2025-07-04,0.0,False,1,0.0,DINEIN1,0.0,0,0,-99.99,-10000000000,<NA>,0.0,0,3645,0,0,0,21:36:29.55,0.0,1,0,0.0,0,0,0,21:36:29.55,21:36:29.55
83,Manam,Manam SM Cebu,3646,0.0,0.0,45,0,102267,12,1,<NA>,20:51:06.587,2025-07-04,20:51:06.587,2025-07-04,True,False,3680.09,3680.09,549.9628571428572,-416.42,0,1,DINEIN1,1,False,83.04,0,False,20:51:06.587,2025-07-04,0.0,False,1,0.0,DINEIN1,0.0,0,0,-99.99,-10000000000,<NA>,0.0,0,3646,0,0,0,20:51:06.587,0.0,1,0,0.0,0,0,0,20:51:06.587,20:51:06.587
83,Manam,Manam SM Cebu,3647,0.0,0.0,14,0,102267,5,1,<NA>,21:38:21.177,2025-07-04,21:38:21.177,2025-07-04,True,False,2774.25,2774.25,242.99857142857144,-206.56,0,1,DINEIN1,1,False,101.25,0,False,21:38:21.177,2025-07-04,0.0,False,1,0.0,DINEIN1,0.0,0,0,-99.99,-10000000000,<NA>,0.0,0,3647,0,0,0,21:38:21.177,0.0,1,0,0.0,0,0,0,21:38:21.177,21:38:21.177
83,Manam,Manam SM Cebu,3649,0.0,0.0,24,0,102267,4,3,<NA>,21:29:20.197,2025-07-04,21:29:20.197,2025-07-04,True,False,2457.36,2457.36,202.9,-182.05,0,1,DINEIN1,1,False,112.72,0,False,21:29:20.197,2025-07-04,0.0,False,1,0.0,DINEIN1,0.0,0,0,-99.99,-10000000000,<NA>,0.0,0,3649,0,0,0,21:29:20.197,0.0,1,0,0.0,0,0,0,21:29:20.197,21:29:20.197
83,Manam,Manam SM Cebu,3653,0.0,0.0,0,0,100490,0,1,<NA>,22:04:49.7,2025-07-04,22:04:49.7,2025-07-04,True,False,0.0,0.0,0.0,0.0,0,1,ZR-COMP +,1,False,0.0,0,False,22:04:49.7,2025-07-04,0.0,False,1,0.0,ZR-COMP +,0.0,0,0,-99.99,-10000000000,<NA>,0.0,0,3653,0,0,0,22:04:49.7,0.0,1,0,0.0,0,0,0,22:04:49.7,22:04:49.7
83,Manam,Manam SM Cebu,3658,0.0,0.0,0,0,102267,0,12,<NA>,10:02:49.257,2025-07-05,10:02:49.257,2025-07-05,True,False,536.0,536.0,57.43,0.0,0,1,GRABFOOD,1,False,0.0,0,False,10:02:49.257,2025-07-05,0.0,False,1,0.0,GRABFOOD,0.0,0,0,-99.99,-10000000000,<NA>,0.0,0,3658,0,0,0,10:02:49.257,0.0,1,0,0.0,0,0,0,10:02:49.257,10:02:49.257
83,Manam,Manam SM Cebu,3659,0.0,0.0,0,0,102267,0,12,<NA>,10:14:00.637,2025-07-05,10:14:00.637,2025-07-05,True,False,1090.0,1090.0,116.78,0.0,0,1,GRABFOOD,1,False,0.0,0,False,10:14:00.637,2025-07-05,0.0,False,1,0.0,GRABFOOD,0.0,0,0,-99.99,-10000000000,<NA>,0.0,0,3659,0,0,0,10:14:00.637,0.0,1,0,0.0,0,0,0,10:14:00.637,10:14:00.637
83,Manam,Manam SM Cebu,3660,0.0,0.0,0,0,102267,0,12,<NA>,10:16:28.607,2025-07-05,10:16:28.607,2025-07-05,True,False,1440.0,1440.0,154.28,0.0,0,1,GRABFOOD,1,False,0.0,0,False,10:16:28.607,2025-07-05,0.0,False,1,0.0,GRABFOOD,0.0,0,0,-99.99,-10000000000,<NA>,0.0,0,3660,0,0,0,10:16:28.607,0.0,1,0,0.0,0,0,0,10:16:28.607,10:16:28.607
83,Manam,Manam SM Cebu,3661,0.0,0.0,0,0,102267,0,10,<NA>,10:19:40.787,2025-07-05,10:19:40.787,2025-07-05,True,False,413.0,413.0,44.25,0.0,0,1,FOODPANDA,1,False,0.0,0,False,10:19:40.787,2025-07-05,0.0,False,1,0.0,FOODPANDA,0.0,0,0,-99.99,-10000000000,<NA>,0.0,0,3661,0,0,0,10:19:40.787,0.0,1,0,0.0,0,0,0,10:19:40.787,10:19:40.787
83,Manam,Manam SM Cebu,3663,0.0,0.0,0,0,100490,0,12,<NA>,10:22:04.313,2025-07-05,10:22:04.313,2025-07-05,True,False,435.0,435.0,46.61,0.0,0,1,GRABFOOD,1,False,0.0,0,False,10:22:04.313,2025-07-05,0.0,False,1,0.0,GRABFOOD,0.0,0,0,-99.99,-10000000000,<NA>,0.0,0,3663,0,0,0,10:22:04.313,0.0,1,0,0.0,0,0,0,10:22:04.313,10:22:04.313
83,Manam,Manam SM Cebu,3664,0.0,0.0,0,0,100490,0,10,<NA>,10:52:38.867,2025-07-05,10:52:38.867,2025-07-05,True,False,2685.0,2685.0,287.68,0.0,0,1,FOODPANDA,1,False,0.0,0,False,10:52:38.867,2025-07-05,0.0,False,1,0.0,FOODPANDA,0.0,0,0,-99.99,-10000000000,<NA>,0.0,0,3664,0,0,0,10:52:38.867,0.0,1,0,0.0,0,0,0,10:52:38.867,10:52:38.867
83,Manam,Manam SM Cebu,3665,0.0,0.0,0,0,100490,0,10,<NA>,10:56:01.753,2025-07-05,10:56:01.753,2025-07-05,True,False,690.0,690.0,73.93,0.0,0,1,FOODPANDA,1,False,0.0,0,False,10:56:01.753,2025-07-05,0.0,False,1,0.0,FOODPANDA,0.0,0,0,-99.99,-10000000000,<NA>,0.0,0,3665,0,0,0,10:56:01.753,0.0,1,0,0.0,0,0,0,10:56:01.753,10:56:01.753
83,Manam,Manam SM Cebu,3666,0.0,0.0,0,0,108024,0,12,<NA>,10:54:43.417,2025-07-05,10:54:43.417,2025-07-05,True,False,3595.0,3595.0,385.17,0.0,0,1,GRABFOOD,1,False,0.0,0,False,10:54:43.417,2025-07-05,0.0,False,1,0.0,GRABFOOD,0.0,0,0,-99.99,-10000000000,<NA>,0.0,0,3666,0,0,0,10:54:43.417,0.0,1,0,0.0,0,0,0,10:54:43.417,10:54:43.417
83,Manam,Manam SM Cebu,3667,0.0,0.0,0,0,100490,0,12,<NA>,11:01:14.91,2025-07-05,11:01:14.91,2025-07-05,True,False,566.0,566.0,60.64,0.0,0,1,GRABFOOD,1,False,0.0,0,False,11:01:14.91,2025-07-05,0.0,False,1,0.0,GRABFOOD,0.0,0,0,-99.99,-10000000000,<NA>,0.0,0,3667,0,0,0,11:01:14.91,0.0,1,0,0.0,0,0,0,11:01:14.91,11:01:14.91
83,Manam,Manam SM Cebu,3668,0.0,0.0,4,0,100490,4,3,<NA>,10:18:12.117,2025-07-05,10:18:12.117,2025-07-05,True,False,1225.0,1225.0,131.25,-92.97,0,1,DINEIN1,1,False,0.0,0,False,10:18:12.117,2025-07-05,0.0,False,1,0.0,DINEIN1,0.0,0,0,-99.99,-10000000000,<NA>,0.0,0,3668,0,0,0,10:18:12.117,0.0,1,0,0.0,0,0,0,10:18:12.117,10:18:12.117
83,Manam,Manam SM Cebu,3669,0.0,0.0,0,0,108013,0,10,<NA>,10:58:44.617,2025-07-05,10:58:44.617,2025-07-05,True,False,2525.0,2525.0,270.53,0.0,0,1,FOODPANDA,1,False,0.0,0,False,10:58:44.617,2025-07-05,0.0,False,1,0.0,FOODPANDA,0.0,0,0,-99.99,-10000000000,<NA>,0.0,0,3669,0,0,0,10:58:44.617,0.0,1,0,0.0,0,0,0,10:58:44.617,10:58:44.617
83,Manam,Manam SM Cebu,3670,0.0,0.0,0,0,108013,0,10,<NA>,11:01:04.197,2025-07-05,11:01:04.197,2025-07-05,True,False,215.0,215.0,23.04,0.0,0,1,FOODPANDA,1,False,0.0,0,False,11:01:04.197,2025-07-05,0.0,False,1,0.0,FOODPANDA,0.0,0,0,-99.99,-10000000000,<NA>,0.0,0,3670,0,0,0,11:01:04.197,0.0,1,0,0.0,0,0,0,11:01:04.197,11:01:04.197
83,Manam,Manam SM Cebu,3671,0.0,0.0,25,0,100490,2,1,<NA>,10:24:53.803,2025-07-05,10:24:53.803,2025-07-05,True,False,675.0,675.0,72.32,-51.23,0,1,DINEIN1,1,False,0.0,0,False,10:24:53.803,2025-07-05,0.0,False,1,0.0,DINEIN1,0.0,0,0,-99.99,-10000000000,<NA>,0.0,0,3671,0,0,0,10:24:53.803,0.0,1,0,0.0,0,0,0,10:24:53.803,10:24:53.803
83,Manam,Manam SM Cebu,3672,0.0,0.0,28,0,100490,2,3,<NA>,10:26:16.77,2025-07-05,10:26:16.77,2025-07-05,True,False,1825.0,1825.0,195.54,-138.5,0,1,DINEIN1,1,False,0.0,0,False,10:26:16.77,2025-07-05,0.0,False,1,0.0,DINEIN1,0.0,0,0,-99.99,-10000000000,<NA>,0.0,0,3672,0,0,0,10:26:16.77,0.0,1,0,0.0,0,0,0,10:26:16.77,10:26:16.77
83,Manam,Manam SM Cebu,3673,0.0,0.0,1,0,100490,2,3,<NA>,10:16:36.06,2025-07-05,10:16:36.06,2025-07-05,True,False,1370.0,1370.0,146.78,-103.97,0,1,DINEIN1,1,False,0.0,0,False,10:16:36.06,2025-07-05,0.0,False,1,0.0,DINEIN1,0.0,0,0,-99.99,-10000000000,<NA>,0.0,0,3673,0,0,0,10:16:36.06,0.0,1,0,0.0,0,0,0,10:16:36.06,10:16:36.06
83,Manam,Manam SM Cebu,3674,0.0,0.0,31,0,100490,2,3,<NA>,10:05:42.867,2025-07-05,10:05:42.867,2025-07-05,True,False,1590.0,1590.0,90.00857142857143,-114.75,0,1,DINEIN1,1,False,150.0,0,False,10:05:42.867,2025-07-05,0.0,False,1,0.0,DINEIN1,0.0,0,0,-99.99,-10000000000,<NA>,0.0,0,3674,0,0,0,10:05:42.867,0.0,1,0,0.0,0,0,0,10:05:42.867,10:05:42.867
83,Manam,Manam SM Cebu,3677,0.0,0.0,33,0,100490,6,1,<NA>,10:23:48.463,2025-07-05,10:23:48.463,2025-07-05,True,False,1694.19,1694.19,154.01571428571427,-126.55,0,1,DINEIN1,1,False,51.34,0,False,10:23:48.463,2025-07-05,0.0,False,1,0.0,DINEIN1,0.0,0,0,-99.99,-10000000000,<NA>,0.0,0,3677,0,0,0,10:23:48.463,0.0,1,0,0.0,0,0,0,10:23:48.463,10:23:48.463
83,Manam,Manam SM Cebu,3678,0.0,0.0,6,0,100490,2,3,<NA>,10:37:42.757,2025-07-05,10:37:42.757,2025-07-05,True,False,1305.0,1305.0,139.83,-99.04,0,1,DINEIN1,1,False,0.0,0,False,10:37:42.757,2025-07-05,0.0,False,1,0.0,DINEIN1,0.0,0,0,-99.99,-10000000000,<NA>,0.0,0,3678,0,0,0,10:37:42.757,0.0,1,0,0.0,0,0,0,10:37:42.757,10:37:42.757
83,Manam,Manam SM Cebu,3680,0.0,0.0,15,0,100490,2,3,<NA>,10:31:06.113,2025-07-05,10:31:06.113,2025-07-05,True,False,1201.96,1201.96,68.03714285714285,-86.74,0,1,DINEIN1,1,False,113.39,0,False,10:31:06.113,2025-07-05,0.0,False,1,0.0,DINEIN1,0.0,0,0,-99.99,-10000000000,<NA>,0.0,0,3680,0,0,0,10:31:06.113,0.0,1,0,0.0,0,0,0,10:31:06.113,10:31:06.113
83,Manam,Manam SM Cebu,3681,0.0,0.0,44,0,100490,4,1,<NA>,10:19:33.42,2025-07-05,10:19:33.42,2025-07-05,True,False,2830.0,2830.0,303.22,-214.78,0,1,DINEIN1,1,False,0.0,0,False,10:19:33.42,2025-07-05,0.0,False,1,0.0,DINEIN1,0.0,0,0,-99.99,-10000000000,<NA>,0.0,0,3681,0,0,0,10:19:33.42,0.0,1,0,0.0,0,0,0,10:19:33.42,10:19:33.42
83,Manam,Manam SM Cebu,3682,0.0,0.0,43,0,100490,2,1,<NA>,10:32:45.16,2025-07-05,10:32:45.16,2025-07-05,True,False,1040.0,1040.0,120.53,-85.38,0,1,DINEIN1,1,False,0.0,0,False,10:32:45.16,2025-07-05,0.0,False,1,0.0,DINEIN1,0.0,0,0,-99.99,-10000000000,<NA>,0.0,0,3682,0,0,0,10:32:45.16,0.0,1,0,0.0,0,0,0,10:32:45.16,10:32:45.16
83,Manam,Manam SM Cebu,3683,0.0,0.0,44,0,100490,4,3,<NA>,11:26:09.597,2025-07-05,11:26:09.597,2025-07-05,True,False,2830.0,2830.0,303.22,-214.78,0,1,DINEIN1,1,False,0.0,0,False,11:26:09.597,2025-07-05,0.0,False,1,0.0,DINEIN1,0.0,0,0,-99.99,-10000000000,<NA>,0.0,0,3683,0,0,0,11:26:09.597,0.0,1,0,0.0,0,0,0,11:26:09.597,11:26:09.597
83,Manam,Manam SM Cebu,3684,0.0,0.0,40,0,100490,2,3,<NA>,10:31:00.99,2025-07-05,10:31:00.99,2025-07-05,True,False,1155.0,1155.0,123.75,-87.66,0,1,DINEIN1,1,False,0.0,0,False,10:31:00.99,2025-07-05,0.0,False,1,0.0,DINEIN1,0.0,0,0,-99.99,-10000000000,<NA>,0.0,0,3684,0,0,0,10:31:00.99,0.0,1,0,0.0,0,0,0,10:31:00.99,10:31:00.99
83,Manam,Manam SM Cebu,3685,0.0,0.0,7,0,100490,6,3,<NA>,10:41:53.553,2025-07-05,10:41:53.553,2025-07-05,True,False,2375.0,2375.0,282.33,-199.98,0,1,DINEIN1,1,False,0.0,0,False,10:41:53.553,2025-07-05,0.0,False,1,0.0,DINEIN1,0.0,0,0,-99.99,-10000000000,<NA>,0.0,0,3685,0,0,0,10:41:53.553,0.0,1,0,0.0,0,0,0,10:41:53.553,10:41:53.553
83,Manam,Manam SM Cebu,3686,0.0,0.0,20,0,100490,5,3,<NA>,10:14:35.753,2025-07-05,10:14:35.753,2025-07-05,True,False,3259.1299999999997,3259.1299999999997,78.95857142857142,-234.91,0,1,DINEIN1,1,False,526.43,0,False,10:14:35.753,2025-07-05,0.0,False,1,0.0,DINEIN1,0.0,0,0,-99.99,-10000000000,<NA>,0.0,0,3686,0,0,0,10:14:35.753,0.0,1,0,0.0,0,0,0,10:14:35.753,10:14:35.753
83,Manam,Manam SM Cebu,3687,0.0,0.0,51,0,100490,2,3,<NA>,10:45:24.247,2025-07-05,10:45:24.247,2025-07-05,True,False,1870.0,1870.0,200.35,-141.92,0,1,DINEIN1,1,False,0.0,0,False,10:45:24.247,2025-07-05,0.0,False,1,0.0,DINEIN1,0.0,0,0,-99.99,-10000000000,<NA>,0.0,0,3687,0,0,0,10:45:24.247,0.0,1,0,0.0,0,0,0,10:45:24.247,10:45:24.247
83,Manam,Manam SM Cebu,3688,0.0,0.0,41,0,100490,3,3,<NA>,10:28:51.513,2025-07-05,10:28:51.513,2025-07-05,True,False,1466.96,1466.96,60.712857142857146,-111.82,0,1,DINEIN1,1,False,202.38,0,False,10:28:51.513,2025-07-05,0.0,False,1,0.0,DINEIN1,0.0,0,0,-99.99,-10000000000,<NA>,0.0,0,3688,0,0,0,10:28:51.513,0.0,1,0,0.0,0,0,0,10:28:51.513,10:28:51.513
83,Manam,Manam SM Cebu,3690,0.0,0.0,0,0,100490,0,1,<NA>,11:41:14.953,2025-07-05,11:41:14.953,2025-07-05,True,False,2830.0,2830.0,-303.22,214.78,0,1,DINEIN1,1,False,0.0,0,False,11:41:14.953,2025-07-05,0.0,False,1,0.0,DINEIN1,0.0,0,0,-99.99,-10000000000,<NA>,0.0,0,3690,0,0,0,11:41:14.953,0.0,1,0,0.0,0,0,0,11:41:14.953,11:41:14.953
83,Manam,Manam SM Cebu,3692,0.0,0.0,5,0,100490,4,3,<NA>,11:04:22.237,2025-07-05,11:04:22.237,2025-07-05,True,False,2305.0,2305.0,303.21,-214.78,0,1,DINEIN1,1,False,0.0,0,False,11:04:22.237,2025-07-05,0.0,False,1,0.0,DINEIN1,0.0,0,0,-99.99,-10000000000,<NA>,0.0,0,3692,0,0,0,11:04:22.237,0.0,1,0,0.0,0,0,0,11:04:22.237,11:04:22.237
83,Manam,Manam SM Cebu,3694,0.0,0.0,52,0,100490,2,3,<NA>,11:06:28.797,2025-07-05,11:06:28.797,2025-07-05,True,False,1130.0,1130.0,121.07,-85.76,0,1,DINEIN1,1,False,0.0,0,False,11:06:28.797,2025-07-05,0.0,False,1,0.0,DINEIN1,0.0,0,0,-99.99,-10000000000,<NA>,0.0,0,3694,0,0,0,11:06:28.797,0.0,1,0,0.0,0,0,0,11:06:28.797,11:06:28.797
83,Manam,Manam SM Cebu,3695,0.0,0.0,2,0,100490,4,3,<NA>,11:16:15.98,2025-07-05,11:16:15.98,2025-07-05,True,False,1380.0,1380.0,184.29,-130.54,0,1,DINEIN1,1,False,0.0,0,False,11:16:15.98,2025-07-05,0.0,False,1,0.0,DINEIN1,0.0,0,0,-99.99,-10000000000,<NA>,0.0,0,3695,0,0,0,11:16:15.98,0.0,1,0,0.0,0,0,0,11:16:15.98,11:16:15.98
83,Manam,Manam SM Cebu,3696,0.0,0.0,50,0,100490,7,3,20% LOYAL,10:53:16.38,2025-07-05,10:53:16.38,2025-07-05,True,False,4980.0,4980.0,467.14,-330.89,0,1,DINEIN1,1,False,1090.0,0,False,10:53:16.38,2025-07-05,0.0,False,1,0.0,DINEIN1,0.0,0,0,-99.99,-10000000000,519312,0.0,0,3696,0,0,0,10:53:16.38,0.0,1,0,0.0,0,0,0,10:53:16.38,10:53:16.38
83,Manam,Manam SM Cebu,3697,0.0,0.0,10,0,100490,9,3,<NA>,10:38:48.81,2025-07-05,10:38:48.81,2025-07-05,True,False,4765.0,4765.0,684.1,-484.58,0,1,DINEIN1,1,False,0.0,0,False,10:38:48.81,2025-07-05,0.0,False,1,0.0,DINEIN1,0.0,0,0,-99.99,-10000000000,<NA>,0.0,0,3697,0,0,0,10:38:48.81,0.0,1,0,0.0,0,0,0,10:38:48.81,10:38:48.81
83,Manam,Manam SM Cebu,3698,0.0,0.0,45,0,100490,4,3,<NA>,11:00:34.9,2025-07-05,11:00:34.9,2025-07-05,True,False,2625.0,2625.0,281.25,-199.22,0,1,DINEIN1,1,False,0.0,0,False,11:00:34.9,2025-07-05,0.0,False,1,0.0,DINEIN1,0.0,0,0,-99.99,-10000000000,<NA>,0.0,0,3698,0,0,0,11:00:34.9,0.0,1,0,0.0,0,0,0,11:00:34.9,11:00:34.9
83,Manam,Manam SM Cebu,3699,0.0,0.0,33,0,100490,6,1,<NA>,11:13:42.91,2025-07-05,11:13:42.91,2025-07-05,True,False,2439.64,2439.64,180.71571428571428,-179.21,0,1,DINEIN1,1,False,150.6,0,False,11:13:42.91,2025-07-05,0.0,False,1,0.0,DINEIN1,0.0,0,0,-99.99,-10000000000,<NA>,0.0,0,3699,0,0,0,11:13:42.91,0.0,1,0,0.0,0,0,0,11:13:42.91,11:13:42.91
83,Manam,Manam SM Cebu,3700,0.0,0.0,16,0,100490,11,1,<NA>,10:40:57.44,2025-07-05,10:40:57.44,2025-07-05,True,False,6795.0,6795.0,1236.96,-876.18,0,1,DINEIN1,1,False,0.0,0,False,10:40:57.44,2025-07-05,0.0,False,1,0.0,DINEIN1,0.0,0,0,-99.99,-10000000000,<NA>,0.0,0,3700,0,0,0,10:40:57.44,0.0,1,0,0.0,0,0,0,10:40:57.44,10:40:57.44
83,Manam,Manam SM Cebu,3701,0.0,0.0,9,0,100490,2,1,<NA>,11:34:54.957,2025-07-05,11:34:54.957,2025-07-05,True,False,1550.0,1550.0,166.09,-117.63,0,1,DINEIN1,1,False,0.0,0,False,11:34:54.957,2025-07-05,0.0,False,1,0.0,DINEIN1,0.0,0,0,-99.99,-10000000000,<NA>,0.0,0,3701,0,0,0,11:34:54.957,0.0,1,0,0.0,0,0,0,11:34:54.957,11:34:54.957
83,Manam,Manam SM Cebu,3702,0.0,0.0,30,0,100490,6,1,<NA>,11:08:21.023,2025-07-05,11:08:21.023,2025-07-05,True,False,2835.0,2835.0,494.47,-350.25,0,1,DINEIN1,1,False,0.0,0,False,11:08:21.023,2025-07-05,0.0,False,1,0.0,DINEIN1,0.0,0,0,-99.99,-10000000000,<NA>,0.0,0,3702,0,0,0,11:08:21.023,0.0,1,0,0.0,0,0,0,11:08:21.023,11:08:21.023
83,Manam,Manam SM Cebu,3703,0.0,0.0,23,0,100490,4,3,<NA>,10:46:53.21,2025-07-05,10:46:53.21,2025-07-05,True,False,2908.29,2908.29,91.33714285714285,-219.98,0,1,DINEIN1,1,False,456.69,0,False,10:46:53.21,2025-07-05,0.0,False,1,0.0,DINEIN1,0.0,0,0,-99.99,-10000000000,<NA>,0.0,0,3703,0,0,0,10:46:53.21,0.0,1,0,0.0,0,0,0,10:46:53.21,10:46:53.21
83,Manam,Manam SM Cebu,3704,0.0,0.0,44,0,100490,2,1,<NA>,11:22:49.43,2025-07-05,11:22:49.43,2025-07-05,True,False,1635.0,1635.0,186.96,-132.43,0,1,DINEIN1,1,False,0.0,0,False,11:22:49.43,2025-07-05,0.0,False,1,0.0,DINEIN1,0.0,0,0,-99.99,-10000000000,<NA>,0.0,0,3704,0,0,0,11:22:49.43,0.0,1,0,0.0,0,0,0,11:22:49.43,11:22:49.43
83,Manam,Manam SM Cebu,3705,0.0,0.0,0,0,100490,0,1,<NA>,12:23:17.643,2025-07-05,12:23:17.643,2025-07-05,True,False,965.0,965.0,103.39,0.0,0,1,TAKEOUT,1,False,0.0,0,False,12:23:17.643,2025-07-05,0.0,False,1,0.0,TAKEOUT,0.0,0,0,-99.99,-10000000000,<NA>,0.0,0,3705,0,0,0,12:23:17.643,0.0,1,0,0.0,0,0,0,12:23:17.643,12:23:17.643
83,Manam,Manam SM Cebu,3706,0.0,0.0,26,0,100490,4,3,<NA>,10:51:49.807,2025-07-05,10:51:49.807,2025-07-05,True,False,2211.2,2211.2,221.38857142857145,-198.63,0,1,DINEIN1,1,False,122.99,0,False,10:51:49.807,2025-07-05,0.0,False,1,0.0,DINEIN1,0.0,0,0,-99.99,-10000000000,<NA>,0.0,0,3706,0,0,0,10:51:49.807,0.0,1,0,0.0,0,0,0,10:51:49.807,10:51:49.807
83,Manam,Manam SM Cebu,3707,0.0,0.0,7,0,100490,2,3,<NA>,11:42:21.23,2025-07-05,11:42:21.23,2025-07-05,True,False,1480.0,1480.0,158.58,-112.32,0,1,DINEIN1,1,False,0.0,0,False,11:42:21.23,2025-07-05,0.0,False,1,0.0,DINEIN1,0.0,0,0,-99.99,-10000000000,<NA>,0.0,0,3707,0,0,0,11:42:21.23,0.0,1,0,0.0,0,0,0,11:42:21.23,11:42:21.23
83,Manam,Manam SM Cebu,3708,0.0,0.0,4,0,100490,6,3,<NA>,11:52:37.867,2025-07-05,11:52:37.867,2025-07-05,True,False,2275.71,2275.71,168.56428571428572,-167.17,0,1,DINEIN1,1,False,140.48,0,False,11:52:37.867,2025-07-05,0.0,False,1,0.0,DINEIN1,0.0,0,0,-99.99,-10000000000,<NA>,0.0,0,3708,0,0,0,11:52:37.867,0.0,1,0,0.0,0,0,0,11:52:37.867,11:52:37.867
83,Manam,Manam SM Cebu,3709,0.0,0.0,20,0,100490,3,3,<NA>,11:36:29.703,2025-07-05,11:36:29.703,2025-07-05,True,False,2075.36,2075.36,79.82,-147.0,0,1,DINEIN1,1,False,266.07,0,False,11:36:29.703,2025-07-05,0.0,False,1,0.0,DINEIN1,0.0,0,0,-99.99,-10000000000,<NA>,0.0,0,3709,0,0,0,11:36:29.703,0.0,1,0,0.0,0,0,0,11:36:29.703,11:36:29.703
83,Manam,Manam SM Cebu,3710,0.0,0.0,0,0,100490,0,1,<NA>,12:39:01.9,2025-07-05,12:39:01.9,2025-07-05,True,False,0.0,0.0,0.0,0.0,0,1,ZR-COMP +,1,False,0.0,0,False,12:39:01.9,2025-07-05,0.0,False,1,0.0,ZR-COMP +,0.0,0,0,-99.99,-10000000000,<NA>,0.0,0,3710,0,0,0,12:39:01.9,0.0,1,0,0.0,0,0,0,12:39:01.9,12:39:01.9
83,Manam,Manam SM Cebu,3711,0.0,0.0,12,0,100490,4,1,<NA>,12:03:17.64,2025-07-05,12:03:17.64,2025-07-05,True,False,1470.0,1470.0,157.5,-111.56,0,1,DINEIN1,1,False,0.0,0,False,12:03:17.64,2025-07-05,0.0,False,1,0.0,DINEIN1,0.0,0,0,-99.99,-10000000000,<NA>,0.0,0,3711,0,0,0,12:03:17.64,0.0,1,0,0.0,0,0,0,12:03:17.64,12:03:17.64
83,Manam,Manam SM Cebu,3712,0.0,0.0,52,0,100490,2,3,<NA>,12:08:18.15,2025-07-05,12:08:18.15,2025-07-05,True,False,1330.0,1330.0,142.51,-100.94,0,1,DINEIN1,1,False,0.0,0,False,12:08:18.15,2025-07-05,0.0,False,1,0.0,DINEIN1,0.0,0,0,-99.99,-10000000000,<NA>,0.0,0,3712,0,0,0,12:08:18.15,0.0,1,0,0.0,0,0,0,12:08:18.15,12:08:18.15
83,Manam,Manam SM Cebu,3713,0.0,0.0,51,0,100490,2,1,<NA>,11:59:02.643,2025-07-05,11:59:02.643,2025-07-05,True,False,1963.84,1963.84,111.16857142857143,-141.73,0,1,DINEIN1,1,False,185.27,0,False,11:59:02.643,2025-07-05,0.0,False,1,0.0,DINEIN1,0.0,0,0,-99.99,-10000000000,<NA>,0.0,0,3713,0,0,0,11:59:02.643,0.0,1,0,0.0,0,0,0,11:59:02.643,11:59:02.643
83,Manam,Manam SM Cebu,3714,0.0,0.0,21,0,100490,4,3,<NA>,11:37:06.817,2025-07-05,11:37:06.817,2025-07-05,True,False,2230.0,2230.0,238.92,-169.24,0,1,DINEIN1,1,False,0.0,0,False,11:37:06.817,2025-07-05,0.0,False,1,0.0,DINEIN1,0.0,0,0,-99.99,-10000000000,<NA>,0.0,0,3714,0,0,0,11:37:06.817,0.0,1,0,0.0,0,0,0,11:37:06.817,11:37:06.817
83,Manam,Manam SM Cebu,3715,0.0,0.0,42,0,100490,4,3,<NA>,11:43:25.077,2025-07-05,11:43:25.077,2025-07-05,True,False,3904.02,3904.02,220.98428571428573,-281.75,0,1,DINEIN1,1,False,368.3,0,False,11:43:25.077,2025-07-05,0.0,False,1,0.0,DINEIN1,0.0,0,0,-99.99,-10000000000,<NA>,0.0,0,3715,0,0,0,11:43:25.077,0.0,1,0,0.0,0,0,0,11:43:25.077,11:43:25.077
83,Manam,Manam SM Cebu,3716,0.0,0.0,3,0,100490,2,3,<NA>,12:19:23.367,2025-07-05,12:19:23.367,2025-07-05,True,False,1425.0,1425.0,165.53,-117.25,0,1,DINEIN1,1,False,0.0,0,False,12:19:23.367,2025-07-05,0.0,False,1,0.0,DINEIN1,0.0,0,0,-99.99,-10000000000,<NA>,0.0,0,3716,0,0,0,12:19:23.367,0.0,1,0,0.0,0,0,0,12:19:23.367,12:19:23.367
83,Manam,Manam SM Cebu,3717,0.0,0.0,0,0,108015,0,3,<NA>,13:00:50.053,2025-07-05,13:00:50.053,2025-07-05,True,False,2675.0,2675.0,308.58,0.0,0,1,TAKEOUT,1,False,0.0,0,False,13:00:50.053,2025-07-05,0.0,False,1,0.0,TAKEOUT,0.0,0,0,-99.99,-10000000000,<NA>,0.0,0,3717,0,0,0,13:00:50.053,0.0,1,0,0.0,0,0,0,13:00:50.053,13:00:50.053
83,Manam,Manam SM Cebu,3718,0.0,0.0,0,0,100490,0,12,<NA>,13:08:30.89,2025-07-05,13:08:30.89,2025-07-05,True,False,268.0,268.0,28.71,0.0,0,1,GRABFOOD,1,False,0.0,0,False,13:08:30.89,2025-07-05,0.0,False,1,0.0,GRABFOOD,0.0,0,0,-99.99,-10000000000,<NA>,0.0,0,3718,0,0,0,13:08:30.89,0.0,1,0,0.0,0,0,0,13:08:30.89,13:08:30.89
83,Manam,Manam SM Cebu,3719,0.0,0.0,0,0,100490,0,12,<NA>,13:09:53.463,2025-07-05,13:09:53.463,2025-07-05,True,False,1264.0,1264.0,135.42,0.0,0,1,GRABFOOD,1,False,0.0,0,False,13:09:53.463,2025-07-05,0.0,False,1,0.0,GRABFOOD,0.0,0,0,-99.99,-10000000000,<NA>,0.0,0,3719,0,0,0,13:09:53.463,0.0,1,0,0.0,0,0,0,13:09:53.463,13:09:53.463
83,Manam,Manam SM Cebu,3720,0.0,0.0,0,0,100490,0,12,<NA>,13:12:30.967,2025-07-05,13:12:30.967,2025-07-05,True,False,480.0,480.0,51.43,0.0,0,1,GRABFOOD,1,False,0.0,0,False,13:12:30.967,2025-07-05,0.0,False,1,0.0,GRABFOOD,0.0,0,0,-99.99,-10000000000,<NA>,0.0,0,3720,0,0,0,13:12:30.967,0.0,1,0,0.0,0,0,0,13:12:30.967,13:12:30.967
83,Manam,Manam SM Cebu,3721,0.0,0.0,0,0,100490,0,12,<NA>,13:13:26.28,2025-07-05,13:13:26.28,2025-07-05,True,False,473.0,473.0,50.68,0.0,0,1,GRABFOOD,1,False,0.0,0,False,13:13:26.28,2025-07-05,0.0,False,1,0.0,GRABFOOD,0.0,0,0,-99.99,-10000000000,<NA>,0.0,0,3721,0,0,0,13:13:26.28,0.0,1,0,0.0,0,0,0,13:13:26.28,13:13:26.28
83,Manam,Manam SM Cebu,3722,0.0,0.0,0,0,100490,0,12,<NA>,13:14:20.587,2025-07-05,13:14:20.587,2025-07-05,True,False,550.0,550.0,58.93,0.0,0,1,GRABFOOD,1,False,0.0,0,False,13:14:20.587,2025-07-05,0.0,False,1,0.0,GRABFOOD,0.0,0,0,-99.99,-10000000000,<NA>,0.0,0,3722,0,0,0,13:14:20.587,0.0,1,0,0.0,0,0,0,13:14:20.587,13:14:20.587
83,Manam,Manam SM Cebu,3723,0.0,0.0,50,0,100490,10,3,<NA>,12:11:49.067,2025-07-05,12:11:49.067,2025-07-05,True,False,5342.93,5342.93,510.8614285714286,-432.05,0,1,DINEIN1,1,False,211.79,0,False,12:11:49.067,2025-07-05,0.0,False,1,0.0,DINEIN1,0.0,0,0,-99.99,-10000000000,<NA>,0.0,0,3723,0,0,0,12:11:49.067,0.0,1,0,0.0,0,0,0,12:11:49.067,12:11:49.067
83,Manam,Manam SM Cebu,3724,0.0,0.0,33,0,100490,6,1,<NA>,12:21:54.237,2025-07-05,12:21:54.237,2025-07-05,True,False,1790.0,1790.0,202.5,-143.44,0,1,DINEIN1,1,False,0.0,0,False,12:21:54.237,2025-07-05,0.0,False,1,0.0,DINEIN1,0.0,0,0,-99.99,-10000000000,<NA>,0.0,0,3724,0,0,0,12:21:54.237,0.0,1,0,0.0,0,0,0,12:21:54.237,12:21:54.237
83,Manam,Manam SM Cebu,3725,0.0,0.0,9,0,100490,2,3,<NA>,12:24:50.017,2025-07-05,12:24:50.017,2025-07-05,True,False,1135.0,1135.0,121.61,-86.14,0,1,DINEIN1,1,False,0.0,0,False,12:24:50.017,2025-07-05,0.0,False,1,0.0,DINEIN1,0.0,0,0,-99.99,-10000000000,<NA>,0.0,0,3725,0,0,0,12:24:50.017,0.0,1,0,0.0,0,0,0,12:24:50.017,12:24:50.017
83,Manam,Manam SM Cebu,3726,0.0,0.0,32,0,100490,2,1,<NA>,12:31:00.507,2025-07-05,12:31:00.507,2025-07-05,True,False,1095.0,1095.0,126.42,-89.55,0,1,DINEIN1,1,False,0.0,0,False,12:31:00.507,2025-07-05,0.0,False,1,0.0,DINEIN1,0.0,0,0,-99.99,-10000000000,<NA>,0.0,0,3726,0,0,0,12:31:00.507,0.0,1,0,0.0,0,0,0,12:31:00.507,12:31:00.507
83,Manam,Manam SM Cebu,3727,0.0,0.0,30,0,100490,3,3,<NA>,12:33:32.02,2025-07-05,12:33:32.02,2025-07-05,True,False,1395.0,1395.0,165.53,-117.25,0,1,DINEIN1,1,False,0.0,0,False,12:33:32.02,2025-07-05,0.0,False,1,0.0,DINEIN1,0.0,0,0,-99.99,-10000000000,<NA>,0.0,0,3727,0,0,0,12:33:32.02,0.0,1,0,0.0,0,0,0,12:33:32.02,12:33:32.02
83,Manam,Manam SM Cebu,3728,0.0,0.0,4,0,100490,2,1,<NA>,12:53:16.757,2025-07-05,12:53:16.757,2025-07-05,True,False,1022.31,1022.31,0.0,-69.52,0,1,DINEIN1,1,False,204.47,0,False,12:53:16.757,2025-07-05,0.0,False,1,0.0,DINEIN1,0.0,0,0,-99.99,-10000000000,<NA>,0.0,0,3728,0,0,0,12:53:16.757,0.0,1,0,0.0,0,0,0,12:53:16.757,12:53:16.757
83,Manam,Manam SM Cebu,3729,0.0,0.0,52,0,100490,3,1,<NA>,12:47:51.947,2025-07-05,12:47:51.947,2025-07-05,True,False,1285.0,1285.0,137.69,-97.52,0,1,DINEIN1,1,False,0.0,0,False,12:47:51.947,2025-07-05,0.0,False,1,0.0,DINEIN1,0.0,0,0,-99.99,-10000000000,<NA>,0.0,0,3729,0,0,0,12:47:51.947,0.0,1,0,0.0,0,0,0,12:47:51.947,12:47:51.947
83,Manam,Manam SM Cebu,3730,0.0,0.0,19,0,100490,8,3,<NA>,12:37:13.247,2025-07-05,12:37:13.247,2025-07-05,True,False,4105.0,4105.0,598.94,-424.24,0,1,DINEIN1,1,False,0.0,0,False,12:37:13.247,2025-07-05,0.0,False,1,0.0,DINEIN1,0.0,0,0,-99.99,-10000000000,<NA>,0.0,0,3730,0,0,0,12:37:13.247,0.0,1,0,0.0,0,0,0,12:37:13.247,12:37:13.247
83,Manam,Manam SM Cebu,3731,0.0,0.0,10,0,100490,4,1,<NA>,12:21:07.007,2025-07-05,12:21:07.007,2025-07-05,True,False,2525.0,2525.0,270.54,-191.63,0,1,DINEIN1,1,False,0.0,0,False,12:21:07.007,2025-07-05,0.0,False,1,0.0,DINEIN1,0.0,0,0,-99.99,-10000000000,<NA>,0.0,0,3731,0,0,0,12:21:07.007,0.0,1,0,0.0,0,0,0,12:21:07.007,12:21:07.007
83,Manam,Manam SM Cebu,3732,0.0,0.0,1,0,100490,2,3,<NA>,12:17:33.113,2025-07-05,12:17:33.113,2025-07-05,True,False,740.0,740.0,79.29,-56.16,0,1,DINEIN1,1,False,0.0,0,False,12:17:33.113,2025-07-05,0.0,False,1,0.0,DINEIN1,0.0,0,0,-99.99,-10000000000,<NA>,0.0,0,3732,0,0,0,12:17:33.113,0.0,1,0,0.0,0,0,0,12:17:33.113,12:17:33.113
83,Manam,Manam SM Cebu,3733,0.0,0.0,51,0,100490,2,1,<NA>,13:04:14.957,2025-07-05,13:04:14.957,2025-07-05,True,False,946.4300000000001,946.4300000000001,53.574285714285715,-68.31,0,1,DINEIN1,1,False,89.29,0,False,13:04:14.957,2025-07-05,0.0,False,1,0.0,DINEIN1,0.0,0,0,-99.99,-10000000000,<NA>,0.0,0,3733,0,0,0,13:04:14.957,0.0,1,0,0.0,0,0,0,13:04:14.957,13:04:14.957
83,Manam,Manam SM Cebu,3734,0.0,0.0,12,0,100490,3,3,<NA>,12:48:47.077,2025-07-05,12:48:47.077,2025-07-05,True,False,2470.0,2470.0,264.64,-187.46,0,1,DINEIN1,1,False,0.0,0,False,12:48:47.077,2025-07-05,0.0,False,1,0.0,DINEIN1,0.0,0,0,-99.99,-10000000000,<NA>,0.0,0,3734,0,0,0,12:48:47.077,0.0,1,0,0.0,0,0,0,12:48:47.077,12:48:47.077
83,Manam,Manam SM Cebu,3735,0.0,0.0,20,0,100490,3,3,<NA>,12:52:09.52,2025-07-05,12:52:09.52,2025-07-05,True,False,1740.0,1740.0,205.71,-145.71,0,1,DINEIN1,1,False,0.0,0,False,12:52:09.52,2025-07-05,0.0,False,1,0.0,DINEIN1,0.0,0,0,-99.99,-10000000000,<NA>,0.0,0,3735,0,0,0,12:52:09.52,0.0,1,0,0.0,0,0,0,12:52:09.52,12:52:09.52
83,Manam,Manam SM Cebu,3736,0.0,0.0,7,0,100490,3,1,<NA>,12:44:46.853,2025-07-05,12:44:46.853,2025-07-05,True,False,2727.13,2727.13,215.7057142857143,-213.92,0,1,DINEIN1,1,False,179.76,0,False,12:44:46.853,2025-07-05,0.0,False,1,0.0,DINEIN1,0.0,0,0,-99.99,-10000000000,<NA>,0.0,0,3736,0,0,0,12:44:46.853,0.0,1,0,0.0,0,0,0,12:44:46.853,12:44:46.853
83,Manam,Manam SM Cebu,3737,0.0,0.0,43,0,100490,7,3,<NA>,12:40:48.027,2025-07-05,12:40:48.027,2025-07-05,True,False,5435.0,5435.0,594.09,-420.83,0,1,DINEIN1,1,False,0.0,0,False,12:40:48.027,2025-07-05,0.0,False,1,0.0,DINEIN1,0.0,0,0,-99.99,-10000000000,<NA>,0.0,0,3737,0,0,0,12:40:48.027,0.0,1,0,0.0,0,0,0,12:40:48.027,12:40:48.027
83,Manam,Manam SM Cebu,3738,0.0,0.0,24,0,100490,15,3,<NA>,12:28:13.817,2025-07-05,12:28:13.817,2025-07-05,True,False,4234.11,4234.11,531.6885714285714,-448.07,0,1,DINEIN1,1,False,219.64,0,False,12:28:13.817,2025-07-05,0.0,False,1,0.0,DINEIN1,0.0,0,0,-99.99,-10000000000,<NA>,0.0,0,3738,0,0,0,12:28:13.817,0.0,1,0,0.0,0,0,0,12:28:13.817,12:28:13.817
83,Manam,Manam SM Cebu,3739,0.0,0.0,40,0,100490,5,1,<NA>,13:07:07.377,2025-07-05,13:07:07.377,2025-07-05,True,False,3640.0,3640.0,390.0,-276.25,0,1,DINEIN1,1,False,0.0,0,False,13:07:07.377,2025-07-05,0.0,False,1,0.0,DINEIN1,0.0,0,0,-99.99,-10000000000,<NA>,0.0,0,3739,0,0,0,13:07:07.377,0.0,1,0,0.0,0,0,0,13:07:07.377,13:07:07.377
83,Manam,Manam SM Cebu,3740,0.0,0.0,3,0,100490,2,3,<NA>,13:20:52.01,2025-07-05,13:20:52.01,2025-07-05,True,False,1220.0,1220.0,130.71,-92.59,0,1,DINEIN1,1,False,0.0,0,False,13:20:52.01,2025-07-05,0.0,False,1,0.0,DINEIN1,0.0,0,0,-99.99,-10000000000,<NA>,0.0,0,3740,0,0,0,13:20:52.01,0.0,1,0,0.0,0,0,0,13:20:52.01,13:20:52.01
83,Manam,Manam SM Cebu,3741,0.0,0.0,21,0,100490,3,3,<NA>,13:00:57.007,2025-07-05,13:00:57.007,2025-07-05,True,False,1699.28,1699.28,65.35571428571428,-120.36,0,1,DINEIN1,1,False,217.86,0,False,13:00:57.007,2025-07-05,0.0,False,1,0.0,DINEIN1,0.0,0,0,-99.99,-10000000000,<NA>,0.0,0,3741,0,0,0,13:00:57.007,0.0,1,0,0.0,0,0,0,13:00:57.007,13:00:57.007
83,Manam,Manam SM Cebu,3742,0.0,0.0,45,0,100490,3,1,<NA>,13:30:42.327,2025-07-05,13:30:42.327,2025-07-05,True,False,2230.0,2230.0,249.65,-176.83,0,1,DINEIN1,1,False,0.0,0,False,13:30:42.327,2025-07-05,0.0,False,1,0.0,DINEIN1,0.0,0,0,-99.99,-10000000000,<NA>,0.0,0,3742,0,0,0,13:30:42.327,0.0,1,0,0.0,0,0,0,13:30:42.327,13:30:42.327
83,Manam,Manam SM Cebu,3743,0.0,0.0,35,0,100490,3,3,<NA>,13:24:35.103,2025-07-05,13:24:35.103,2025-07-05,True,False,1431.96,1431.96,106.06857142857142,-105.18,0,1,DINEIN1,1,False,88.39,0,False,13:24:35.103,2025-07-05,0.0,False,1,0.0,DINEIN1,0.0,0,0,-99.99,-10000000000,<NA>,0.0,0,3743,0,0,0,13:24:35.103,0.0,1,0,0.0,0,0,0,13:24:35.103,13:24:35.103
83,Manam,Manam SM Cebu,3744,0.0,0.0,8,0,100490,4,3,<NA>,13:18:04.933,2025-07-05,13:18:04.933,2025-07-05,True,False,2160.0,2160.0,266.79,-188.97,0,1,DINEIN1,1,False,0.0,0,False,13:18:04.933,2025-07-05,0.0,False,1,0.0,DINEIN1,0.0,0,0,-99.99,-10000000000,<NA>,0.0,0,3744,0,0,0,13:18:04.933,0.0,1,0,0.0,0,0,0,13:18:04.933,13:18:04.933
83,Manam,Manam SM Cebu,3745,0.0,0.0,50,0,100490,9,3,<NA>,13:11:44.96,2025-07-05,13:11:44.96,2025-07-05,True,False,3636.9,3636.9,424.7642857142857,-330.96,0,1,DINEIN1,1,False,88.49,0,False,13:11:44.96,2025-07-05,0.0,False,1,0.0,DINEIN1,0.0,0,0,-99.99,-10000000000,<NA>,0.0,0,3745,0,0,0,13:11:44.96,0.0,1,0,0.0,0,0,0,13:11:44.96,13:11:44.96
83,Manam,Manam SM Cebu,3746,0.0,0.0,33,0,100490,2,3,<NA>,13:34:27.803,2025-07-05,13:34:27.803,2025-07-05,True,False,695.8,695.8,44.19571428571429,-56.35,0,1,DINEIN1,1,False,73.66,0,False,13:34:27.803,2025-07-05,0.0,False,1,0.0,DINEIN1,0.0,0,0,-99.99,-10000000000,<NA>,0.0,0,3746,0,0,0,13:34:27.803,0.0,1,0,0.0,0,0,0,13:34:27.803,13:34:27.803
83,Manam,Manam SM Cebu,3747,0.0,0.0,30,0,100490,4,3,<NA>,13:36:47.707,2025-07-05,13:36:47.707,2025-07-05,True,False,2855.0,2855.0,305.9,-216.67,0,1,DINEIN1,1,False,0.0,0,False,13:36:47.707,2025-07-05,0.0,False,1,0.0,DINEIN1,0.0,0,0,-99.99,-10000000000,<NA>,0.0,0,3747,0,0,0,13:36:47.707,0.0,1,0,0.0,0,0,0,13:36:47.707,13:36:47.707
83,Manam,Manam SM Cebu,3748,0.0,0.0,32,0,100490,2,1,<NA>,13:29:11.207,2025-07-05,13:29:11.207,2025-07-05,True,False,695.0,695.0,83.56,-59.2,0,1,DINEIN1,1,False,0.0,0,False,13:29:11.207,2025-07-05,0.0,False,1,0.0,DINEIN1,0.0,0,0,-99.99,-10000000000,<NA>,0.0,0,3748,0,0,0,13:29:11.207,0.0,1,0,0.0,0,0,0,13:29:11.207,13:29:11.207
83,Manam,Manam SM Cebu,3749,0.0,0.0,5,0,100490,2,3,<NA>,13:44:18.35,2025-07-05,13:44:18.35,2025-07-05,True,False,1835.0,1835.0,196.6,-139.26,0,1,DINEIN1,1,False,0.0,0,False,13:44:18.35,2025-07-05,0.0,False,1,0.0,DINEIN1,0.0,0,0,-99.99,-10000000000,<NA>,0.0,0,3749,0,0,0,13:44:18.35,0.0,1,0,0.0,0,0,0,13:44:18.35,13:44:18.35
83,Manam,Manam SM Cebu,3750,0.0,0.0,10,0,100490,4,3,<NA>,13:41:18.833,2025-07-05,13:41:18.833,2025-07-05,True,False,2775.0,2775.0,316.61,-224.26,0,1,DINEIN1,1,False,0.0,0,False,13:41:18.833,2025-07-05,0.0,False,1,0.0,DINEIN1,0.0,0,0,-99.99,-10000000000,<NA>,0.0,0,3750,0,0,0,13:41:18.833,0.0,1,0,0.0,0,0,0,13:41:18.833,13:41:18.833
83,Manam,Manam SM Cebu,3751,0.0,0.0,1,0,100490,1,1,<NA>,13:40:22.043,2025-07-05,13:40:22.043,2025-07-05,True,False,1115.0,1115.0,128.56,-91.07,0,1,DINEIN1,1,False,0.0,0,False,13:40:22.043,2025-07-05,0.0,False,1,0.0,DINEIN1,0.0,0,0,-99.99,-10000000000,<NA>,0.0,0,3751,0,0,0,13:40:22.043,0.0,1,0,0.0,0,0,0,13:40:22.043,13:40:22.043
83,Manam,Manam SM Cebu,3752,0.0,0.0,16,0,100490,3,3,<NA>,13:52:44.717,2025-07-05,13:52:44.717,2025-07-05,True,False,1412.68,1412.68,104.64571428571428,-103.77,0,1,DINEIN1,1,False,87.2,0,False,13:52:44.717,2025-07-05,0.0,False,1,0.0,DINEIN1,0.0,0,0,-99.99,-10000000000,<NA>,0.0,0,3752,0,0,0,13:52:44.717,0.0,1,0,0.0,0,0,0,13:52:44.717,13:52:44.717
83,Manam,Manam SM Cebu,3753,0.0,0.0,15,0,100490,2,3,<NA>,13:55:10.87,2025-07-05,13:55:10.87,2025-07-05,True,False,980.0,980.0,105.01,-74.38,0,1,DINEIN1,1,False,0.0,0,False,13:55:10.87,2025-07-05,0.0,False,1,0.0,DINEIN1,0.0,0,0,-99.99,-10000000000,<NA>,0.0,0,3753,0,0,0,13:55:10.87,0.0,1,0,0.0,0,0,0,13:55:10.87,13:55:10.87
83,Manam,Manam SM Cebu,3755,0.0,0.0,12,0,100490,2,1,<NA>,14:10:42.127,2025-07-05,14:10:42.127,2025-07-05,True,False,1121.51,1121.51,63.48,-80.94,0,1,DINEIN1,1,False,105.81,0,False,14:10:42.127,2025-07-05,0.0,False,1,0.0,DINEIN1,0.0,0,0,-99.99,-10000000000,<NA>,0.0,0,3755,0,0,0,14:10:42.127,0.0,1,0,0.0,0,0,0,14:10:42.127,14:10:42.127
83,Manam,Manam SM Cebu,3756,0.0,0.0,19,0,100490,4,1,<NA>,13:47:45.927,2025-07-05,13:47:45.927,2025-07-05,True,False,4545.0,4545.0,486.96,-344.93,0,1,DINEIN1,1,False,0.0,0,False,13:47:45.927,2025-07-05,0.0,False,1,0.0,DINEIN1,0.0,0,0,-99.99,-10000000000,<NA>,0.0,0,3756,0,0,0,13:47:45.927,0.0,1,0,0.0,0,0,0,13:47:45.927,13:47:45.927
83,Manam,Manam SM Cebu,3757,0.0,0.0,0,0,100490,0,3,<NA>,15:03:24.133,2025-07-05,15:03:24.133,2025-07-05,True,False,1550.0,1550.0,166.07,0.0,0,1,TAKEOUT,1,False,0.0,0,False,15:03:24.133,2025-07-05,0.0,False,1,0.0,TAKEOUT,0.0,0,0,-99.99,-10000000000,<NA>,0.0,0,3757,0,0,0,15:03:24.133,0.0,1,0,0.0,0,0,0,15:03:24.133,15:03:24.133
83,Manam,Manam SM Cebu,3758,0.0,0.0,3,0,100490,1,1,<NA>,14:19:36.667,2025-07-05,14:19:36.667,2025-07-05,True,False,970.0,970.0,103.92,-73.62,0,1,DINEIN1,1,False,0.0,0,False,14:19:36.667,2025-07-05,0.0,False,1,0.0,DINEIN1,0.0,0,0,-99.99,-10000000000,<NA>,0.0,0,3758,0,0,0,14:19:36.667,0.0,1,0,0.0,0,0,0,14:19:36.667,14:19:36.667
83,Manam,Manam SM Cebu,3759,0.0,0.0,23,0,100490,2,3,<NA>,14:16:12.357,2025-07-05,14:16:12.357,2025-07-05,True,False,1800.0,1800.0,192.87,-136.61,0,1,DINEIN1,1,False,0.0,0,False,14:16:12.357,2025-07-05,0.0,False,1,0.0,DINEIN1,0.0,0,0,-99.99,-10000000000,<NA>,0.0,0,3759,0,0,0,14:16:12.357,0.0,1,0,0.0,0,0,0,14:16:12.357,14:16:12.357
83,Manam,Manam SM Cebu,3760,0.0,0.0,22,0,100490,4,3,<NA>,14:09:20.193,2025-07-05,14:09:20.193,2025-07-05,True,False,1770.0,1770.0,189.65,-134.33,0,1,DINEIN1,1,False,0.0,0,False,14:09:20.193,2025-07-05,0.0,False,1,0.0,DINEIN1,0.0,0,0,-99.99,-10000000000,<NA>,0.0,0,3760,0,0,0,14:09:20.193,0.0,1,0,0.0,0,0,0,14:09:20.193,14:09:20.193
83,Manam,Manam SM Cebu,3762,0.0,0.0,52,0,102267,3,1,<NA>,13:46:33.71,2025-07-05,13:46:33.71,2025-07-05,True,False,2598.75,2598.75,192.49857142857144,-190.89,0,1,DINEIN1,1,False,160.42,0,False,13:46:33.71,2025-07-05,0.0,False,1,0.0,DINEIN1,0.0,0,0,-99.99,-10000000000,<NA>,0.0,0,3762,0,0,0,13:46:33.71,0.0,1,0,0.0,0,0,0,13:46:33.71,13:46:33.71
83,Manam,Manam SM Cebu,3763,0.0,0.0,28,0,102267,6,1,<NA>,14:24:28.6,2025-07-05,14:24:28.6,2025-07-05,True,False,2059.64,2059.64,202.93428571428572,-165.8,0,1,DINEIN1,1,False,67.26,0,False,14:24:28.6,2025-07-05,0.0,False,1,0.0,DINEIN1,0.0,0,0,-99.99,-10000000000,<NA>,0.0,0,3763,0,0,0,14:24:28.6,0.0,1,0,0.0,0,0,0,14:24:28.6,14:24:28.6
83,Manam,Manam SM Cebu,3764,0.0,0.0,20,0,102267,3,3,<NA>,14:07:24.43,2025-07-05,14:07:24.43,2025-07-05,True,False,1783.92,1783.92,132.14,-131.04,0,1,DINEIN1,1,False,110.12,0,False,14:07:24.43,2025-07-05,0.0,False,1,0.0,DINEIN1,0.0,0,0,-99.99,-10000000000,<NA>,0.0,0,3764,0,0,0,14:07:24.43,0.0,1,0,0.0,0,0,0,14:07:24.43,14:07:24.43
83,Manam,Manam SM Cebu,3765,0.0,0.0,30,0,102267,2,3,<NA>,14:34:21.41,2025-07-05,14:34:21.41,2025-07-05,True,False,1135.0,1135.0,121.6,-86.14,0,1,DINEIN1,1,False,0.0,0,False,14:34:21.41,2025-07-05,0.0,False,1,0.0,DINEIN1,0.0,0,0,-99.99,-10000000000,<NA>,0.0,0,3765,0,0,0,14:34:21.41,0.0,1,0,0.0,0,0,0,14:34:21.41,14:34:21.41
83,Manam,Manam SM Cebu,3766,0.0,0.0,7,0,102267,4,3,<NA>,14:02:21.057,2025-07-05,14:02:21.057,2025-07-05,True,False,1684.6399999999999,1684.6399999999999,95.35428571428572,-121.58,0,1,DINEIN1,1,False,158.93,0,False,14:02:21.057,2025-07-05,0.0,False,1,0.0,DINEIN1,0.0,0,0,-99.99,-10000000000,<NA>,0.0,0,3766,0,0,0,14:02:21.057,0.0,1,0,0.0,0,0,0,14:02:21.057,14:02:21.057
83,Manam,Manam SM Cebu,3767,0.0,0.0,9,0,102267,2,3,<NA>,14:23:05.413,2025-07-05,14:23:05.413,2025-07-05,True,False,1223.22,1223.22,0.0,-94.41,0,1,DINEIN1,1,False,277.68,0,False,14:23:05.413,2025-07-05,0.0,False,1,0.0,DINEIN1,0.0,0,0,-99.99,-10000000000,<NA>,0.0,0,3767,0,0,0,14:23:05.413,0.0,1,0,0.0,0,0,0,14:23:05.413,14:23:05.413
83,Manam,Manam SM Cebu,3768,0.0,0.0,35,0,102267,3,1,<NA>,14:42:24.247,2025-07-05,14:42:24.247,2025-07-05,True,False,1549.28,1549.28,62.855714285714285,-115.76,0,1,DINEIN1,1,False,209.51,0,False,14:42:24.247,2025-07-05,0.0,False,1,0.0,DINEIN1,0.0,0,0,-99.99,-10000000000,<NA>,0.0,0,3768,0,0,0,14:42:24.247,0.0,1,0,0.0,0,0,0,14:42:24.247,14:42:24.247
83,Manam,Manam SM Cebu,3769,0.0,0.0,51,0,102267,3,3,<NA>,14:08:45.97,2025-07-05,14:08:45.97,2025-07-05,True,False,1745.0,1745.0,186.97,-132.43,0,1,DINEIN1,1,False,0.0,0,False,14:08:45.97,2025-07-05,0.0,False,1,0.0,DINEIN1,0.0,0,0,-99.99,-10000000000,<NA>,0.0,0,3769,0,0,0,14:08:45.97,0.0,1,0,0.0,0,0,0,14:08:45.97,14:08:45.97
83,Manam,Manam SM Cebu,3770,0.0,0.0,15,0,102267,3,1,<NA>,14:50:01.8,2025-07-05,14:50:01.8,2025-07-05,True,False,1940.0,1940.0,220.72,-156.34,0,1,DINEIN1,1,False,0.0,0,False,14:50:01.8,2025-07-05,0.0,False,1,0.0,DINEIN1,0.0,0,0,-99.99,-10000000000,<NA>,0.0,0,3770,0,0,0,14:50:01.8,0.0,1,0,0.0,0,0,0,14:50:01.8,14:50:01.8
83,Manam,Manam SM Cebu,3771,0.0,0.0,5,0,102267,2,3,<NA>,14:36:42.983,2025-07-05,14:36:42.983,2025-07-05,True,False,950.0,950.0,101.78,-72.1,0,1,DINEIN1,1,False,0.0,0,False,14:36:42.983,2025-07-05,0.0,False,1,0.0,DINEIN1,0.0,0,0,-99.99,-10000000000,<NA>,0.0,0,3771,0,0,0,14:36:42.983,0.0,1,0,0.0,0,0,0,14:36:42.983,14:36:42.983
83,Manam,Manam SM Cebu,3772,0.0,0.0,43,0,102267,7,3,<NA>,13:59:00.14,2025-07-05,13:59:00.14,2025-07-05,True,False,5909.38,5909.38,321.62571428571425,-461.8,0,1,DINEIN1,1,False,701.01,0,False,13:59:00.14,2025-07-05,0.0,False,1,0.0,DINEIN1,0.0,0,0,-99.99,-10000000000,<NA>,0.0,0,3772,0,0,0,13:59:00.14,0.0,1,0,0.0,0,0,0,13:59:00.14,13:59:00.14
83,Manam,Manam SM Cebu,3773,0.0,0.0,50,0,102267,8,3,<NA>,14:51:43.02,2025-07-05,14:51:43.02,2025-07-05,True,False,4506.34,4506.34,322.76142857142855,-338.37,0,1,DINEIN1,1,False,322.77,0,False,14:51:43.02,2025-07-05,0.0,False,1,0.0,DINEIN1,0.0,0,0,-99.99,-10000000000,<NA>,0.0,0,3773,0,0,0,14:51:43.02,0.0,1,0,0.0,0,0,0,14:51:43.02,14:51:43.02
83,Manam,Manam SM Cebu,3774,0.0,0.0,1,0,102267,1,3,<NA>,15:00:20.437,2025-07-05,15:00:20.437,2025-07-05,True,False,1020.0,1020.0,109.29,-77.41,0,1,DINEIN1,1,False,0.0,0,False,15:00:20.437,2025-07-05,0.0,False,1,0.0,DINEIN1,0.0,0,0,-99.99,-10000000000,<NA>,0.0,0,3774,0,0,0,15:00:20.437,0.0,1,0,0.0,0,0,0,15:00:20.437,15:00:20.437
83,Manam,Manam SM Cebu,3775,0.0,0.0,40,0,102267,6,3,<NA>,14:40:18.963,2025-07-05,14:40:18.963,2025-07-05,True,False,2465.18,2465.18,224.10571428571427,-184.14,0,1,DINEIN1,1,False,74.71,0,False,14:40:18.963,2025-07-05,0.0,False,1,0.0,DINEIN1,0.0,0,0,-99.99,-10000000000,<NA>,0.0,0,3775,0,0,0,14:40:18.963,0.0,1,0,0.0,0,0,0,14:40:18.963,14:40:18.963
83,Manam,Manam SM Cebu,3776,0.0,0.0,45,0,102267,3,3,<NA>,14:53:27.62,2025-07-05,14:53:27.62,2025-07-05,True,False,2230.0,2230.0,268.4,-190.11,0,1,DINEIN1,1,False,0.0,0,False,14:53:27.62,2025-07-05,0.0,False,1,0.0,DINEIN1,0.0,0,0,-99.99,-10000000000,<NA>,0.0,0,3776,0,0,0,14:53:27.62,0.0,1,0,0.0,0,0,0,14:53:27.62,14:53:27.62
83,Manam,Manam SM Cebu,3777,0.0,0.0,10,0,102267,3,1,<NA>,14:46:53.843,2025-07-05,14:46:53.843,2025-07-05,True,False,2390.0,2390.0,256.09,-181.38,0,1,DINEIN1,1,False,0.0,0,False,14:46:53.843,2025-07-05,0.0,False,1,0.0,DINEIN1,0.0,0,0,-99.99,-10000000000,<NA>,0.0,0,3777,0,0,0,14:46:53.843,0.0,1,0,0.0,0,0,0,14:46:53.843,14:46:53.843
83,Manam,Manam SM Cebu,3778,0.0,0.0,3,0,102267,2,3,<NA>,15:14:09.37,2025-07-05,15:14:09.37,2025-07-05,True,False,900.0,900.0,96.43,-68.3,0,1,DINEIN1,1,False,0.0,0,False,15:14:09.37,2025-07-05,0.0,False,1,0.0,DINEIN1,0.0,0,0,-99.99,-10000000000,<NA>,0.0,0,3778,0,0,0,15:14:09.37,0.0,1,0,0.0,0,0,0,15:14:09.37,15:14:09.37
83,Manam,Manam SM Cebu,3780,0.0,0.0,19,0,102267,3,3,<NA>,15:02:12.857,2025-07-05,15:02:12.857,2025-07-05,True,False,2970.0,2970.0,331.07,-234.51,0,1,DINEIN1,1,False,0.0,0,False,15:02:12.857,2025-07-05,0.0,False,1,0.0,DINEIN1,0.0,0,0,-99.99,-10000000000,<NA>,0.0,0,3780,0,0,0,15:02:12.857,0.0,1,0,0.0,0,0,0,15:02:12.857,15:02:12.857
83,Manam,Manam SM Cebu,3781,0.0,0.0,32,0,102267,2,3,<NA>,15:06:13.113,2025-07-05,15:06:13.113,2025-07-05,True,False,1365.0,1365.0,146.25,-103.59,0,1,DINEIN1,1,False,0.0,0,False,15:06:13.113,2025-07-05,0.0,False,1,0.0,DINEIN1,0.0,0,0,-99.99,-10000000000,<NA>,0.0,0,3781,0,0,0,15:06:13.113,0.0,1,0,0.0,0,0,0,15:06:13.113,15:06:13.113
83,Manam,Manam SM Cebu,3782,0.0,0.0,12,0,102267,3,3,<NA>,15:01:11.34,2025-07-05,15:01:11.34,2025-07-05,True,False,1046.25,1046.25,77.50285714285714,-76.86,0,1,DINEIN1,1,False,64.58,0,False,15:01:11.34,2025-07-05,0.0,False,1,0.0,DINEIN1,0.0,0,0,-99.99,-10000000000,<NA>,0.0,0,3782,0,0,0,15:01:11.34,0.0,1,0,0.0,0,0,0,15:01:11.34,15:01:11.34
83,Manam,Manam SM Cebu,3783,0.0,0.0,0,0,100490,0,1,<NA>,15:58:45.463,2025-07-05,15:58:45.463,2025-07-05,True,False,298.03999999999996,298.03999999999996,12.32,0.0,0,1,TAKEOUT,1,False,36.61,0,False,15:58:45.463,2025-07-05,0.0,False,1,0.0,TAKEOUT,0.0,0,0,-99.99,-10000000000,<NA>,0.0,0,3783,0,0,0,15:58:45.463,0.0,1,0,0.0,0,0,0,15:58:45.463,15:58:45.463
83,Manam,Manam SM Cebu,3784,0.0,0.0,0,0,102267,0,12,<NA>,16:09:17.84,2025-07-05,16:09:17.84,2025-07-05,True,False,1430.0,1430.0,153.21,0.0,0,1,GRABFOOD,1,False,0.0,0,False,16:09:17.84,2025-07-05,0.0,False,1,0.0,GRABFOOD,0.0,0,0,-99.99,-10000000000,<NA>,0.0,0,3784,0,0,0,16:09:17.84,0.0,1,0,0.0,0,0,0,16:09:17.84,16:09:17.84
83,Manam,Manam SM Cebu,3785,0.0,0.0,33,0,102267,2,3,<NA>,15:12:02.47,2025-07-05,15:12:02.47,2025-07-05,True,False,1760.0,1760.0,188.57,-133.57,0,1,DINEIN1,1,False,0.0,0,False,15:12:02.47,2025-07-05,0.0,False,1,0.0,DINEIN1,0.0,0,0,-99.99,-10000000000,<NA>,0.0,0,3785,0,0,0,15:12:02.47,0.0,1,0,0.0,0,0,0,15:12:02.47,15:12:02.47
83,Manam,Manam SM Cebu,3786,0.0,0.0,0,0,102267,0,12,<NA>,16:12:20.667,2025-07-05,16:12:20.667,2025-07-05,True,False,288.0,288.0,30.86,0.0,0,1,GRABFOOD,1,False,0.0,0,False,16:12:20.667,2025-07-05,0.0,False,1,0.0,GRABFOOD,0.0,0,0,-99.99,-10000000000,<NA>,0.0,0,3786,0,0,0,16:12:20.667,0.0,1,0,0.0,0,0,0,16:12:20.667,16:12:20.667
83,Manam,Manam SM Cebu,3787,0.0,0.0,23,0,102267,2,3,<NA>,15:24:54.387,2025-07-05,15:24:54.387,2025-07-05,True,False,1335.0,1335.0,143.04,-101.32,0,1,DINEIN1,1,False,0.0,0,False,15:24:54.387,2025-07-05,0.0,False,1,0.0,DINEIN1,0.0,0,0,-99.99,-10000000000,<NA>,0.0,0,3787,0,0,0,15:24:54.387,0.0,1,0,0.0,0,0,0,15:24:54.387,15:24:54.387
83,Manam,Manam SM Cebu,3788,0.0,0.0,20,0,102267,2,3,<NA>,15:46:16.31,2025-07-05,15:46:16.31,2025-07-05,True,False,1660.0,1660.0,196.61,-139.26,0,1,DINEIN1,1,False,0.0,0,False,15:46:16.31,2025-07-05,0.0,False,1,0.0,DINEIN1,0.0,0,0,-99.99,-10000000000,<NA>,0.0,0,3788,0,0,0,15:46:16.31,0.0,1,0,0.0,0,0,0,15:46:16.31,15:46:16.31
83,Manam,Manam SM Cebu,3789,0.0,0.0,30,0,102267,2,3,<NA>,15:44:19.85,2025-07-05,15:44:19.85,2025-07-05,True,False,1115.0,1115.0,119.47,-84.62,0,1,DINEIN1,1,False,0.0,0,False,15:44:19.85,2025-07-05,0.0,False,1,0.0,DINEIN1,0.0,0,0,-99.99,-10000000000,<NA>,0.0,0,3789,0,0,0,15:44:19.85,0.0,1,0,0.0,0,0,0,15:44:19.85,15:44:19.85
83,Manam,Manam SM Cebu,3790,0.0,0.0,24,0,102267,2,1,<NA>,15:32:54.867,2025-07-05,15:32:54.867,2025-07-05,True,False,1600.0,1600.0,183.22,-129.78,0,1,DINEIN1,1,False,0.0,0,False,15:32:54.867,2025-07-05,0.0,False,1,0.0,DINEIN1,0.0,0,0,-99.99,-10000000000,<NA>,0.0,0,3790,0,0,0,15:32:54.867,0.0,1,0,0.0,0,0,0,15:32:54.867,15:32:54.867
83,Manam,Manam SM Cebu,3791,0.0,0.0,28,0,102267,2,1,<NA>,15:49:56.55,2025-07-05,15:49:56.55,2025-07-05,True,False,1520.0,1520.0,174.64,-123.71,0,1,DINEIN1,1,False,0.0,0,False,15:49:56.55,2025-07-05,0.0,False,1,0.0,DINEIN1,0.0,0,0,-99.99,-10000000000,<NA>,0.0,0,3791,0,0,0,15:49:56.55,0.0,1,0,0.0,0,0,0,15:49:56.55,15:49:56.55
83,Manam,Manam SM Cebu,3792,0.0,0.0,0,0,102267,0,12,<NA>,16:30:39.43,2025-07-05,16:30:39.43,2025-07-05,True,False,1820.0,1820.0,253.93,0.0,0,1,GRABFOOD,1,False,0.0,0,False,16:30:39.43,2025-07-05,0.0,False,1,0.0,GRABFOOD,0.0,0,0,-99.99,-10000000000,<NA>,0.0,0,3792,0,0,0,16:30:39.43,0.0,1,0,0.0,0,0,0,16:30:39.43,16:30:39.43
83,Manam,Manam SM Cebu,3793,0.0,0.0,52,0,102267,3,3,<NA>,15:32:12.817,2025-07-05,15:32:12.817,2025-07-05,True,False,3352.13,3352.13,128.93,-237.44,0,1,DINEIN1,1,False,429.76,0,False,15:32:12.817,2025-07-05,0.0,False,1,0.0,DINEIN1,0.0,0,0,-99.99,-10000000000,<NA>,0.0,0,3793,0,0,0,15:32:12.817,0.0,1,0,0.0,0,0,0,15:32:12.817,15:32:12.817
83,Manam,Manam SM Cebu,3794,0.0,0.0,26,0,102267,2,3,<NA>,15:51:15.95,2025-07-05,15:51:15.95,2025-07-05,True,False,1450.0,1450.0,155.35,-110.04,0,1,DINEIN1,1,False,0.0,0,False,15:51:15.95,2025-07-05,0.0,False,1,0.0,DINEIN1,0.0,0,0,-99.99,-10000000000,<NA>,0.0,0,3794,0,0,0,15:51:15.95,0.0,1,0,0.0,0,0,0,15:51:15.95,15:51:15.95
83,Manam,Manam SM Cebu,3795,0.0,0.0,50,0,102267,7,3,<NA>,15:55:43.057,2025-07-05,15:55:43.057,2025-07-05,True,False,2280.0,2280.0,261.44,-185.18,0,1,DINEIN1,1,False,0.0,0,False,15:55:43.057,2025-07-05,0.0,False,1,0.0,DINEIN1,0.0,0,0,-99.99,-10000000000,<NA>,0.0,0,3795,0,0,0,15:55:43.057,0.0,1,0,0.0,0,0,0,15:55:43.057,15:55:43.057
83,Manam,Manam SM Cebu,3796,0.0,0.0,3,0,102267,2,3,<NA>,16:01:47.147,2025-07-05,16:01:47.147,2025-07-05,True,False,936.97,936.97,53.037142857142854,-67.62,0,1,DINEIN1,1,False,88.39,0,False,16:01:47.147,2025-07-05,0.0,False,1,0.0,DINEIN1,0.0,0,0,-99.99,-10000000000,<NA>,0.0,0,3796,0,0,0,16:01:47.147,0.0,1,0,0.0,0,0,0,16:01:47.147,16:01:47.147
83,Manam,Manam SM Cebu,3797,0.0,0.0,35,0,102267,2,1,<NA>,16:07:33,2025-07-05,16:07:33,2025-07-05,True,False,847.06,847.06,47.95285714285714,-61.13,0,1,DINEIN1,1,False,79.91,0,False,16:07:33,2025-07-05,0.0,False,1,0.0,DINEIN1,0.0,0,0,-99.99,-10000000000,<NA>,0.0,0,3797,0,0,0,16:07:33,0.0,1,0,0.0,0,0,0,16:07:33,16:07:33
83,Manam,Manam SM Cebu,3798,0.0,0.0,21,0,102267,2,1,<NA>,15:25:49.7,2025-07-05,15:25:49.7,2025-07-05,True,False,2795.0,2795.0,299.45,-212.12,0,1,DINEIN1,1,False,0.0,0,False,15:25:49.7,2025-07-05,0.0,False,1,0.0,DINEIN1,0.0,0,0,-99.99,-10000000000,<NA>,0.0,0,3798,0,0,0,15:25:49.7,0.0,1,0,0.0,0,0,0,15:25:49.7,15:25:49.7
83,Manam,Manam SM Cebu,3799,0.0,0.0,4,0,102267,5,1,<NA>,16:02:37.61,2025-07-05,16:02:37.61,2025-07-05,True,False,1348.21,1348.21,0.0,-126.29,0,1,DINEIN1,1,False,371.44,0,False,16:02:37.61,2025-07-05,0.0,False,1,0.0,DINEIN1,0.0,0,0,-99.99,-10000000000,<NA>,0.0,0,3799,0,0,0,16:02:37.61,0.0,1,0,0.0,0,0,0,16:02:37.61,16:02:37.61
83,Manam,Manam SM Cebu,3800,0.0,0.0,42,0,102267,3,3,<NA>,16:10:25.06,2025-07-05,16:10:25.06,2025-07-05,True,False,2459.46,2459.46,191.07142857142856,-189.48,0,1,DINEIN1,1,False,159.23,0,False,16:10:25.06,2025-07-05,0.0,False,1,0.0,DINEIN1,0.0,0,0,-99.99,-10000000000,<NA>,0.0,0,3800,0,0,0,16:10:25.06,0.0,1,0,0.0,0,0,0,16:10:25.06,16:10:25.06
83,Manam,Manam SM Cebu,3801,0.0,0.0,45,0,102267,2,3,<NA>,16:18:13.09,2025-07-05,16:18:13.09,2025-07-05,True,False,2143.66,2143.66,121.34,-154.71,0,1,DINEIN1,1,False,202.24,0,False,16:18:13.09,2025-07-05,0.0,False,1,0.0,DINEIN1,0.0,0,0,-99.99,-10000000000,<NA>,0.0,0,3801,0,0,0,16:18:13.09,0.0,1,0,0.0,0,0,0,16:18:13.09,16:18:13.09
83,Manam,Manam SM Cebu,3802,0.0,0.0,33,0,102267,2,1,<NA>,16:30:56.82,2025-07-05,16:30:56.82,2025-07-05,True,False,1070.0,1070.0,114.64,-81.21,0,1,DINEIN1,1,False,0.0,0,False,16:30:56.82,2025-07-05,0.0,False,1,0.0,DINEIN1,0.0,0,0,-99.99,-10000000000,<NA>,0.0,0,3802,0,0,0,16:30:56.82,0.0,1,0,0.0,0,0,0,16:30:56.82,16:30:56.82
83,Manam,Manam SM Cebu,3803,0.0,0.0,0,0,102267,0,1,<NA>,08:59:06.197,2025-07-05,08:59:06.197,2025-07-05,True,False,0.0,0.0,0.0,0.0,0,1,ZR-TRAINING,1,False,0.0,0,False,08:59:06.197,2025-07-05,0.0,False,1,0.0,ZR-TRAINING,0.0,0,0,-99.99,-10000000000,<NA>,0.0,0,3803,0,0,0,08:59:06.197,0.0,1,0,0.0,0,0,0,08:59:06.197,08:59:06.197
83,Manam,Manam SM Cebu,3804,0.0,0.0,44,0,102267,6,1,<NA>,16:34:41.973,2025-07-05,16:34:41.973,2025-07-05,True,False,2575.0,2575.0,275.89,-195.42,0,1,DINEIN1,1,False,0.0,0,False,16:34:41.973,2025-07-05,0.0,False,1,0.0,DINEIN1,0.0,0,0,-99.99,-10000000000,<NA>,0.0,0,3804,0,0,0,16:34:41.973,0.0,1,0,0.0,0,0,0,16:34:41.973,16:34:41.973
83,Manam,Manam SM Cebu,3805,0.0,0.0,0,0,102267,0,12,<NA>,17:26:07.477,2025-07-05,17:26:07.477,2025-07-05,True,False,586.0,586.0,62.79,0.0,0,1,GRABFOOD,1,False,0.0,0,False,17:26:07.477,2025-07-05,0.0,False,1,0.0,GRABFOOD,0.0,0,0,-99.99,-10000000000,<NA>,0.0,0,3805,0,0,0,17:26:07.477,0.0,1,0,0.0,0,0,0,17:26:07.477,17:26:07.477
83,Manam,Manam SM Cebu,3806,0.0,0.0,32,0,102267,2,1,<NA>,16:25:40.157,2025-07-05,16:25:40.157,2025-07-05,True,False,915.0,915.0,98.04,-69.44,0,1,DINEIN1,1,False,0.0,0,False,16:25:40.157,2025-07-05,0.0,False,1,0.0,DINEIN1,0.0,0,0,-99.99,-10000000000,<NA>,0.0,0,3806,0,0,0,16:25:40.157,0.0,1,0,0.0,0,0,0,16:25:40.157,16:25:40.157
83,Manam,Manam SM Cebu,3807,0.0,0.0,23,0,102267,6,3,<NA>,16:40:07.417,2025-07-05,16:40:07.417,2025-07-05,True,False,2685.0,2685.0,287.67,-203.77,0,1,DINEIN1,1,False,0.0,0,False,16:40:07.417,2025-07-05,0.0,False,1,0.0,DINEIN1,0.0,0,0,-99.99,-10000000000,<NA>,0.0,0,3807,0,0,0,16:40:07.417,0.0,1,0,0.0,0,0,0,16:40:07.417,16:40:07.417
83,Manam,Manam SM Cebu,3808,0.0,0.0,20,0,102267,2,3,<NA>,16:44:00.52,2025-07-05,16:44:00.52,2025-07-05,True,False,1490.0,1490.0,175.71,-124.46,0,1,DINEIN1,1,False,0.0,0,False,16:44:00.52,2025-07-05,0.0,False,1,0.0,DINEIN1,0.0,0,0,-99.99,-10000000000,<NA>,0.0,0,3808,0,0,0,16:44:00.52,0.0,1,0,0.0,0,0,0,16:44:00.52,16:44:00.52
83,Manam,Manam SM Cebu,3809,0.0,0.0,7,0,102267,6,3,<NA>,16:16:32.893,2025-07-05,16:16:32.893,2025-07-05,True,False,4660.0,4660.0,549.64,-389.33,0,1,DINEIN1,1,False,0.0,0,False,16:16:32.893,2025-07-05,0.0,False,1,0.0,DINEIN1,0.0,0,0,-99.99,-10000000000,<NA>,0.0,0,3809,0,0,0,16:16:32.893,0.0,1,0,0.0,0,0,0,16:16:32.893,16:16:32.893
83,Manam,Manam SM Cebu,3810,0.0,0.0,0,0,102267,0,12,<NA>,17:46:57.26,2025-07-05,17:46:57.26,2025-07-05,True,False,586.0,586.0,62.79,0.0,0,1,GRABFOOD,1,False,0.0,0,False,17:46:57.26,2025-07-05,0.0,False,1,0.0,GRABFOOD,0.0,0,0,-99.99,-10000000000,<NA>,0.0,0,3810,0,0,0,17:46:57.26,0.0,1,0,0.0,0,0,0,17:46:57.26,17:46:57.26
83,Manam,Manam SM Cebu,3811,0.0,0.0,0,0,102267,0,12,<NA>,17:48:24.79,2025-07-05,17:48:24.79,2025-07-05,True,False,2235.0,2235.0,239.46,0.0,0,1,GRABFOOD,1,False,0.0,0,False,17:48:24.79,2025-07-05,0.0,False,1,0.0,GRABFOOD,0.0,0,0,-99.99,-10000000000,<NA>,0.0,0,3811,0,0,0,17:48:24.79,0.0,1,0,0.0,0,0,0,17:48:24.79,17:48:24.79
83,Manam,Manam SM Cebu,3812,0.0,0.0,35,0,102267,2,3,<NA>,17:05:38.99,2025-07-05,17:05:38.99,2025-07-05,True,False,1390.0,1390.0,148.92,-105.49,0,1,DINEIN1,1,False,0.0,0,False,17:05:38.99,2025-07-05,0.0,False,1,0.0,DINEIN1,0.0,0,0,-99.99,-10000000000,<NA>,0.0,0,3812,0,0,0,17:05:38.99,0.0,1,0,0.0,0,0,0,17:05:38.99,17:05:38.99
83,Manam,Manam SM Cebu,3813,0.0,0.0,21,0,102267,3,1,<NA>,17:12:56.677,2025-07-05,17:12:56.677,2025-07-05,True,False,2150.0,2150.0,242.15,-171.52,0,1,DINEIN1,1,False,0.0,0,False,17:12:56.677,2025-07-05,0.0,False,1,0.0,DINEIN1,0.0,0,0,-99.99,-10000000000,<NA>,0.0,0,3813,0,0,0,17:12:56.677,0.0,1,0,0.0,0,0,0,17:12:56.677,17:12:56.677
83,Manam,Manam SM Cebu,3814,0.0,0.0,30,0,102267,4,1,<NA>,17:02:01.763,2025-07-05,17:02:01.763,2025-07-05,True,False,3386.7799999999997,3386.7799999999997,279.63714285714286,-250.9,0,1,DINEIN1,1,False,155.36,0,False,17:02:01.763,2025-07-05,0.0,False,1,0.0,DINEIN1,0.0,0,0,-99.99,-10000000000,<NA>,0.0,0,3814,0,0,0,17:02:01.763,0.0,1,0,0.0,0,0,0,17:02:01.763,17:02:01.763
83,Manam,Manam SM Cebu,3815,0.0,0.0,28,0,102267,6,3,<NA>,16:50:00.047,2025-07-05,16:50:00.047,2025-07-05,True,False,3495.0,3495.0,414.11,-293.33,0,1,DINEIN1,1,False,0.0,0,False,16:50:00.047,2025-07-05,0.0,False,1,0.0,DINEIN1,0.0,0,0,-99.99,-10000000000,<NA>,0.0,0,3815,0,0,0,16:50:00.047,0.0,1,0,0.0,0,0,0,16:50:00.047,16:50:00.047
83,Manam,Manam SM Cebu,3816,0.0,0.0,15,0,102267,4,1,<NA>,16:56:25.873,2025-07-05,16:56:25.873,2025-07-05,True,False,1925.0,1925.0,223.39,-158.24,0,1,DINEIN1,1,False,0.0,0,False,16:56:25.873,2025-07-05,0.0,False,1,0.0,DINEIN1,0.0,0,0,-99.99,-10000000000,<NA>,0.0,0,3816,0,0,0,16:56:25.873,0.0,1,0,0.0,0,0,0,16:56:25.873,16:56:25.873
83,Manam,Manam SM Cebu,3817,0.0,0.0,10,0,102267,6,3,<NA>,16:36:36.897,2025-07-05,16:36:36.897,2025-07-05,True,False,3798.0299999999997,3798.0299999999997,357.09142857142854,-350.98,0,1,DINEIN1,1,False,294.94,0,False,16:36:36.897,2025-07-05,0.0,False,1,0.0,DINEIN1,0.0,0,0,-99.99,-10000000000,<NA>,0.0,0,3817,0,0,0,16:36:36.897,0.0,1,0,0.0,0,0,0,16:36:36.897,16:36:36.897
83,Manam,Manam SM Cebu,3818,0.0,0.0,4,0,102267,5,3,<NA>,17:11:05.573,2025-07-05,17:11:05.573,2025-07-05,True,False,3010.0,3010.0,367.5,-260.31,0,1,DINEIN1,1,False,0.0,0,False,17:11:05.573,2025-07-05,0.0,False,1,0.0,DINEIN1,0.0,0,0,-99.99,-10000000000,<NA>,0.0,0,3818,0,0,0,17:11:05.573,0.0,1,0,0.0,0,0,0,17:11:05.573,17:11:05.573
83,Manam,Manam SM Cebu,3819,0.0,0.0,19,0,102267,4,3,<NA>,17:03:30.663,2025-07-05,17:03:30.663,2025-07-05,True,False,2515.75,2515.75,207.72571428571428,-186.38,0,1,DINEIN1,1,False,115.4,0,False,17:03:30.663,2025-07-05,0.0,False,1,0.0,DINEIN1,0.0,0,0,-99.99,-10000000000,<NA>,0.0,0,3819,0,0,0,17:03:30.663,0.0,1,0,0.0,0,0,0,17:03:30.663,17:03:30.663
83,Manam,Manam SM Cebu,3820,0.0,0.0,51,0,102267,7,3,<NA>,17:06:41.14,2025-07-05,17:06:41.14,2025-07-05,True,False,3870.0,3870.0,414.64,-293.71,0,1,DINEIN1,1,False,0.0,0,False,17:06:41.14,2025-07-05,0.0,False,1,0.0,DINEIN1,0.0,0,0,-99.99,-10000000000,<NA>,0.0,0,3820,0,0,0,17:06:41.14,0.0,1,0,0.0,0,0,0,17:06:41.14,17:06:41.14
83,Manam,Manam SM Cebu,3822,0.0,0.0,40,0,102267,2,3,<NA>,16:58:29.447,2025-07-05,16:58:29.447,2025-07-05,True,False,1320.0,1320.0,205.18,-145.33,0,1,DINEIN1,1,False,0.0,0,False,16:58:29.447,2025-07-05,0.0,False,1,0.0,DINEIN1,0.0,0,0,-99.99,-10000000000,<NA>,0.0,0,3822,0,0,0,16:58:29.447,0.0,1,0,0.0,0,0,0,16:58:29.447,16:58:29.447
83,Manam,Manam SM Cebu,3823,0.0,0.0,42,0,102267,4,3,<NA>,17:15:14.693,2025-07-05,17:15:14.693,2025-07-05,True,False,1780.19,1780.19,109.98571428571428,-140.02,0,1,DINEIN1,1,False,183.04,0,False,17:15:14.693,2025-07-05,0.0,False,1,0.0,DINEIN1,0.0,0,0,-99.99,-10000000000,<NA>,0.0,0,3823,0,0,0,17:15:14.693,0.0,1,0,0.0,0,0,0,17:15:14.693,17:15:14.693
83,Manam,Manam SM Cebu,3824,0.0,0.0,0,0,102267,0,10,<NA>,18:22:27.193,2025-07-05,18:22:27.193,2025-07-05,True,False,265.0,265.0,28.39,0.0,0,1,FOODPANDA,1,False,0.0,0,False,18:22:27.193,2025-07-05,0.0,False,1,0.0,FOODPANDA,0.0,0,0,-99.99,-10000000000,<NA>,0.0,0,3824,0,0,0,18:22:27.193,0.0,1,0,0.0,0,0,0,18:22:27.193,18:22:27.193
83,Manam,Manam SM Cebu,3825,0.0,0.0,1,0,102267,2,3,<NA>,16:50:17.273,2025-07-05,16:50:17.273,2025-07-05,True,False,2175.0,2175.0,244.82,-173.42,0,1,DINEIN1,1,False,0.0,0,False,16:50:17.273,2025-07-05,0.0,False,1,0.0,DINEIN1,0.0,0,0,-99.99,-10000000000,<NA>,0.0,0,3825,0,0,0,16:50:17.273,0.0,1,0,0.0,0,0,0,16:50:17.273,16:50:17.273
83,Manam,Manam SM Cebu,3826,0.0,0.0,45,0,102267,9,3,<NA>,17:26:40.557,2025-07-05,17:26:40.557,2025-07-05,True,False,5140.0,5140.0,603.76,-427.66,0,1,DINEIN1,1,False,0.0,0,False,17:26:40.557,2025-07-05,0.0,False,1,0.0,DINEIN1,0.0,0,0,-99.99,-10000000000,<NA>,0.0,0,3826,0,0,0,17:26:40.557,0.0,1,0,0.0,0,0,0,17:26:40.557,17:26:40.557
83,Manam,Manam SM Cebu,3827,0.0,0.0,32,0,102267,5,1,<NA>,18:00:35.113,2025-07-05,18:00:35.113,2025-07-05,True,False,2275.0,2275.0,302.16,-214.02,0,1,DINEIN1,1,False,0.0,0,False,18:00:35.113,2025-07-05,0.0,False,1,0.0,DINEIN1,0.0,0,0,-99.99,-10000000000,<NA>,0.0,0,3827,0,0,0,18:00:35.113,0.0,1,0,0.0,0,0,0,18:00:35.113,18:00:35.113
83,Manam,Manam SM Cebu,3828,0.0,0.0,34,0,102267,4,3,<NA>,17:50:16.247,2025-07-05,17:50:16.247,2025-07-05,True,False,1825.62,1825.62,163.12714285714284,-146.36,0,1,DINEIN1,1,False,90.62,0,False,17:50:16.247,2025-07-05,0.0,False,1,0.0,DINEIN1,0.0,0,0,-99.99,-10000000000,<NA>,0.0,0,3828,0,0,0,17:50:16.247,0.0,1,0,0.0,0,0,0,17:50:16.247,17:50:16.247
83,Manam,Manam SM Cebu,3829,0.0,0.0,50,0,102267,7,3,<NA>,17:00:18.02,2025-07-05,17:00:18.02,2025-07-05,True,False,3659.1099999999997,3659.1099999999997,268.77714285714285,-303.57,0,1,DINEIN1,1,False,334.83,0,False,17:00:18.02,2025-07-05,0.0,False,1,0.0,DINEIN1,0.0,0,0,-99.99,-10000000000,<NA>,0.0,0,3829,0,0,0,17:00:18.02,0.0,1,0,0.0,0,0,0,17:00:18.02,17:00:18.02
83,Manam,Manam SM Cebu,3830,0.0,0.0,7,0,102267,6,3,<NA>,17:53:31.017,2025-07-05,17:53:31.017,2025-07-05,True,False,4410.0,4410.0,561.43,-397.68,0,1,DINEIN1,1,False,0.0,0,False,17:53:31.017,2025-07-05,0.0,False,1,0.0,DINEIN1,0.0,0,0,-99.99,-10000000000,<NA>,0.0,0,3830,0,0,0,17:53:31.017,0.0,1,0,0.0,0,0,0,17:53:31.017,17:53:31.017
83,Manam,Manam SM Cebu,3831,0.0,0.0,2,0,102267,4,3,<NA>,18:17:29.297,2025-07-05,18:17:29.297,2025-07-05,True,False,2125.0,2125.0,227.69,-161.27,0,1,DINEIN1,1,False,0.0,0,False,18:17:29.297,2025-07-05,0.0,False,1,0.0,DINEIN1,0.0,0,0,-99.99,-10000000000,<NA>,0.0,0,3831,0,0,0,18:17:29.297,0.0,1,0,0.0,0,0,0,18:17:29.297,18:17:29.297
83,Manam,Manam SM Cebu,3832,0.0,0.0,0,0,102267,0,10,<NA>,19:05:41.93,2025-07-05,19:05:41.93,2025-07-05,True,False,851.0,851.0,91.18,0.0,0,1,FOODPANDA,1,False,0.0,0,False,19:05:41.93,2025-07-05,0.0,False,1,0.0,FOODPANDA,0.0,0,0,-99.99,-10000000000,<NA>,0.0,0,3832,0,0,0,19:05:41.93,0.0,1,0,0.0,0,0,0,19:05:41.93,19:05:41.93
83,Manam,Manam SM Cebu,3833,0.0,0.0,20,0,102267,20,3,<NA>,18:05:08.487,2025-07-05,18:05:08.487,2025-07-05,True,False,4117.8,4117.8,1019.3414285714284,-967.72,0,1,DINEIN1,1,False,726.7,0,False,18:05:08.487,2025-07-05,0.0,False,1,0.0,DINEIN1,0.0,0,0,-99.99,-10000000000,<NA>,0.0,0,3833,0,0,0,18:05:08.487,0.0,1,0,0.0,0,0,0,18:05:08.487,18:05:08.487
83,Manam,Manam SM Cebu,3834,0.0,0.0,51,0,102267,6,1,<NA>,18:22:39.433,2025-07-05,18:22:39.433,2025-07-05,True,False,4140.0,4140.0,497.14,-352.14,0,1,DINEIN1,1,False,0.0,0,False,18:22:39.433,2025-07-05,0.0,False,1,0.0,DINEIN1,0.0,0,0,-99.99,-10000000000,<NA>,0.0,0,3834,0,0,0,18:22:39.433,0.0,1,0,0.0,0,0,0,18:22:39.433,18:22:39.433
83,Manam,Manam SM Cebu,3835,0.0,0.0,19,0,102267,5,3,<NA>,18:13:59.217,2025-07-05,18:13:59.217,2025-07-05,True,False,2705.0,2705.0,289.82,-205.29,0,1,DINEIN1,1,False,0.0,0,False,18:13:59.217,2025-07-05,0.0,False,1,0.0,DINEIN1,0.0,0,0,-99.99,-10000000000,<NA>,0.0,0,3835,0,0,0,18:13:59.217,0.0,1,0,0.0,0,0,0,18:13:59.217,18:13:59.217
83,Manam,Manam SM Cebu,3836,0.0,0.0,15,0,102267,3,3,<NA>,18:09:58.023,2025-07-05,18:09:58.023,2025-07-05,True,False,1750.17,1750.17,129.64142857142855,-128.56,0,1,DINEIN1,1,False,108.03,0,False,18:09:58.023,2025-07-05,0.0,False,1,0.0,DINEIN1,0.0,0,0,-99.99,-10000000000,<NA>,0.0,0,3836,0,0,0,18:09:58.023,0.0,1,0,0.0,0,0,0,18:09:58.023,18:09:58.023
83,Manam,Manam SM Cebu,3837,0.0,0.0,35,0,102267,3,1,<NA>,18:43:57.87,2025-07-05,18:43:57.87,2025-07-05,True,False,1550.0,1550.0,189.64,-134.33,0,1,DINEIN1,1,False,0.0,0,False,18:43:57.87,2025-07-05,0.0,False,1,0.0,DINEIN1,0.0,0,0,-99.99,-10000000000,<NA>,0.0,0,3837,0,0,0,18:43:57.87,0.0,1,0,0.0,0,0,0,18:43:57.87,18:43:57.87
83,Manam,Manam SM Cebu,3838,0.0,0.0,40,0,102267,6,3,<NA>,18:18:48.3,2025-07-05,18:18:48.3,2025-07-05,True,False,4592.67,4592.67,462.43285714285713,-379.28,0,1,DINEIN1,1,False,153.87,0,False,18:18:48.3,2025-07-05,0.0,False,1,0.0,DINEIN1,0.0,0,0,-99.99,-10000000000,<NA>,0.0,0,3838,0,0,0,18:18:48.3,0.0,1,0,0.0,0,0,0,18:18:48.3,18:18:48.3
83,Manam,Manam SM Cebu,3839,0.0,0.0,43,0,102267,4,3,<NA>,18:34:00.057,2025-07-05,18:34:00.057,2025-07-05,True,False,2280.89,2280.89,129.11142857142855,-164.61,0,1,DINEIN1,1,False,215.18,0,False,18:34:00.057,2025-07-05,0.0,False,1,0.0,DINEIN1,0.0,0,0,-99.99,-10000000000,<NA>,0.0,0,3839,0,0,0,18:34:00.057,0.0,1,0,0.0,0,0,0,18:34:00.057,18:34:00.057
83,Manam,Manam SM Cebu,3840,0.0,0.0,4,0,102267,6,3,10% LOYAL,18:07:28.817,2025-07-05,18:07:28.817,2025-07-05,True,False,3370.0,3370.0,324.98,-230.18,0,1,DINEIN1,1,False,337.0,0,False,18:07:28.817,2025-07-05,0.0,False,1,0.0,DINEIN1,0.0,0,0,-99.99,-10000000000,00076821,0.0,0,3840,0,0,0,18:07:28.817,0.0,1,0,0.0,0,0,0,18:07:28.817,18:07:28.817
83,Manam,Manam SM Cebu,3841,0.0,0.0,50,0,102267,7,1,<NA>,18:49:15.677,2025-07-05,18:49:15.677,2025-07-05,True,False,4360.0,4360.0,524.47,-371.5,0,1,DINEIN1,1,False,0.0,0,False,18:49:15.677,2025-07-05,0.0,False,1,0.0,DINEIN1,0.0,0,0,-99.99,-10000000000,<NA>,0.0,0,3841,0,0,0,18:49:15.677,0.0,1,0,0.0,0,0,0,18:49:15.677,18:49:15.677
83,Manam,Manam SM Cebu,3842,0.0,0.0,10,0,102267,8,3,<NA>,18:11:13.34,2025-07-05,18:11:13.34,2025-07-05,True,False,3390.0,3390.0,705.52,-499.75,0,1,DINEIN1,1,False,0.0,0,False,18:11:13.34,2025-07-05,0.0,False,1,0.0,DINEIN1,0.0,0,0,-99.99,-10000000000,<NA>,0.0,0,3842,0,0,0,18:11:13.34,0.0,1,0,0.0,0,0,0,18:11:13.34,18:11:13.34
83,Manam,Manam SM Cebu,3843,0.0,0.0,30,0,102267,10,3,<NA>,17:58:52.087,2025-07-05,17:58:52.087,2025-07-05,True,False,1965.0,1965.0,210.54,-149.13,0,1,DINEIN1,1,False,0.0,0,False,17:58:52.087,2025-07-05,0.0,False,1,0.0,DINEIN1,0.0,0,0,-99.99,-10000000000,<NA>,0.0,0,3843,0,0,0,17:58:52.087,0.0,1,0,0.0,0,0,0,17:58:52.087,17:58:52.087
83,Manam,Manam SM Cebu,3844,0.0,0.0,45,0,102267,4,3,<NA>,18:38:33.73,2025-07-05,18:38:33.73,2025-07-05,True,False,3720.13,3720.13,314.59,-282.26,0,1,DINEIN1,1,False,174.78,0,False,18:38:33.73,2025-07-05,0.0,False,1,0.0,DINEIN1,0.0,0,0,-99.99,-10000000000,<NA>,0.0,0,3844,0,0,0,18:38:33.73,0.0,1,0,0.0,0,0,0,18:38:33.73,18:38:33.73
83,Manam,Manam SM Cebu,3845,0.0,0.0,7,0,102267,5,3,<NA>,18:58:52.51,2025-07-05,18:58:52.51,2025-07-05,True,False,3118.82,3118.82,304.72,-259.01,0,1,DINEIN1,1,False,126.96,0,False,18:58:52.51,2025-07-05,0.0,False,1,0.0,DINEIN1,0.0,0,0,-99.99,-10000000000,<NA>,0.0,0,3845,0,0,0,18:58:52.51,0.0,1,0,0.0,0,0,0,18:58:52.51,18:58:52.51
83,Manam,Manam SM Cebu,3846,0.0,0.0,0,0,102267,0,12,<NA>,19:55:31.573,2025-07-05,19:55:31.573,2025-07-05,True,False,850.0,850.0,91.07,0.0,0,1,GRABFOOD,1,False,0.0,0,False,19:55:31.573,2025-07-05,0.0,False,1,0.0,GRABFOOD,0.0,0,0,-99.99,-10000000000,<NA>,0.0,0,3846,0,0,0,19:55:31.573,0.0,1,0,0.0,0,0,0,19:55:31.573,19:55:31.573
83,Manam,Manam SM Cebu,3847,0.0,0.0,51,0,102267,5,3,<NA>,19:14:23.343,2025-07-05,19:14:23.343,2025-07-05,True,False,2961.85,2961.85,273.24285714285713,-231.68,0,1,DINEIN1,1,False,113.57,0,False,19:14:23.343,2025-07-05,0.0,False,1,0.0,DINEIN1,0.0,0,0,-99.99,-10000000000,<NA>,0.0,0,3847,0,0,0,19:14:23.343,0.0,1,0,0.0,0,0,0,19:14:23.343,19:14:23.343
83,Manam,Manam SM Cebu,3848,0.0,0.0,1,0,102267,4,3,<NA>,19:02:50.393,2025-07-05,19:02:50.393,2025-07-05,True,False,2428.79,2428.79,83.09142857142858,-181.59,0,1,DINEIN1,1,False,377.01,0,False,19:02:50.393,2025-07-05,0.0,False,1,0.0,DINEIN1,0.0,0,0,-99.99,-10000000000,<NA>,0.0,0,3848,0,0,0,19:02:50.393,0.0,1,0,0.0,0,0,0,19:02:50.393,19:02:50.393
83,Manam,Manam SM Cebu,3849,0.0,0.0,35,0,102267,4,3,<NA>,19:20:20.49,2025-07-05,19:20:20.49,2025-07-05,True,False,2180.0,2180.0,233.57,-165.45,0,1,DINEIN1,1,False,0.0,0,False,19:20:20.49,2025-07-05,0.0,False,1,0.0,DINEIN1,0.0,0,0,-99.99,-10000000000,<NA>,0.0,0,3849,0,0,0,19:20:20.49,0.0,1,0,0.0,0,0,0,19:20:20.49,19:20:20.49
83,Manam,Manam SM Cebu,3850,0.0,0.0,0,0,102267,0,12,<NA>,20:16:51.19,2025-07-05,20:16:51.19,2025-07-05,True,False,225.0,225.0,24.11,0.0,0,1,GRABFOOD,1,False,0.0,0,False,20:16:51.19,2025-07-05,0.0,False,1,0.0,GRABFOOD,0.0,0,0,-99.99,-10000000000,<NA>,0.0,0,3850,0,0,0,20:16:51.19,0.0,1,0,0.0,0,0,0,20:16:51.19,20:16:51.19
83,Manam,Manam SM Cebu,3851,0.0,0.0,28,0,102267,8,3,<NA>,19:18:12.343,2025-07-05,19:18:12.343,2025-07-05,True,False,1965.8,1965.8,177.5885714285714,-159.33,0,1,DINEIN1,1,False,98.67,0,False,19:18:12.343,2025-07-05,0.0,False,1,0.0,DINEIN1,0.0,0,0,-99.99,-10000000000,<NA>,0.0,0,3851,0,0,0,19:18:12.343,0.0,1,0,0.0,0,0,0,19:18:12.343,19:18:12.343
83,Manam,Manam SM Cebu,3852,0.0,0.0,20,0,102267,2,1,<NA>,19:32:19.037,2025-07-05,19:32:19.037,2025-07-05,True,False,1575.0,1575.0,168.75,-119.53,0,1,DINEIN1,1,False,0.0,0,False,19:32:19.037,2025-07-05,0.0,False,1,0.0,DINEIN1,0.0,0,0,-99.99,-10000000000,<NA>,0.0,0,3852,0,0,0,19:32:19.037,0.0,1,0,0.0,0,0,0,19:32:19.037,19:32:19.037
83,Manam,Manam SM Cebu,3853,0.0,0.0,23,0,102267,2,3,<NA>,19:34:00.837,2025-07-05,19:34:00.837,2025-07-05,True,False,1430.0,1430.0,153.21,-108.53,0,1,DINEIN1,1,False,0.0,0,False,19:34:00.837,2025-07-05,0.0,False,1,0.0,DINEIN1,0.0,0,0,-99.99,-10000000000,<NA>,0.0,0,3853,0,0,0,19:34:00.837,0.0,1,0,0.0,0,0,0,19:34:00.837,19:34:00.837
83,Manam,Manam SM Cebu,3854,0.0,0.0,0,0,102267,0,10,<NA>,20:26:59.55,2025-07-05,20:26:59.55,2025-07-05,True,False,1460.0,1460.0,156.43,0.0,0,1,FOODPANDA,1,False,0.0,0,False,20:26:59.55,2025-07-05,0.0,False,1,0.0,FOODPANDA,0.0,0,0,-99.99,-10000000000,<NA>,0.0,0,3854,0,0,0,20:26:59.55,0.0,1,0,0.0,0,0,0,20:26:59.55,20:26:59.55
83,Manam,Manam SM Cebu,3855,0.0,0.0,0,0,102267,0,12,<NA>,20:29:01.837,2025-07-05,20:29:01.837,2025-07-05,True,False,2485.0,2485.0,266.26,0.0,0,1,GRABFOOD,1,False,0.0,0,False,20:29:01.837,2025-07-05,0.0,False,1,0.0,GRABFOOD,0.0,0,0,-99.99,-10000000000,<NA>,0.0,0,3855,0,0,0,20:29:01.837,0.0,1,0,0.0,0,0,0,20:29:01.837,20:29:01.837
83,Manam,Manam SM Cebu,3856,0.0,0.0,42,0,102267,3,1,<NA>,19:43:43.01,2025-07-05,19:43:43.01,2025-07-05,True,False,2270.0,2270.0,243.21,-172.28,0,1,DINEIN1,1,False,0.0,0,False,19:43:43.01,2025-07-05,0.0,False,1,0.0,DINEIN1,0.0,0,0,-99.99,-10000000000,<NA>,0.0,0,3856,0,0,0,19:43:43.01,0.0,1,0,0.0,0,0,0,19:43:43.01,19:43:43.01
83,Manam,Manam SM Cebu,3857,0.0,0.0,30,0,102267,7,3,<NA>,19:45:30.357,2025-07-05,19:45:30.357,2025-07-05,True,False,1933.48,1933.48,104.70714285714284,-149.9,0,1,DINEIN1,1,False,227.55,0,False,19:45:30.357,2025-07-05,0.0,False,1,0.0,DINEIN1,0.0,0,0,-99.99,-10000000000,<NA>,0.0,0,3857,0,0,0,19:45:30.357,0.0,1,0,0.0,0,0,0,19:45:30.357,19:45:30.357
83,Manam,Manam SM Cebu,3858,0.0,0.0,15,0,102267,2,3,<NA>,19:13:49.707,2025-07-05,19:13:49.707,2025-07-05,True,False,1145.0,1145.0,135.53,-96.0,0,1,DINEIN1,1,False,0.0,0,False,19:13:49.707,2025-07-05,0.0,False,1,0.0,DINEIN1,0.0,0,0,-99.99,-10000000000,<NA>,0.0,0,3858,0,0,0,19:13:49.707,0.0,1,0,0.0,0,0,0,19:13:49.707,19:13:49.707
83,Manam,Manam SM Cebu,3859,0.0,0.0,16,0,102267,10,3,<NA>,19:49:29.587,2025-07-05,19:49:29.587,2025-07-05,True,False,3979.9700000000003,3979.9700000000003,450.32142857142856,-347.33,0,1,DINEIN1,1,False,83.39,0,False,19:49:29.587,2025-07-05,0.0,False,1,0.0,DINEIN1,0.0,0,0,-99.99,-10000000000,<NA>,0.0,0,3859,0,0,0,19:49:29.587,0.0,1,0,0.0,0,0,0,19:49:29.587,19:49:29.587
83,Manam,Manam SM Cebu,3860,0.0,0.0,6,0,102267,2,1,<NA>,19:44:26.527,2025-07-05,19:44:26.527,2025-07-05,True,False,1275.0,1275.0,136.61,-96.76,0,1,DINEIN1,1,False,0.0,0,False,19:44:26.527,2025-07-05,0.0,False,1,0.0,DINEIN1,0.0,0,0,-99.99,-10000000000,<NA>,0.0,0,3860,0,0,0,19:44:26.527,0.0,1,0,0.0,0,0,0,19:44:26.527,19:44:26.527
83,Manam,Manam SM Cebu,3862,0.0,0.0,4,0,102267,2,3,<NA>,19:39:31.727,2025-07-05,19:39:31.727,2025-07-05,True,False,1770.0,1770.0,189.65,-134.33,0,1,DINEIN1,1,False,0.0,0,False,19:39:31.727,2025-07-05,0.0,False,1,0.0,DINEIN1,0.0,0,0,-99.99,-10000000000,<NA>,0.0,0,3862,0,0,0,19:39:31.727,0.0,1,0,0.0,0,0,0,19:39:31.727,19:39:31.727
83,Manam,Manam SM Cebu,3863,0.0,0.0,5,0,102267,2,3,<NA>,19:57:56.14,2025-07-05,19:57:56.14,2025-07-05,True,False,1675.0,1675.0,179.46,-127.12,0,1,DINEIN1,1,False,0.0,0,False,19:57:56.14,2025-07-05,0.0,False,1,0.0,DINEIN1,0.0,0,0,-99.99,-10000000000,<NA>,0.0,0,3863,0,0,0,19:57:56.14,0.0,1,0,0.0,0,0,0,19:57:56.14,19:57:56.14
83,Manam,Manam SM Cebu,3864,0.0,0.0,0,0,108013,0,1,<NA>,20:51:13.117,2025-07-05,20:51:13.117,2025-07-05,True,False,190.0,190.0,20.36,0.0,0,1,TAKEOUT,1,False,0.0,0,False,20:51:13.117,2025-07-05,0.0,False,1,0.0,TAKEOUT,0.0,0,0,-99.99,-10000000000,<NA>,0.0,0,3864,0,0,0,20:51:13.117,0.0,1,0,0.0,0,0,0,20:51:13.117,20:51:13.117
83,Manam,Manam SM Cebu,3865,0.0,0.0,22,0,102267,2,3,<NA>,20:18:54.397,2025-07-05,20:18:54.397,2025-07-05,True,False,1660.0,1660.0,177.85,-125.98,0,1,DINEIN1,1,False,0.0,0,False,20:18:54.397,2025-07-05,0.0,False,1,0.0,DINEIN1,0.0,0,0,-99.99,-10000000000,<NA>,0.0,0,3865,0,0,0,20:18:54.397,0.0,1,0,0.0,0,0,0,20:18:54.397,20:18:54.397
83,Manam,Manam SM Cebu,3866,0.0,0.0,51,0,102267,3,3,<NA>,20:12:44.507,2025-07-05,20:12:44.507,2025-07-05,True,False,1776.78,1776.78,146.43,-145.21,0,1,DINEIN1,1,False,122.02,0,False,20:12:44.507,2025-07-05,0.0,False,1,0.0,DINEIN1,0.0,0,0,-99.99,-10000000000,<NA>,0.0,0,3866,0,0,0,20:12:44.507,0.0,1,0,0.0,0,0,0,20:12:44.507,20:12:44.507
83,Manam,Manam SM Cebu,3867,0.0,0.0,11,0,102267,3,3,<NA>,20:04:36.887,2025-07-05,20:04:36.887,2025-07-05,True,False,2635.0,2635.0,282.33,-199.98,0,1,DINEIN1,1,False,0.0,0,False,20:04:36.887,2025-07-05,0.0,False,1,0.0,DINEIN1,0.0,0,0,-99.99,-10000000000,<NA>,0.0,0,3867,0,0,0,20:04:36.887,0.0,1,0,0.0,0,0,0,20:04:36.887,20:04:36.887
83,Manam,Manam SM Cebu,3868,0.0,0.0,10,0,102267,2,1,<NA>,20:04:33.587,2025-07-05,20:04:33.587,2025-07-05,True,False,1050.0,1050.0,121.6,-86.14,0,1,DINEIN1,1,False,0.0,0,False,20:04:33.587,2025-07-05,0.0,False,1,0.0,DINEIN1,0.0,0,0,-99.99,-10000000000,<NA>,0.0,0,3868,0,0,0,20:04:33.587,0.0,1,0,0.0,0,0,0,20:04:33.587,20:04:33.587
83,Manam,Manam SM Cebu,3869,0.0,0.0,20,0,102267,2,3,<NA>,20:31:48.913,2025-07-05,20:31:48.913,2025-07-05,True,False,845.0,845.0,90.54,-64.13,0,1,DINEIN1,1,False,0.0,0,False,20:31:48.913,2025-07-05,0.0,False,1,0.0,DINEIN1,0.0,0,0,-99.99,-10000000000,<NA>,0.0,0,3869,0,0,0,20:31:48.913,0.0,1,0,0.0,0,0,0,20:31:48.913,20:31:48.913
83,Manam,Manam SM Cebu,3871,0.0,0.0,0,0,102267,0,1,<NA>,17:28:08.007,2025-07-05,17:28:08.007,2025-07-05,True,False,0.0,0.0,0.0,0.0,0,1,ZR-MAN,1,False,0.0,0,False,17:28:08.007,2025-07-05,0.0,False,1,0.0,ZR-MAN,0.0,0,0,-99.99,-10000000000,<NA>,0.0,0,3871,0,0,0,17:28:08.007,0.0,1,0,0.0,0,0,0,17:28:08.007,17:28:08.007
83,Manam,Manam SM Cebu,3872,0.0,0.0,1,0,102267,0,1,<NA>,19:18:17.823,2025-07-05,19:18:17.823,2025-07-05,True,False,3040.0,3040.0,403.4,-285.74,0,1,DINEIN1,1,False,0.0,0,False,19:18:17.823,2025-07-05,0.0,False,1,0.0,DINEIN1,0.0,0,0,-99.99,-10000000000,<NA>,0.0,0,3872,0,0,0,19:18:17.823,0.0,1,0,0.0,0,0,0,19:18:17.823,19:18:17.823
83,Manam,Manam SM Cebu,3873,0.0,0.0,12,0,102267,2,3,<NA>,20:03:26.86,2025-07-05,20:03:26.86,2025-07-05,True,False,1085.0,1085.0,116.25,-82.34,0,1,DINEIN1,1,False,0.0,0,False,20:03:26.86,2025-07-05,0.0,False,1,0.0,DINEIN1,0.0,0,0,-99.99,-10000000000,<NA>,0.0,0,3873,0,0,0,20:03:26.86,0.0,1,0,0.0,0,0,0,20:03:26.86,20:03:26.86
83,Manam,Manam SM Cebu,3874,0.0,0.0,7,0,102267,5,3,<NA>,20:01:52.037,2025-07-05,20:01:52.037,2025-07-05,True,False,3010.0,3010.0,322.49,-228.44,0,1,DINEIN1,1,False,0.0,0,False,20:01:52.037,2025-07-05,0.0,False,1,0.0,DINEIN1,0.0,0,0,-99.99,-10000000000,<NA>,0.0,0,3874,0,0,0,20:01:52.037,0.0,1,0,0.0,0,0,0,20:01:52.037,20:01:52.037
83,Manam,Manam SM Cebu,3875,0.0,0.0,45,0,102267,20,3,<NA>,19:56:45.633,2025-07-05,19:56:45.633,2025-07-05,True,False,4630.14,4630.14,961.2885714285713,-852.92,0,1,DINEIN1,1,False,528.12,0,False,19:56:45.633,2025-07-05,0.0,False,1,0.0,DINEIN1,0.0,0,0,-99.99,-10000000000,<NA>,0.0,0,3875,0,0,0,19:56:45.633,0.0,1,0,0.0,0,0,0,19:56:45.633,19:56:45.633
83,Manam,Manam SM Cebu,3876,0.0,0.0,31,0,102267,3,1,<NA>,20:39:21.46,2025-07-05,20:39:21.46,2025-07-05,True,False,1442.38,1442.38,69.28,-127.6,0,1,DINEIN1,1,False,230.95,0,False,20:39:21.46,2025-07-05,0.0,False,1,0.0,DINEIN1,0.0,0,0,-99.99,-10000000000,<NA>,0.0,0,3876,0,0,0,20:39:21.46,0.0,1,0,0.0,0,0,0,20:39:21.46,20:39:21.46
83,Manam,Manam SM Cebu,3877,0.0,0.0,52,0,102267,3,3,<NA>,20:13:33.187,2025-07-05,20:13:33.187,2025-07-05,True,False,1735.0,1735.0,203.04,-143.82,0,1,DINEIN1,1,False,0.0,0,False,20:13:33.187,2025-07-05,0.0,False,1,0.0,DINEIN1,0.0,0,0,-99.99,-10000000000,<NA>,0.0,0,3877,0,0,0,20:13:33.187,0.0,1,0,0.0,0,0,0,20:13:33.187,20:13:33.187
83,Manam,Manam SM Cebu,3878,0.0,0.0,26,0,102267,13,3,<NA>,20:22:22.537,2025-07-05,20:22:22.537,2025-07-05,True,False,4980.45,4980.45,930.6142857142856,-754.71,0,1,DINEIN1,1,False,281.86,0,False,20:22:22.537,2025-07-05,0.0,False,1,0.0,DINEIN1,0.0,0,0,-99.99,-10000000000,<NA>,0.0,0,3878,0,0,0,20:22:22.537,0.0,1,0,0.0,0,0,0,20:22:22.537,20:22:22.537
83,Manam,Manam SM Cebu,3880,0.0,0.0,34,0,102267,3,3,<NA>,20:10:44.793,2025-07-05,20:10:44.793,2025-07-05,True,False,2255.0,2255.0,241.6,-171.14,0,1,DINEIN1,1,False,0.0,0,False,20:10:44.793,2025-07-05,0.0,False,1,0.0,DINEIN1,0.0,0,0,-99.99,-10000000000,<NA>,0.0,0,3880,0,0,0,20:10:44.793,0.0,1,0,0.0,0,0,0,20:10:44.793,20:10:44.793
83,Manam,Manam SM Cebu,3881,0.0,0.0,30,0,102267,2,3,<NA>,20:43:51.767,2025-07-05,20:43:51.767,2025-07-05,True,False,1215.0,1215.0,130.18,-92.21,0,1,DINEIN1,1,False,0.0,0,False,20:43:51.767,2025-07-05,0.0,False,1,0.0,DINEIN1,0.0,0,0,-99.99,-10000000000,<NA>,0.0,0,3881,0,0,0,20:43:51.767,0.0,1,0,0.0,0,0,0,20:43:51.767,20:43:51.767
83,Manam,Manam SM Cebu,3882,0.0,0.0,19,0,102267,3,3,<NA>,20:46:48.767,2025-07-05,20:46:48.767,2025-07-05,True,False,1665.0,1665.0,195.54,-138.5,0,1,DINEIN1,1,False,0.0,0,False,20:46:48.767,2025-07-05,0.0,False,1,0.0,DINEIN1,0.0,0,0,-99.99,-10000000000,<NA>,0.0,0,3882,0,0,0,20:46:48.767,0.0,1,0,0.0,0,0,0,20:46:48.767,20:46:48.767
83,Manam,Manam SM Cebu,3883,0.0,0.0,50,0,102267,6,3,<NA>,21:03:42.833,2025-07-05,21:03:42.833,2025-07-05,True,False,2067.5,2067.5,167.76428571428573,-163.63,0,1,DINEIN1,1,False,137.5,0,False,21:03:42.833,2025-07-05,0.0,False,1,0.0,DINEIN1,0.0,0,0,-99.99,-10000000000,<NA>,0.0,0,3883,0,0,0,21:03:42.833,0.0,1,0,0.0,0,0,0,21:03:42.833,21:03:42.833
83,Manam,Manam SM Cebu,3884,0.0,0.0,0,0,102267,0,1,<NA>,16:03:41.293,2025-07-05,16:03:41.293,2025-07-05,True,False,0.0,0.0,0.0,0.0,0,1,ZR-MAN,1,False,0.0,0,False,16:03:41.293,2025-07-05,0.0,False,1,0.0,ZR-MAN,0.0,0,0,-99.99,-10000000000,<NA>,0.0,0,3884,0,0,0,16:03:41.293,0.0,1,0,0.0,0,0,0,16:03:41.293,16:03:41.293
83,Manam,Manam SM Cebu,3885,0.0,0.0,41,0,102267,4,3,<NA>,20:34:53.653,2025-07-05,20:34:53.653,2025-07-05,True,False,2085.0,2085.0,223.4,-158.24,0,1,DINEIN1,1,False,0.0,0,False,20:34:53.653,2025-07-05,0.0,False,1,0.0,DINEIN1,0.0,0,0,-99.99,-10000000000,<NA>,0.0,0,3885,0,0,0,20:34:53.653,0.0,1,0,0.0,0,0,0,20:34:53.653,20:34:53.653
83,Manam,Manam SM Cebu,3886,0.0,0.0,16,0,102267,5,3,<NA>,20:48:20.66,2025-07-05,20:48:20.66,2025-07-05,True,False,2858.9,2858.9,266.7728571428571,-224.76,0,1,DINEIN1,1,False,110.18,0,False,20:48:20.66,2025-07-05,0.0,False,1,0.0,DINEIN1,0.0,0,0,-99.99,-10000000000,<NA>,0.0,0,3886,0,0,0,20:48:20.66,0.0,1,0,0.0,0,0,0,20:48:20.66,20:48:20.66
83,Manam,Manam SM Cebu,3887,0.0,0.0,14,0,102267,1,3,<NA>,21:31:11.357,2025-07-05,21:31:11.357,2025-07-05,True,False,615.0,615.0,65.89,-46.67,0,1,DINEIN1,1,False,0.0,0,False,21:31:11.357,2025-07-05,0.0,False,1,0.0,DINEIN1,0.0,0,0,-99.99,-10000000000,<NA>,0.0,0,3887,0,0,0,21:31:11.357,0.0,1,0,0.0,0,0,0,21:31:11.357,21:31:11.357
83,Manam,Manam SM Cebu,3888,0.0,0.0,15,0,102267,2,3,<NA>,20:59:21.087,2025-07-05,20:59:21.087,2025-07-05,True,False,1410.0,1410.0,151.08,-107.01,0,1,DINEIN1,1,False,0.0,0,False,20:59:21.087,2025-07-05,0.0,False,1,0.0,DINEIN1,0.0,0,0,-99.99,-10000000000,<NA>,0.0,0,3888,0,0,0,20:59:21.087,0.0,1,0,0.0,0,0,0,20:59:21.087,20:59:21.087
83,Manam,Manam SM Cebu,3889,0.0,0.0,10,0,102267,7,3,<NA>,21:11:29.02,2025-07-05,21:11:29.02,2025-07-05,True,False,2863.77,2863.77,277.34142857142854,-222.64,0,1,DINEIN1,1,False,77.04,0,False,21:11:29.02,2025-07-05,0.0,False,1,0.0,DINEIN1,0.0,0,0,-99.99,-10000000000,<NA>,0.0,0,3889,0,0,0,21:11:29.02,0.0,1,0,0.0,0,0,0,21:11:29.02,21:11:29.02
83,Manam,Manam SM Cebu,3890,0.0,0.0,1,0,102267,3,3,<NA>,21:26:39.61,2025-07-05,21:26:39.61,2025-07-05,True,False,1669.6299999999999,1669.6299999999999,0.0,-122.64,0,1,DINEIN1,1,False,360.71,0,False,21:26:39.61,2025-07-05,0.0,False,1,0.0,DINEIN1,0.0,0,0,-99.99,-10000000000,<NA>,0.0,0,3890,0,0,0,21:26:39.61,0.0,1,0,0.0,0,0,0,21:26:39.61,21:26:39.61
83,Manam,Manam SM Cebu,3891,0.0,0.0,20,0,102267,2,3,<NA>,21:09:07.07,2025-07-05,21:09:07.07,2025-07-05,True,False,915.17,915.17,0.0,-62.23,0,1,DINEIN1,1,False,183.03,0,False,21:09:07.07,2025-07-05,0.0,False,1,0.0,DINEIN1,0.0,0,0,-99.99,-10000000000,<NA>,0.0,0,3891,0,0,0,21:09:07.07,0.0,1,0,0.0,0,0,0,21:09:07.07,21:09:07.07
83,Manam,Manam SM Cebu,3892,0.0,0.0,7,0,102267,6,3,<NA>,21:25:25.127,2025-07-05,21:25:25.127,2025-07-05,True,False,2759.8199999999997,2759.8199999999997,250.89714285714285,-206.15,0,1,DINEIN1,1,False,83.63,0,False,21:25:25.127,2025-07-05,0.0,False,1,0.0,DINEIN1,0.0,0,0,-99.99,-10000000000,<NA>,0.0,0,3892,0,0,0,21:25:25.127,0.0,1,0,0.0,0,0,0,21:25:25.127,21:25:25.127
83,Manam,Manam SM Cebu,3893,0.0,0.0,3,0,102267,2,3,<NA>,21:32:54.983,2025-07-05,21:32:54.983,2025-07-05,True,False,1005.0,1005.0,107.67,-76.27,0,1,DINEIN1,1,False,0.0,0,False,21:32:54.983,2025-07-05,0.0,False,1,0.0,DINEIN1,0.0,0,0,-99.99,-10000000000,<NA>,0.0,0,3893,0,0,0,21:32:54.983,0.0,1,0,0.0,0,0,0,21:32:54.983,21:32:54.983
83,Manam,Manam SM Cebu,3894,0.0,0.0,32,0,102267,3,3,<NA>,21:34:19.397,2025-07-05,21:34:19.397,2025-07-05,True,False,1505.0,1505.0,161.25,-114.22,0,1,DINEIN1,1,False,0.0,0,False,21:34:19.397,2025-07-05,0.0,False,1,0.0,DINEIN1,0.0,0,0,-99.99,-10000000000,<NA>,0.0,0,3894,0,0,0,21:34:19.397,0.0,1,0,0.0,0,0,0,21:34:19.397,21:34:19.397
83,Manam,Manam SM Cebu,3895,0.0,0.0,5,0,102267,2,3,<NA>,20:51:07.85,2025-07-05,20:51:07.85,2025-07-05,True,False,888.39,888.39,0.0,-60.41,0,1,DINEIN1,1,False,177.68,0,False,20:51:07.85,2025-07-05,0.0,False,1,0.0,DINEIN1,0.0,0,0,-99.99,-10000000000,<NA>,0.0,0,3895,0,0,0,20:51:07.85,0.0,1,0,0.0,0,0,0,20:51:07.85,20:51:07.85
83,Manam,Manam SM Cebu,3896,0.0,0.0,51,0,102267,2,3,<NA>,21:16:09.467,2025-07-05,21:16:09.467,2025-07-05,True,False,2665.0,2665.0,304.29,-215.54,0,1,DINEIN1,1,False,0.0,0,False,21:16:09.467,2025-07-05,0.0,False,1,0.0,DINEIN1,0.0,0,0,-99.99,-10000000000,<NA>,0.0,0,3896,0,0,0,21:16:09.467,0.0,1,0,0.0,0,0,0,21:16:09.467,21:16:09.467
83,Manam,Manam SM Cebu,3897,0.0,0.0,4,0,102267,4,3,<NA>,20:51:07.85,2025-07-05,20:51:07.85,2025-07-05,True,False,2117.94,2117.94,135.8,-173.14,0,1,DINEIN1,1,False,226.34,0,False,20:51:07.85,2025-07-05,0.0,False,1,0.0,DINEIN1,0.0,0,0,-99.99,-10000000000,<NA>,0.0,0,3897,0,0,0,20:51:07.85,0.0,1,0,0.0,0,0,0,20:51:07.85,20:51:07.85
83,Manam,Manam SM Cebu,3898,0.0,0.0,22,0,102267,2,3,<NA>,21:02:50.473,2025-07-05,21:02:50.473,2025-07-05,True,False,1695.0,1695.0,181.61,-128.64,0,1,DINEIN1,1,False,0.0,0,False,21:02:50.473,2025-07-05,0.0,False,1,0.0,DINEIN1,0.0,0,0,-99.99,-10000000000,<NA>,0.0,0,3898,0,0,0,21:02:50.473,0.0,1,0,0.0,0,0,0,21:02:50.473,21:02:50.473
83,Manam,Manam SM Cebu,3899,0.0,0.0,40,0,102267,2,3,<NA>,21:39:22.9,2025-07-05,21:39:22.9,2025-07-05,True,False,1115.0,1115.0,128.56,-91.07,0,1,DINEIN1,1,False,0.0,0,False,21:39:22.9,2025-07-05,0.0,False,1,0.0,DINEIN1,0.0,0,0,-99.99,-10000000000,<NA>,0.0,0,3899,0,0,0,21:39:22.9,0.0,1,0,0.0,0,0,0,21:39:22.9,21:39:22.9
83,Manam,Manam SM Cebu,3900,0.0,0.0,45,0,102267,3,3,<NA>,21:40:24.383,2025-07-05,21:40:24.383,2025-07-05,True,False,3185.0,3185.0,357.32,-253.1,0,1,DINEIN1,1,False,0.0,0,False,21:40:24.383,2025-07-05,0.0,False,1,0.0,DINEIN1,0.0,0,0,-99.99,-10000000000,<NA>,0.0,0,3900,0,0,0,21:40:24.383,0.0,1,0,0.0,0,0,0,21:40:24.383,21:40:24.383
83,Manam,Manam SM Cebu,3913,0.0,0.0,0,0,100490,0,1,<NA>,09:58:35.79,2025-07-06,09:58:35.79,2025-07-06,True,False,595.0,595.0,63.75,0.0,0,1,TAKEOUT,1,False,0.0,0,False,09:58:35.79,2025-07-06,0.0,False,1,0.0,TAKEOUT,0.0,0,0,-99.99,-10000000000,<NA>,0.0,0,3913,0,0,0,09:58:35.79,0.0,1,0,0.0,0,0,0,09:58:35.79,09:58:35.79
83,Manam,Manam SM Cebu,3915,0.0,0.0,0,0,102267,0,12,<NA>,10:05:48.627,2025-07-06,10:05:48.627,2025-07-06,True,False,1805.0,1805.0,234.12,0.0,0,1,GRABFOOD,1,False,0.0,0,False,10:05:48.627,2025-07-06,0.0,False,1,0.0,GRABFOOD,0.0,0,0,-99.99,-10000000000,<NA>,0.0,0,3915,0,0,0,10:05:48.627,0.0,1,0,0.0,0,0,0,10:05:48.627,10:05:48.627
83,Manam,Manam SM Cebu,3916,0.0,0.0,0,0,102267,0,10,<NA>,10:09:08.907,2025-07-06,10:09:08.907,2025-07-06,True,False,526.0,526.0,56.36,0.0,0,1,FOODPANDA,1,False,0.0,0,False,10:09:08.907,2025-07-06,0.0,False,1,0.0,FOODPANDA,0.0,0,0,-99.99,-10000000000,<NA>,0.0,0,3916,0,0,0,10:09:08.907,0.0,1,0,0.0,0,0,0,10:09:08.907,10:09:08.907
83,Manam,Manam SM Cebu,3917,0.0,0.0,0,0,102267,0,12,<NA>,10:15:09.847,2025-07-06,10:15:09.847,2025-07-06,True,False,666.0,666.0,71.36,0.0,0,1,GRABFOOD,1,False,0.0,0,False,10:15:09.847,2025-07-06,0.0,False,1,0.0,GRABFOOD,0.0,0,0,-99.99,-10000000000,<NA>,0.0,0,3917,0,0,0,10:15:09.847,0.0,1,0,0.0,0,0,0,10:15:09.847,10:15:09.847
83,Manam,Manam SM Cebu,3918,0.0,0.0,0,0,102267,0,12,<NA>,10:23:16.753,2025-07-06,10:23:16.753,2025-07-06,True,False,1264.0,1264.0,135.43,0.0,0,1,GRABFOOD,1,False,0.0,0,False,10:23:16.753,2025-07-06,0.0,False,1,0.0,GRABFOOD,0.0,0,0,-99.99,-10000000000,<NA>,0.0,0,3918,0,0,0,10:23:16.753,0.0,1,0,0.0,0,0,0,10:23:16.753,10:23:16.753
83,Manam,Manam SM Cebu,3919,0.0,0.0,0,0,102267,0,12,<NA>,10:27:58.987,2025-07-06,10:27:58.987,2025-07-06,True,False,428.0,428.0,74.57,0.0,0,1,GRABFOOD,1,False,0.0,0,False,10:27:58.987,2025-07-06,0.0,False,1,0.0,GRABFOOD,0.0,0,0,-99.99,-10000000000,<NA>,0.0,0,3919,0,0,0,10:27:58.987,0.0,1,0,0.0,0,0,0,10:27:58.987,10:27:58.987
83,Manam,Manam SM Cebu,3920,0.0,0.0,0,0,102267,0,1,SNR-SOLO,10:43:51.003,2025-07-06,10:43:51.003,2025-07-06,True,False,495.53571,495.53571,0.0,0.0,0,1,TAKEOUT,1,False,99.11,0,False,10:43:51.003,2025-07-06,0.0,False,1,0.0,TAKEOUT,0.0,0,0,-99.99,-10000000000,<NA>,0.0,0,3920,0,0,0,10:43:51.003,0.0,1,0,0.0,0,0,0,10:43:51.003,10:43:51.003
83,Manam,Manam SM Cebu,3922,0.0,0.0,20,0,102267,2,3,<NA>,10:18:23.303,2025-07-06,10:18:23.303,2025-07-06,True,False,2615.0,2615.0,280.18,-198.46,0,1,DINEIN1,1,False,0.0,0,False,10:18:23.303,2025-07-06,0.0,False,1,0.0,DINEIN1,0.0,0,0,-99.99,-10000000000,<NA>,0.0,0,3922,0,0,0,10:18:23.303,0.0,1,0,0.0,0,0,0,10:18:23.303,10:18:23.303
83,Manam,Manam SM Cebu,3923,0.0,0.0,40,0,102267,4,3,<NA>,10:10:42.293,2025-07-06,10:10:42.293,2025-07-06,True,False,3993.95,3993.95,226.07285714285712,-288.24,0,1,DINEIN1,1,False,376.8,0,False,10:10:42.293,2025-07-06,0.0,False,1,0.0,DINEIN1,0.0,0,0,-99.99,-10000000000,<NA>,0.0,0,3923,0,0,0,10:10:42.293,0.0,1,0,0.0,0,0,0,10:10:42.293,10:10:42.293
83,Manam,Manam SM Cebu,3924,0.0,0.0,30,0,102267,5,3,<NA>,10:21:20.18,2025-07-06,10:21:20.18,2025-07-06,True,False,2481.89,2481.89,252.4257142857143,-214.56,0,1,DINEIN1,1,False,105.18,0,False,10:21:20.18,2025-07-06,0.0,False,1,0.0,DINEIN1,0.0,0,0,-99.99,-10000000000,<NA>,0.0,0,3924,0,0,0,10:21:20.18,0.0,1,0,0.0,0,0,0,10:21:20.18,10:21:20.18
83,Manam,Manam SM Cebu,3925,0.0,0.0,35,0,102267,3,3,<NA>,10:18:33.56,2025-07-06,10:18:33.56,2025-07-06,True,False,1880.35,1880.35,139.28714285714284,-138.12,0,1,DINEIN1,1,False,116.07,0,False,10:18:33.56,2025-07-06,0.0,False,1,0.0,DINEIN1,0.0,0,0,-99.99,-10000000000,<NA>,0.0,0,3925,0,0,0,10:18:33.56,0.0,1,0,0.0,0,0,0,10:18:33.56,10:18:33.56
83,Manam,Manam SM Cebu,3926,0.0,0.0,52,0,102267,3,3,<NA>,10:14:10.02,2025-07-06,10:14:10.02,2025-07-06,True,False,1485.0,1485.0,159.1,-112.7,0,1,DINEIN1,1,False,0.0,0,False,10:14:10.02,2025-07-06,0.0,False,1,0.0,DINEIN1,0.0,0,0,-99.99,-10000000000,<NA>,0.0,0,3926,0,0,0,10:14:10.02,0.0,1,0,0.0,0,0,0,10:14:10.02,10:14:10.02
83,Manam,Manam SM Cebu,3927,0.0,0.0,44,0,102267,4,1,<NA>,10:01:37.937,2025-07-06,10:01:37.937,2025-07-06,True,False,1665.0,1665.0,199.29,-141.16,0,1,DINEIN1,1,False,0.0,0,False,10:01:37.937,2025-07-06,0.0,False,1,0.0,DINEIN1,0.0,0,0,-99.99,-10000000000,<NA>,0.0,0,3927,0,0,0,10:01:37.937,0.0,1,0,0.0,0,0,0,10:01:37.937,10:01:37.937
83,Manam,Manam SM Cebu,3928,0.0,0.0,0,0,102267,0,12,<NA>,11:15:09.377,2025-07-06,11:15:09.377,2025-07-06,True,False,583.0,583.0,62.46,0.0,0,1,GRABFOOD,1,False,0.0,0,False,11:15:09.377,2025-07-06,0.0,False,1,0.0,GRABFOOD,0.0,0,0,-99.99,-10000000000,<NA>,0.0,0,3928,0,0,0,11:15:09.377,0.0,1,0,0.0,0,0,0,11:15:09.377,11:15:09.377
83,Manam,Manam SM Cebu,3929,0.0,0.0,4,0,102267,5,3,<NA>,10:08:38.157,2025-07-06,10:08:38.157,2025-07-06,True,False,4055.0,4055.0,463.93,-328.62,0,1,DINEIN1,1,False,0.0,0,False,10:08:38.157,2025-07-06,0.0,False,1,0.0,DINEIN1,0.0,0,0,-99.99,-10000000000,<NA>,0.0,0,3929,0,0,0,10:08:38.157,0.0,1,0,0.0,0,0,0,10:08:38.157,10:08:38.157
83,Manam,Manam SM Cebu,3930,0.0,0.0,21,0,102267,4,3,<NA>,10:34:38.45,2025-07-06,10:34:38.45,2025-07-06,True,False,2318.43,2318.43,215.75428571428571,-193.58,0,1,DINEIN1,1,False,119.86,0,False,10:34:38.45,2025-07-06,0.0,False,1,0.0,DINEIN1,0.0,0,0,-99.99,-10000000000,<NA>,0.0,0,3930,0,0,0,10:34:38.45,0.0,1,0,0.0,0,0,0,10:34:38.45,10:34:38.45
83,Manam,Manam SM Cebu,3931,0.0,0.0,9,0,102267,2,3,<NA>,10:26:47.71,2025-07-06,10:26:47.71,2025-07-06,True,False,2044.6399999999999,2044.6399999999999,0.0,-145.11,0,1,DINEIN1,1,False,426.78,0,False,10:26:47.71,2025-07-06,0.0,False,1,0.0,DINEIN1,0.0,0,0,-99.99,-10000000000,<NA>,0.0,0,3931,0,0,0,10:26:47.71,0.0,1,0,0.0,0,0,0,10:26:47.71,10:26:47.71
83,Manam,Manam SM Cebu,3932,0.0,0.0,0,0,102267,0,12,<NA>,11:23:28.103,2025-07-06,11:23:28.103,2025-07-06,True,False,1675.0,1675.0,179.46,0.0,0,1,GRABFOOD,1,False,0.0,0,False,11:23:28.103,2025-07-06,0.0,False,1,0.0,GRABFOOD,0.0,0,0,-99.99,-10000000000,<NA>,0.0,0,3932,0,0,0,11:23:28.103,0.0,1,0,0.0,0,0,0,11:23:28.103,11:23:28.103
83,Manam,Manam SM Cebu,3933,0.0,0.0,23,0,102267,5,3,<NA>,10:24:31.757,2025-07-06,10:24:31.757,2025-07-06,True,False,2175.18,2175.18,199.28714285714284,-169.39,0,1,DINEIN1,1,False,83.04,0,False,10:24:31.757,2025-07-06,0.0,False,1,0.0,DINEIN1,0.0,0,0,-99.99,-10000000000,<NA>,0.0,0,3933,0,0,0,10:24:31.757,0.0,1,0,0.0,0,0,0,10:24:31.757,10:24:31.757
83,Manam,Manam SM Cebu,3934,0.0,0.0,51,0,102267,3,3,<NA>,10:36:14.5,2025-07-06,10:36:14.5,2025-07-06,True,False,1500.0,1500.0,0.0,-102.0,0,1,DINEIN1,1,False,300.0,0,False,10:36:14.5,2025-07-06,0.0,False,1,0.0,DINEIN1,0.0,0,0,-99.99,-10000000000,<NA>,0.0,0,3934,0,0,0,10:36:14.5,0.0,1,0,0.0,0,0,0,10:36:14.5,10:36:14.5
83,Manam,Manam SM Cebu,3935,0.0,0.0,0,0,102267,0,12,<NA>,11:29:47.857,2025-07-06,11:29:47.857,2025-07-06,True,False,806.0,806.0,86.36,0.0,0,1,GRABFOOD,1,False,0.0,0,False,11:29:47.857,2025-07-06,0.0,False,1,0.0,GRABFOOD,0.0,0,0,-99.99,-10000000000,<NA>,0.0,0,3935,0,0,0,11:29:47.857,0.0,1,0,0.0,0,0,0,11:29:47.857,11:29:47.857
83,Manam,Manam SM Cebu,3936,0.0,0.0,15,0,102267,6,1,<NA>,10:44:19.107,2025-07-06,10:44:19.107,2025-07-06,True,False,1996.42,1996.42,76.78142857142858,-141.41,0,1,DINEIN1,1,False,255.95,0,False,10:44:19.107,2025-07-06,0.0,False,1,0.0,DINEIN1,0.0,0,0,-99.99,-10000000000,<NA>,0.0,0,3936,0,0,0,10:44:19.107,0.0,1,0,0.0,0,0,0,10:44:19.107,10:44:19.107
83,Manam,Manam SM Cebu,3937,0.0,0.0,10,0,102267,7,1,<NA>,10:30:14.13,2025-07-06,10:30:14.13,2025-07-06,True,False,4015.74,4015.74,423.37571428571425,-393.56,0,1,DINEIN1,1,False,280.62,0,False,10:30:14.13,2025-07-06,0.0,False,1,0.0,DINEIN1,0.0,0,0,-99.99,-10000000000,<NA>,0.0,0,3937,0,0,0,10:30:14.13,0.0,1,0,0.0,0,0,0,10:30:14.13,10:30:14.13
83,Manam,Manam SM Cebu,3938,0.0,0.0,0,0,102267,0,10,<NA>,11:35:21.663,2025-07-06,11:35:21.663,2025-07-06,True,False,4515.0,4515.0,675.54,0.0,0,1,FOODPANDA,1,False,0.0,0,False,11:35:21.663,2025-07-06,0.0,False,1,0.0,FOODPANDA,0.0,0,0,-99.99,-10000000000,<NA>,0.0,0,3938,0,0,0,11:35:21.663,0.0,1,0,0.0,0,0,0,11:35:21.663,11:35:21.663
83,Manam,Manam SM Cebu,3939,0.0,0.0,1,0,102267,4,3,<NA>,10:37:05.337,2025-07-06,10:37:05.337,2025-07-06,True,False,2105.0,2105.0,225.54,-159.75,0,1,DINEIN1,1,False,0.0,0,False,10:37:05.337,2025-07-06,0.0,False,1,0.0,DINEIN1,0.0,0,0,-99.99,-10000000000,<NA>,0.0,0,3939,0,0,0,10:37:05.337,0.0,1,0,0.0,0,0,0,10:37:05.337,10:37:05.337
83,Manam,Manam SM Cebu,3940,0.0,0.0,0,0,102267,0,10,<NA>,11:39:54.683,2025-07-06,11:39:54.683,2025-07-06,True,False,925.0,925.0,99.11,0.0,0,1,FOODPANDA,1,False,0.0,0,False,11:39:54.683,2025-07-06,0.0,False,1,0.0,FOODPANDA,0.0,0,0,-99.99,-10000000000,<NA>,0.0,0,3940,0,0,0,11:39:54.683,0.0,1,0,0.0,0,0,0,11:39:54.683,11:39:54.683
83,Manam,Manam SM Cebu,3941,0.0,0.0,7,0,102267,2,1,<NA>,10:26:00.17,2025-07-06,10:26:00.17,2025-07-06,True,False,1040.0,1040.0,111.42,-78.93,0,1,DINEIN1,1,False,0.0,0,False,10:26:00.17,2025-07-06,0.0,False,1,0.0,DINEIN1,0.0,0,0,-99.99,-10000000000,<NA>,0.0,0,3941,0,0,0,10:26:00.17,0.0,1,0,0.0,0,0,0,10:26:00.17,10:26:00.17
83,Manam,Manam SM Cebu,3942,0.0,0.0,0,0,102267,0,1,<NA>,11:42:57.597,2025-07-06,11:42:57.597,2025-07-06,True,False,0.0,0.0,0.0,0.0,0,1,ZR-COMP +,1,False,0.0,0,False,11:42:57.597,2025-07-06,0.0,False,1,0.0,ZR-COMP +,0.0,0,0,-99.99,-10000000000,<NA>,0.0,0,3942,0,0,0,11:42:57.597,0.0,1,0,0.0,0,0,0,11:42:57.597,11:42:57.597
83,Manam,Manam SM Cebu,3943,0.0,0.0,33,0,102267,2,3,<NA>,10:42:44.697,2025-07-06,10:42:44.697,2025-07-06,True,False,2035.0,2035.0,218.03,-154.44,0,1,DINEIN1,1,False,0.0,0,False,10:42:44.697,2025-07-06,0.0,False,1,0.0,DINEIN1,0.0,0,0,-99.99,-10000000000,<NA>,0.0,0,3943,0,0,0,10:42:44.697,0.0,1,0,0.0,0,0,0,10:42:44.697,10:42:44.697
83,Manam,Manam SM Cebu,3944,0.0,0.0,26,0,102267,6,1,<NA>,10:38:38.553,2025-07-06,10:38:38.553,2025-07-06,True,False,6322.16,6322.16,357.86,-456.27,0,1,DINEIN1,1,False,596.43,0,False,10:38:38.553,2025-07-06,0.0,False,1,0.0,DINEIN1,0.0,0,0,-99.99,-10000000000,<NA>,0.0,0,3944,0,0,0,10:38:38.553,0.0,1,0,0.0,0,0,0,10:38:38.553,10:38:38.553
83,Manam,Manam SM Cebu,3945,0.0,0.0,17,0,102267,6,3,<NA>,10:47:34.757,2025-07-06,10:47:34.757,2025-07-06,True,False,3425.7200000000003,3425.7200000000003,172.14428571428573,-317.03,0,1,DINEIN1,1,False,573.8,0,False,10:47:34.757,2025-07-06,0.0,False,1,0.0,DINEIN1,0.0,0,0,-99.99,-10000000000,<NA>,0.0,0,3945,0,0,0,10:47:34.757,0.0,1,0,0.0,0,0,0,10:47:34.757,10:47:34.757
83,Manam,Manam SM Cebu,3946,0.0,0.0,50,0,102267,6,1,<NA>,10:27:41.063,2025-07-06,10:27:41.063,2025-07-06,True,False,4800.360000000001,4800.360000000001,371.3471428571429,-366.21,0,1,DINEIN1,1,False,307.73,0,False,10:27:41.063,2025-07-06,0.0,False,1,0.0,DINEIN1,0.0,0,0,-99.99,-10000000000,<NA>,0.0,0,3946,0,0,0,10:27:41.063,0.0,1,0,0.0,0,0,0,10:27:41.063,10:27:41.063
83,Manam,Manam SM Cebu,3947,0.0,0.0,41,0,102267,6,3,<NA>,10:53:18.673,2025-07-06,10:53:18.673,2025-07-06,True,False,3521.6099999999997,3521.6099999999997,209.09857142857143,-265.7,0,1,DINEIN1,1,False,347.32,0,False,10:53:18.673,2025-07-06,0.0,False,1,0.0,DINEIN1,0.0,0,0,-99.99,-10000000000,<NA>,0.0,0,3947,0,0,0,10:53:18.673,0.0,1,0,0.0,0,0,0,10:53:18.673,10:53:18.673
83,Manam,Manam SM Cebu,3948,0.0,0.0,0,0,102267,0,3,<NA>,09:26:28.213,2025-07-06,09:26:28.213,2025-07-06,True,False,2975.0,2975.0,318.75,0.0,0,1,TAKEOUT,1,False,0.0,0,False,09:26:28.213,2025-07-06,0.0,False,1,0.0,TAKEOUT,0.0,0,0,-99.99,-10000000000,<NA>,0.0,0,3948,0,0,0,09:26:28.213,0.0,1,0,0.0,0,0,0,09:26:28.213,09:26:28.213
83,Manam,Manam SM Cebu,3949,0.0,0.0,23,0,102267,6,1,<NA>,11:23:43.787,2025-07-06,11:23:43.787,2025-07-06,True,False,2250.17,2250.17,189.6428571428571,-188.06,0,1,DINEIN1,1,False,158.03,0,False,11:23:43.787,2025-07-06,0.0,False,1,0.0,DINEIN1,0.0,0,0,-99.99,-10000000000,<NA>,0.0,0,3949,0,0,0,11:23:43.787,0.0,1,0,0.0,0,0,0,11:23:43.787,11:23:43.787
83,Manam,Manam SM Cebu,3950,0.0,0.0,31,0,102267,5,3,<NA>,11:08:15.59,2025-07-06,11:08:15.59,2025-07-06,True,False,3375.36,3375.36,178.92285714285714,-278.83,0,1,DINEIN1,1,False,447.32,0,False,11:08:15.59,2025-07-06,0.0,False,1,0.0,DINEIN1,0.0,0,0,-99.99,-10000000000,<NA>,0.0,0,3950,0,0,0,11:08:15.59,0.0,1,0,0.0,0,0,0,11:08:15.59,11:08:15.59
83,Manam,Manam SM Cebu,3951,0.0,0.0,9,0,102267,4,3,<NA>,11:26:50.573,2025-07-06,11:26:50.573,2025-07-06,True,False,1862.27,1862.27,54.23428571428571,-130.63,0,1,DINEIN1,1,False,271.21,0,False,11:26:50.573,2025-07-06,0.0,False,1,0.0,DINEIN1,0.0,0,0,-99.99,-10000000000,<NA>,0.0,0,3951,0,0,0,11:26:50.573,0.0,1,0,0.0,0,0,0,11:26:50.573,11:26:50.573
83,Manam,Manam SM Cebu,3952,0.0,0.0,45,0,102267,8,3,<NA>,11:13:35.833,2025-07-06,11:13:35.833,2025-07-06,True,False,5183.03,5183.03,361.60285714285715,-379.09,0,1,DINEIN1,1,False,361.61,0,False,11:13:35.833,2025-07-06,0.0,False,1,0.0,DINEIN1,0.0,0,0,-99.99,-10000000000,<NA>,0.0,0,3952,0,0,0,11:13:35.833,0.0,1,0,0.0,0,0,0,11:13:35.833,11:13:35.833
83,Manam,Manam SM Cebu,3953,0.0,0.0,35,0,102267,3,3,<NA>,11:15:24.127,2025-07-06,11:15:24.127,2025-07-06,True,False,2555.36,2555.36,189.29,-187.71,0,1,DINEIN1,1,False,157.74,0,False,11:15:24.127,2025-07-06,0.0,False,1,0.0,DINEIN1,0.0,0,0,-99.99,-10000000000,<NA>,0.0,0,3953,0,0,0,11:15:24.127,0.0,1,0,0.0,0,0,0,11:15:24.127,11:15:24.127
83,Manam,Manam SM Cebu,3954,0.0,0.0,10,0,102267,10,3,<NA>,11:37:08.32,2025-07-06,11:37:08.32,2025-07-06,True,False,4079.1800000000003,4079.1800000000003,502.3928571428571,-387.49,0,1,DINEIN1,1,False,93.04,0,False,11:37:08.32,2025-07-06,0.0,False,1,0.0,DINEIN1,0.0,0,0,-99.99,-10000000000,<NA>,0.0,0,3954,0,0,0,11:37:08.32,0.0,1,0,0.0,0,0,0,11:37:08.32,11:37:08.32
83,Manam,Manam SM Cebu,3955,0.0,0.0,7,0,102267,2,3,<NA>,11:52:50.44,2025-07-06,11:52:50.44,2025-07-06,True,False,650.0,650.0,69.64,-49.33,0,1,DINEIN1,1,False,0.0,0,False,11:52:50.44,2025-07-06,0.0,False,1,0.0,DINEIN1,0.0,0,0,-99.99,-10000000000,<NA>,0.0,0,3955,0,0,0,11:52:50.44,0.0,1,0,0.0,0,0,0,11:52:50.44,11:52:50.44
83,Manam,Manam SM Cebu,3956,0.0,0.0,51,0,102267,3,1,<NA>,11:33:29.587,2025-07-06,11:33:29.587,2025-07-06,True,False,1645.0,1645.0,193.93,-137.37,0,1,DINEIN1,1,False,0.0,0,False,11:33:29.587,2025-07-06,0.0,False,1,0.0,DINEIN1,0.0,0,0,-99.99,-10000000000,<NA>,0.0,0,3956,0,0,0,11:33:29.587,0.0,1,0,0.0,0,0,0,11:33:29.587,11:33:29.587
83,Manam,Manam SM Cebu,3957,0.0,0.0,5,0,102267,5,1,<NA>,11:11:05.727,2025-07-06,11:11:05.727,2025-07-06,True,False,4071.44,4071.44,0.0,-330.29,0,1,DINEIN1,1,False,971.43,0,False,11:11:05.727,2025-07-06,0.0,False,1,0.0,DINEIN1,0.0,0,0,-99.99,-10000000000,<NA>,0.0,0,3957,0,0,0,11:11:05.727,0.0,1,0,0.0,0,0,0,11:11:05.727,11:11:05.727
83,Manam,Manam SM Cebu,3958,0.0,0.0,15,0,102267,5,3,<NA>,11:39:44.227,2025-07-06,11:39:44.227,2025-07-06,True,False,2875.0,2875.0,308.04,-218.19,0,1,DINEIN1,1,False,0.0,0,False,11:39:44.227,2025-07-06,0.0,False,1,0.0,DINEIN1,0.0,0,0,-99.99,-10000000000,<NA>,0.0,0,3958,0,0,0,11:39:44.227,0.0,1,0,0.0,0,0,0,11:39:44.227,11:39:44.227
83,Manam,Manam SM Cebu,3959,0.0,0.0,20,0,102267,9,3,<NA>,11:24:55.177,2025-07-06,11:24:55.177,2025-07-06,True,False,7329.17,7329.17,740.3214285714284,-642.16,0,1,DINEIN1,1,False,351.4,0,False,11:24:55.177,2025-07-06,0.0,False,1,0.0,DINEIN1,0.0,0,0,-99.99,-10000000000,<NA>,0.0,0,3959,0,0,0,11:24:55.177,0.0,1,0,0.0,0,0,0,11:24:55.177,11:24:55.177
83,Manam,Manam SM Cebu,3960,0.0,0.0,28,0,102267,2,3,<NA>,12:01:07.203,2025-07-06,12:01:07.203,2025-07-06,True,False,1295.0,1295.0,147.86,-104.73,0,1,DINEIN1,1,False,0.0,0,False,12:01:07.203,2025-07-06,0.0,False,1,0.0,DINEIN1,0.0,0,0,-99.99,-10000000000,<NA>,0.0,0,3960,0,0,0,12:01:07.203,0.0,1,0,0.0,0,0,0,12:01:07.203,12:01:07.203
83,Manam,Manam SM Cebu,3961,0.0,0.0,1,0,102267,4,1,<NA>,11:43:38.867,2025-07-06,11:43:38.867,2025-07-06,True,False,2351.2,2351.2,76.76857142857142,-179.66,0,1,DINEIN1,1,False,372.99,0,False,11:43:38.867,2025-07-06,0.0,False,1,0.0,DINEIN1,0.0,0,0,-99.99,-10000000000,<NA>,0.0,0,3961,0,0,0,11:43:38.867,0.0,1,0,0.0,0,0,0,11:43:38.867,11:43:38.867
83,Manam,Manam SM Cebu,3962,0.0,0.0,3,0,102267,2,3,<NA>,11:54:29.917,2025-07-06,11:54:29.917,2025-07-06,True,False,1290.0,1290.0,138.22,-97.9,0,1,DINEIN1,1,False,0.0,0,False,11:54:29.917,2025-07-06,0.0,False,1,0.0,DINEIN1,0.0,0,0,-99.99,-10000000000,<NA>,0.0,0,3962,0,0,0,11:54:29.917,0.0,1,0,0.0,0,0,0,11:54:29.917,11:54:29.917
83,Manam,Manam SM Cebu,3964,0.0,0.0,23,0,102267,5,3,<NA>,11:46:40.437,2025-07-06,11:46:40.437,2025-07-06,True,False,1986.5,1986.5,174.00285714285715,-147.9,0,1,DINEIN1,1,False,72.5,0,False,11:46:40.437,2025-07-06,0.0,False,1,0.0,DINEIN1,0.0,0,0,-99.99,-10000000000,<NA>,0.0,0,3964,0,0,0,11:46:40.437,0.0,1,0,0.0,0,0,0,11:46:40.437,11:46:40.437
83,Manam,Manam SM Cebu,3966,0.0,0.0,50,0,102267,5,3,<NA>,12:09:55.92,2025-07-06,12:09:55.92,2025-07-06,True,False,3095.0,3095.0,395.9,-280.42,0,1,DINEIN1,1,False,0.0,0,False,12:09:55.92,2025-07-06,0.0,False,1,0.0,DINEIN1,0.0,0,0,-99.99,-10000000000,<NA>,0.0,0,3966,0,0,0,12:09:55.92,0.0,1,0,0.0,0,0,0,12:09:55.92,12:09:55.92
83,Manam,Manam SM Cebu,3969,0.0,0.0,26,0,102267,4,3,<NA>,11:53:27.2,2025-07-06,11:53:27.2,2025-07-06,True,False,2753.84,2753.84,173.59,-218.23,0,1,DINEIN1,1,False,285.28,0,False,11:53:27.2,2025-07-06,0.0,False,1,0.0,DINEIN1,0.0,0,0,-99.99,-10000000000,<NA>,0.0,0,3969,0,0,0,11:53:27.2,0.0,1,0,0.0,0,0,0,11:53:27.2,11:53:27.2
83,Manam,Manam SM Cebu,3970,0.0,0.0,52,0,102267,2,1,<NA>,12:25:48.16,2025-07-06,12:25:48.16,2025-07-06,True,False,1295.0,1295.0,138.75,-98.28,0,1,DINEIN1,1,False,0.0,0,False,12:25:48.16,2025-07-06,0.0,False,1,0.0,DINEIN1,0.0,0,0,-99.99,-10000000000,<NA>,0.0,0,3970,0,0,0,12:25:48.16,0.0,1,0,0.0,0,0,0,12:25:48.16,12:25:48.16
83,Manam,Manam SM Cebu,3973,0.0,0.0,9,0,102267,2,3,<NA>,12:14:53.273,2025-07-06,12:14:53.273,2025-07-06,True,False,2125.0,2125.0,227.68,-161.27,0,1,DINEIN1,1,False,0.0,0,False,12:14:53.273,2025-07-06,0.0,False,1,0.0,DINEIN1,0.0,0,0,-99.99,-10000000000,<NA>,0.0,0,3973,0,0,0,12:14:53.273,0.0,1,0,0.0,0,0,0,12:14:53.273,12:14:53.273
83,Manam,Manam SM Cebu,3974,0.0,0.0,44,0,102267,14,3,<NA>,12:10:56.83,2025-07-06,12:10:56.83,2025-07-06,True,False,8886.28,8886.28,957.1671428571428,-825.92,0,1,DINEIN1,1,False,435.08,0,False,12:10:56.83,2025-07-06,0.0,False,1,0.0,DINEIN1,0.0,0,0,-99.99,-10000000000,<NA>,0.0,0,3974,0,0,0,12:10:56.83,0.0,1,0,0.0,0,0,0,12:10:56.83,12:10:56.83
83,Manam,Manam SM Cebu,3975,0.0,0.0,10,0,102267,5,1,<NA>,12:26:41.753,2025-07-06,12:26:41.753,2025-07-06,True,False,2560.0,2560.0,293.05,-207.57,0,1,DINEIN1,1,False,0.0,0,False,12:26:41.753,2025-07-06,0.0,False,1,0.0,DINEIN1,0.0,0,0,-99.99,-10000000000,<NA>,0.0,0,3975,0,0,0,12:26:41.753,0.0,1,0,0.0,0,0,0,12:26:41.753,12:26:41.753
83,Manam,Manam SM Cebu,3976,0.0,0.0,30,0,102267,5,3,<NA>,12:13:45.67,2025-07-06,12:13:45.67,2025-07-06,True,False,2029.71,2029.71,47.56428571428571,-141.53,0,1,DINEIN1,1,False,317.15,0,False,12:13:45.67,2025-07-06,0.0,False,1,0.0,DINEIN1,0.0,0,0,-99.99,-10000000000,<NA>,0.0,0,3976,0,0,0,12:13:45.67,0.0,1,0,0.0,0,0,0,12:13:45.67,12:13:45.67
83,Manam,Manam SM Cebu,3977,0.0,0.0,33,0,102267,6,3,<NA>,12:33:46.057,2025-07-06,12:33:46.057,2025-07-06,True,False,2805.0,2805.0,312.31,-221.23,0,1,DINEIN1,1,False,0.0,0,False,12:33:46.057,2025-07-06,0.0,False,1,0.0,DINEIN1,0.0,0,0,-99.99,-10000000000,<NA>,0.0,0,3977,0,0,0,12:33:46.057,0.0,1,0,0.0,0,0,0,12:33:46.057,12:33:46.057
83,Manam,Manam SM Cebu,3978,0.0,0.0,16,0,102267,3,1,<NA>,12:37:07.087,2025-07-06,12:37:07.087,2025-07-06,True,False,2131.08,2131.08,157.85714285714283,-156.55,0,1,DINEIN1,1,False,131.56,0,False,12:37:07.087,2025-07-06,0.0,False,1,0.0,DINEIN1,0.0,0,0,-99.99,-10000000000,<NA>,0.0,0,3978,0,0,0,12:37:07.087,0.0,1,0,0.0,0,0,0,12:37:07.087,12:37:07.087
83,Manam,Manam SM Cebu,3979,0.0,0.0,0,0,102267,0,12,<NA>,13:32:59.05,2025-07-06,13:32:59.05,2025-07-06,True,False,438.0,438.0,46.93,0.0,0,1,GRABFOOD,1,False,0.0,0,False,13:32:59.05,2025-07-06,0.0,False,1,0.0,GRABFOOD,0.0,0,0,-99.99,-10000000000,<NA>,0.0,0,3979,0,0,0,13:32:59.05,0.0,1,0,0.0,0,0,0,13:32:59.05,13:32:59.05
83,Manam,Manam SM Cebu,3980,0.0,0.0,4,0,102267,4,1,<NA>,12:39:16.73,2025-07-06,12:39:16.73,2025-07-06,True,False,3875.0,3875.0,511.61,-362.39,0,1,DINEIN1,1,False,0.0,0,False,12:39:16.73,2025-07-06,0.0,False,1,0.0,DINEIN1,0.0,0,0,-99.99,-10000000000,<NA>,0.0,0,3980,0,0,0,12:39:16.73,0.0,1,0,0.0,0,0,0,12:39:16.73,12:39:16.73
83,Manam,Manam SM Cebu,3981,0.0,0.0,0,0,102267,0,12,<NA>,13:36:21.48,2025-07-06,13:36:21.48,2025-07-06,True,False,1935.0,1935.0,207.33,0.0,0,1,GRABFOOD,1,False,0.0,0,False,13:36:21.48,2025-07-06,0.0,False,1,0.0,GRABFOOD,0.0,0,0,-99.99,-10000000000,<NA>,0.0,0,3981,0,0,0,13:36:21.48,0.0,1,0,0.0,0,0,0,13:36:21.48,13:36:21.48
83,Manam,Manam SM Cebu,3982,0.0,0.0,12,0,102267,6,3,<NA>,12:29:02.167,2025-07-06,12:29:02.167,2025-07-06,True,False,2815.71,2815.71,321.5857142857143,-264.11,0,1,DINEIN1,1,False,107.14,0,False,12:29:02.167,2025-07-06,0.0,False,1,0.0,DINEIN1,0.0,0,0,-99.99,-10000000000,<NA>,0.0,0,3982,0,0,0,12:29:02.167,0.0,1,0,0.0,0,0,0,12:29:02.167,12:29:02.167
83,Manam,Manam SM Cebu,3983,0.0,0.0,20,0,102267,8,3,<NA>,12:38:38.72,2025-07-06,12:38:38.72,2025-07-06,True,False,3555.0,3555.0,570.52,-404.13,0,1,DINEIN1,1,False,0.0,0,False,12:38:38.72,2025-07-06,0.0,False,1,0.0,DINEIN1,0.0,0,0,-99.99,-10000000000,<NA>,0.0,0,3983,0,0,0,12:38:38.72,0.0,1,0,0.0,0,0,0,12:38:38.72,12:38:38.72
83,Manam,Manam SM Cebu,3984,0.0,0.0,27,0,102267,2,3,<NA>,12:42:06.96,2025-07-06,12:42:06.96,2025-07-06,True,False,1460.0,1460.0,168.21,-119.15,0,1,DINEIN1,1,False,0.0,0,False,12:42:06.96,2025-07-06,0.0,False,1,0.0,DINEIN1,0.0,0,0,-99.99,-10000000000,<NA>,0.0,0,3984,0,0,0,12:42:06.96,0.0,1,0,0.0,0,0,0,12:42:06.96,12:42:06.96
83,Manam,Manam SM Cebu,3985,0.0,0.0,24,0,102267,5,1,<NA>,12:53:54.86,2025-07-06,12:53:54.86,2025-07-06,True,False,3730.2799999999997,3730.2799999999997,87.42571428571429,-260.1,0,1,DINEIN1,1,False,582.85,0,False,12:53:54.86,2025-07-06,0.0,False,1,0.0,DINEIN1,0.0,0,0,-99.99,-10000000000,<NA>,0.0,0,3985,0,0,0,12:53:54.86,0.0,1,0,0.0,0,0,0,12:53:54.86,12:53:54.86
83,Manam,Manam SM Cebu,3986,0.0,0.0,51,0,102267,3,3,<NA>,12:32:58.967,2025-07-06,12:32:58.967,2025-07-06,True,False,2490.0,2490.0,283.94,-201.12,0,1,DINEIN1,1,False,0.0,0,False,12:32:58.967,2025-07-06,0.0,False,1,0.0,DINEIN1,0.0,0,0,-99.99,-10000000000,<NA>,0.0,0,3986,0,0,0,12:32:58.967,0.0,1,0,0.0,0,0,0,12:32:58.967,12:32:58.967
83,Manam,Manam SM Cebu,3987,0.0,0.0,50,0,102267,12,3,<NA>,13:02:24.257,2025-07-06,13:02:24.257,2025-07-06,True,False,5804.46,5804.46,527.6742857142857,-433.57,0,1,DINEIN1,1,False,175.89,0,False,13:02:24.257,2025-07-06,0.0,False,1,0.0,DINEIN1,0.0,0,0,-99.99,-10000000000,<NA>,0.0,0,3987,0,0,0,13:02:24.257,0.0,1,0,0.0,0,0,0,13:02:24.257,13:02:24.257
83,Manam,Manam SM Cebu,3988,0.0,0.0,26,0,102267,4,3,<NA>,13:16:00.91,2025-07-06,13:16:00.91,2025-07-06,True,False,2390.0,2390.0,267.85,-189.73,0,1,DINEIN1,1,False,0.0,0,False,13:16:00.91,2025-07-06,0.0,False,1,0.0,DINEIN1,0.0,0,0,-99.99,-10000000000,<NA>,0.0,0,3988,0,0,0,13:16:00.91,0.0,1,0,0.0,0,0,0,13:16:00.91,13:16:00.91
83,Manam,Manam SM Cebu,3989,0.0,0.0,1,0,102267,2,3,<NA>,12:47:25.843,2025-07-06,12:47:25.843,2025-07-06,True,False,2055.0,2055.0,220.17,-155.96,0,1,DINEIN1,1,False,0.0,0,False,12:47:25.843,2025-07-06,0.0,False,1,0.0,DINEIN1,0.0,0,0,-99.99,-10000000000,<NA>,0.0,0,3989,0,0,0,12:47:25.843,0.0,1,0,0.0,0,0,0,12:47:25.843,12:47:25.843
83,Manam,Manam SM Cebu,3990,0.0,0.0,42,0,102267,3,3,<NA>,13:14:34.223,2025-07-06,13:14:34.223,2025-07-06,True,False,2164.99,2164.99,97.49571428571429,-179.56,0,1,DINEIN1,1,False,325.01,0,False,13:14:34.223,2025-07-06,0.0,False,1,0.0,DINEIN1,0.0,0,0,-99.99,-10000000000,<NA>,0.0,0,3990,0,0,0,13:14:34.223,0.0,1,0,0.0,0,0,0,13:14:34.223,13:14:34.223
83,Manam,Manam SM Cebu,3991,0.0,0.0,10,0,102267,4,3,<NA>,13:22:37.837,2025-07-06,13:22:37.837,2025-07-06,True,False,2604.73,2604.73,225.8,-202.59,0,1,DINEIN1,1,False,125.45,0,False,13:22:37.837,2025-07-06,0.0,False,1,0.0,DINEIN1,0.0,0,0,-99.99,-10000000000,<NA>,0.0,0,3991,0,0,0,13:22:37.837,0.0,1,0,0.0,0,0,0,13:22:37.837,13:22:37.837
83,Manam,Manam SM Cebu,3992,0.0,0.0,43,0,102267,6,3,<NA>,13:17:19.577,2025-07-06,13:17:19.577,2025-07-06,True,False,2560.18,2560.18,239.6457142857143,-237.65,0,1,DINEIN1,1,False,199.71,0,False,13:17:19.577,2025-07-06,0.0,False,1,0.0,DINEIN1,0.0,0,0,-99.99,-10000000000,<NA>,0.0,0,3992,0,0,0,13:17:19.577,0.0,1,0,0.0,0,0,0,13:17:19.577,13:17:19.577
83,Manam,Manam SM Cebu,3993,0.0,0.0,26,0,102267,0,3,<NA>,14:20:17.497,2025-07-06,14:20:17.497,2025-07-06,True,False,2390.0,2390.0,-267.85,189.73,0,1,DINEIN1,1,False,0.0,0,False,14:20:17.497,2025-07-06,0.0,False,1,0.0,DINEIN1,0.0,0,0,-99.99,-10000000000,<NA>,0.0,0,3993,0,0,0,14:20:17.497,0.0,1,0,0.0,0,0,0,14:20:17.497,14:20:17.497
83,Manam,Manam SM Cebu,3994,0.0,0.0,7,0,102267,8,1,<NA>,13:25:43.75,2025-07-06,13:25:43.75,2025-07-06,True,False,4155.0,4155.0,495.53,-351.0,0,1,DINEIN1,1,False,0.0,0,False,13:25:43.75,2025-07-06,0.0,False,1,0.0,DINEIN1,0.0,0,0,-99.99,-10000000000,<NA>,0.0,0,3994,0,0,0,13:25:43.75,0.0,1,0,0.0,0,0,0,13:25:43.75,13:25:43.75
83,Manam,Manam SM Cebu,3995,0.0,0.0,0,0,102267,0,12,<NA>,14:23:44.973,2025-07-06,14:23:44.973,2025-07-06,True,False,268.0,268.0,28.71,0.0,0,1,GRABFOOD,1,False,0.0,0,False,14:23:44.973,2025-07-06,0.0,False,1,0.0,GRABFOOD,0.0,0,0,-99.99,-10000000000,<NA>,0.0,0,3995,0,0,0,14:23:44.973,0.0,1,0,0.0,0,0,0,14:23:44.973,14:23:44.973
83,Manam,Manam SM Cebu,3996,0.0,0.0,6,0,102267,2,3,<NA>,14:02:55.243,2025-07-06,14:02:55.243,2025-07-06,True,False,295.0,295.0,31.61,-22.39,0,1,DINEIN1,1,False,0.0,0,False,14:02:55.243,2025-07-06,0.0,False,1,0.0,DINEIN1,0.0,0,0,-99.99,-10000000000,<NA>,0.0,0,3996,0,0,0,14:02:55.243,0.0,1,0,0.0,0,0,0,14:02:55.243,14:02:55.243
83,Manam,Manam SM Cebu,3997,0.0,0.0,26,0,102267,0,3,<NA>,13:45:30.353,2025-07-06,13:45:30.353,2025-07-06,True,False,2735.0,2735.0,293.03,-207.57,0,1,DINEIN1,1,False,0.0,0,False,13:45:30.353,2025-07-06,0.0,False,1,0.0,DINEIN1,0.0,0,0,-99.99,-10000000000,<NA>,0.0,0,3997,0,0,0,13:45:30.353,0.0,1,0,0.0,0,0,0,13:45:30.353,13:45:30.353
83,Manam,Manam SM Cebu,3998,0.0,0.0,16,0,102267,3,3,<NA>,13:39:22.833,2025-07-06,13:39:22.833,2025-07-06,True,False,2142.85,2142.85,91.39571428571429,-163.12,0,1,DINEIN1,1,False,295.24,0,False,13:39:22.833,2025-07-06,0.0,False,1,0.0,DINEIN1,0.0,0,0,-99.99,-10000000000,<NA>,0.0,0,3998,0,0,0,13:39:22.833,0.0,1,0,0.0,0,0,0,13:39:22.833,13:39:22.833
83,Manam,Manam SM Cebu,3999,0.0,0.0,52,0,102267,3,3,<NA>,13:24:12.033,2025-07-06,13:24:12.033,2025-07-06,True,False,1035.0,1035.0,110.89,-78.55,0,1,DINEIN1,1,False,0.0,0,False,13:24:12.033,2025-07-06,0.0,False,1,0.0,DINEIN1,0.0,0,0,-99.99,-10000000000,<NA>,0.0,0,3999,0,0,0,13:24:12.033,0.0,1,0,0.0,0,0,0,13:24:12.033,13:24:12.033
83,Manam,Manam SM Cebu,4000,0.0,0.0,0,0,108013,0,1,<NA>,14:28:01.113,2025-07-06,14:28:01.113,2025-07-06,True,False,830.0,830.0,88.93,0.0,0,1,TAKEOUT,1,False,0.0,0,False,14:28:01.113,2025-07-06,0.0,False,1,0.0,TAKEOUT,0.0,0,0,-99.99,-10000000000,<NA>,0.0,0,4000,0,0,0,14:28:01.113,0.0,1,0,0.0,0,0,0,14:28:01.113,14:28:01.113
83,Manam,Manam SM Cebu,4001,0.0,0.0,30,0,100490,5,3,<NA>,13:32:23.473,2025-07-06,13:32:23.473,2025-07-06,True,False,2650.0,2650.0,313.4,-221.99,0,1,DINEIN1,1,False,0.0,0,False,13:32:23.473,2025-07-06,0.0,False,1,0.0,DINEIN1,0.0,0,0,-99.99,-10000000000,<NA>,0.0,0,4001,0,0,0,13:32:23.473,0.0,1,0,0.0,0,0,0,13:32:23.473,13:32:23.473
83,Manam,Manam SM Cebu,4002,0.0,0.0,0,0,100490,0,12,<NA>,14:43:25.647,2025-07-06,14:43:25.647,2025-07-06,True,False,170.0,170.0,18.21,0.0,0,1,GRABFOOD,1,False,0.0,0,False,14:43:25.647,2025-07-06,0.0,False,1,0.0,GRABFOOD,0.0,0,0,-99.99,-10000000000,<NA>,0.0,0,4002,0,0,0,14:43:25.647,0.0,1,0,0.0,0,0,0,14:43:25.647,14:43:25.647
83,Manam,Manam SM Cebu,4003,0.0,0.0,18,0,100490,3,1,<NA>,13:56:02.123,2025-07-06,13:56:02.123,2025-07-06,True,False,2140.0,2140.0,229.29,-162.41,0,1,DINEIN1,1,False,0.0,0,False,13:56:02.123,2025-07-06,0.0,False,1,0.0,DINEIN1,0.0,0,0,-99.99,-10000000000,<NA>,0.0,0,4003,0,0,0,13:56:02.123,0.0,1,0,0.0,0,0,0,13:56:02.123,13:56:02.123
83,Manam,Manam SM Cebu,4004,0.0,0.0,33,0,100490,5,3,<NA>,13:30:19.737,2025-07-06,13:30:19.737,2025-07-06,True,False,3705.0,3705.0,419.99,-297.5,0,1,DINEIN1,1,False,0.0,0,False,13:30:19.737,2025-07-06,0.0,False,1,0.0,DINEIN1,0.0,0,0,-99.99,-10000000000,<NA>,0.0,0,4004,0,0,0,13:30:19.737,0.0,1,0,0.0,0,0,0,13:30:19.737,13:30:19.737
83,Manam,Manam SM Cebu,4005,0.0,0.0,51,0,100490,2,1,<NA>,14:12:30.4,2025-07-06,14:12:30.4,2025-07-06,True,False,1055.0,1055.0,123.75,-87.66,0,1,DINEIN1,1,False,0.0,0,False,14:12:30.4,2025-07-06,0.0,False,1,0.0,DINEIN1,0.0,0,0,-99.99,-10000000000,<NA>,0.0,0,4005,0,0,0,14:12:30.4,0.0,1,0,0.0,0,0,0,14:12:30.4,14:12:30.4
83,Manam,Manam SM Cebu,4006,0.0,0.0,20,0,100490,8,3,<NA>,13:47:25.03,2025-07-06,13:47:25.03,2025-07-06,True,False,5957.58,5957.58,371.9028571428571,-472.32,0,1,DINEIN1,1,False,617.42,0,False,13:47:25.03,2025-07-06,0.0,False,1,0.0,DINEIN1,0.0,0,0,-99.99,-10000000000,<NA>,0.0,0,4006,0,0,0,13:47:25.03,0.0,1,0,0.0,0,0,0,13:47:25.03,13:47:25.03
83,Manam,Manam SM Cebu,4007,0.0,0.0,28,0,100490,3,3,<NA>,13:45:30.353,2025-07-06,13:45:30.353,2025-07-06,True,False,1598.76,1598.76,155.6757142857143,-151.23,0,1,DINEIN1,1,False,127.09,0,False,13:45:30.353,2025-07-06,0.0,False,1,0.0,DINEIN1,0.0,0,0,-99.99,-10000000000,<NA>,0.0,0,4007,0,0,0,13:45:30.353,0.0,1,0,0.0,0,0,0,13:45:30.353,13:45:30.353
83,Manam,Manam SM Cebu,4008,0.0,0.0,26,0,100490,3,1,<NA>,14:29:48.583,2025-07-06,14:29:48.583,2025-07-06,True,False,1020.0,1020.0,109.28,-77.41,0,1,DINEIN1,1,False,0.0,0,False,14:29:48.583,2025-07-06,0.0,False,1,0.0,DINEIN1,0.0,0,0,-99.99,-10000000000,<NA>,0.0,0,4008,0,0,0,14:29:48.583,0.0,1,0,0.0,0,0,0,14:29:48.583,14:29:48.583
83,Manam,Manam SM Cebu,4009,0.0,0.0,0,0,100490,0,12,<NA>,15:17:00.323,2025-07-06,15:17:00.323,2025-07-06,True,False,588.0,588.0,63.0,0.0,0,1,GRABFOOD,1,False,0.0,0,False,15:17:00.323,2025-07-06,0.0,False,1,0.0,GRABFOOD,0.0,0,0,-99.99,-10000000000,<NA>,0.0,0,4009,0,0,0,15:17:00.323,0.0,1,0,0.0,0,0,0,15:17:00.323,15:17:00.323
83,Manam,Manam SM Cebu,4010,0.0,0.0,10,0,100490,3,3,<NA>,14:18:14.52,2025-07-06,14:18:14.52,2025-07-06,True,False,1600.0,1600.0,171.43,-121.43,0,1,DINEIN1,1,False,0.0,0,False,14:18:14.52,2025-07-06,0.0,False,1,0.0,DINEIN1,0.0,0,0,-99.99,-10000000000,<NA>,0.0,0,4010,0,0,0,14:18:14.52,0.0,1,0,0.0,0,0,0,14:18:14.52,14:18:14.52
83,Manam,Manam SM Cebu,4011,0.0,0.0,50,0,100490,8,3,<NA>,14:07:10.22,2025-07-06,14:07:10.22,2025-07-06,True,False,5436.43,5436.43,475.71428571428567,-426.82,0,1,DINEIN1,1,False,264.29,0,False,14:07:10.22,2025-07-06,0.0,False,1,0.0,DINEIN1,0.0,0,0,-99.99,-10000000000,<NA>,0.0,0,4011,0,0,0,14:07:10.22,0.0,1,0,0.0,0,0,0,14:07:10.22,14:07:10.22
83,Manam,Manam SM Cebu,4012,0.0,0.0,23,0,100490,3,3,<NA>,14:16:31.803,2025-07-06,14:16:31.803,2025-07-06,True,False,2625.0,2625.0,281.25,-199.22,0,1,DINEIN1,1,False,0.0,0,False,14:16:31.803,2025-07-06,0.0,False,1,0.0,DINEIN1,0.0,0,0,-99.99,-10000000000,<NA>,0.0,0,4012,0,0,0,14:16:31.803,0.0,1,0,0.0,0,0,0,14:16:31.803,14:16:31.803
83,Manam,Manam SM Cebu,4013,0.0,0.0,0,0,100490,0,12,<NA>,15:23:54.997,2025-07-06,15:23:54.997,2025-07-06,True,False,855.0,855.0,91.62,0.0,0,1,GRABFOOD,1,False,0.0,0,False,15:23:54.997,2025-07-06,0.0,False,1,0.0,GRABFOOD,0.0,0,0,-99.99,-10000000000,<NA>,0.0,0,4013,0,0,0,15:23:54.997,0.0,1,0,0.0,0,0,0,15:23:54.997,15:23:54.997
83,Manam,Manam SM Cebu,4014,0.0,0.0,43,0,100490,8,3,<NA>,14:23:17.41,2025-07-06,14:23:17.41,2025-07-06,True,False,3640.0,3640.0,419.46,-297.12,0,1,DINEIN1,1,False,0.0,0,False,14:23:17.41,2025-07-06,0.0,False,1,0.0,DINEIN1,0.0,0,0,-99.99,-10000000000,<NA>,0.0,0,4014,0,0,0,14:23:17.41,0.0,1,0,0.0,0,0,0,14:23:17.41,14:23:17.41
83,Manam,Manam SM Cebu,4015,0.0,0.0,45,0,100490,2,3,<NA>,14:04:34.007,2025-07-06,14:04:34.007,2025-07-06,True,False,1245.0,1245.0,143.58,-101.7,0,1,DINEIN1,1,False,0.0,0,False,14:04:34.007,2025-07-06,0.0,False,1,0.0,DINEIN1,0.0,0,0,-99.99,-10000000000,<NA>,0.0,0,4015,0,0,0,14:04:34.007,0.0,1,0,0.0,0,0,0,14:04:34.007,14:04:34.007
83,Manam,Manam SM Cebu,4016,0.0,0.0,14,0,100490,5,1,<NA>,13:37:18.1,2025-07-06,13:37:18.1,2025-07-06,True,False,5052.29,5052.29,352.06857142857143,-379.13,0,1,DINEIN1,1,False,387.86,0,False,13:37:18.1,2025-07-06,0.0,False,1,0.0,DINEIN1,0.0,0,0,-99.99,-10000000000,<NA>,0.0,0,4016,0,0,0,13:37:18.1,0.0,1,0,0.0,0,0,0,13:37:18.1,13:37:18.1
83,Manam,Manam SM Cebu,4017,0.0,0.0,1,0,100490,5,3,<NA>,14:10:19.783,2025-07-06,14:10:19.783,2025-07-06,True,False,2665.0699999999997,2665.0699999999997,259.7157142857143,-220.75,0,1,DINEIN1,1,False,108.22,0,False,14:10:19.783,2025-07-06,0.0,False,1,0.0,DINEIN1,0.0,0,0,-99.99,-10000000000,<NA>,0.0,0,4017,0,0,0,14:10:19.783,0.0,1,0,0.0,0,0,0,14:10:19.783,14:10:19.783
83,Manam,Manam SM Cebu,4018,0.0,0.0,16,0,100490,3,3,<NA>,14:39:25.55,2025-07-06,14:39:25.55,2025-07-06,True,False,2255.0,2255.0,241.62,-171.14,0,1,DINEIN1,1,False,0.0,0,False,14:39:25.55,2025-07-06,0.0,False,1,0.0,DINEIN1,0.0,0,0,-99.99,-10000000000,<NA>,0.0,0,4018,0,0,0,14:39:25.55,0.0,1,0,0.0,0,0,0,14:39:25.55,14:39:25.55
83,Manam,Manam SM Cebu,4019,0.0,0.0,40,0,100490,3,1,<NA>,14:33:04.877,2025-07-06,14:33:04.877,2025-07-06,True,False,2255.0,2255.0,261.42,-185.18,0,1,DINEIN1,1,False,0.0,0,False,14:33:04.877,2025-07-06,0.0,False,1,0.0,DINEIN1,0.0,0,0,-99.99,-10000000000,<NA>,0.0,0,4019,0,0,0,14:33:04.877,0.0,1,0,0.0,0,0,0,14:33:04.877,14:33:04.877
83,Manam,Manam SM Cebu,4020,0.0,0.0,0,0,100490,0,12,<NA>,15:33:40.63,2025-07-06,15:33:40.63,2025-07-06,True,False,1205.0,1205.0,129.1,0.0,0,1,GRABFOOD,1,False,0.0,0,False,15:33:40.63,2025-07-06,0.0,False,1,0.0,GRABFOOD,0.0,0,0,-99.99,-10000000000,<NA>,0.0,0,4020,0,0,0,15:33:40.63,0.0,1,0,0.0,0,0,0,15:33:40.63,15:33:40.63
83,Manam,Manam SM Cebu,4021,0.0,0.0,0,0,100490,0,12,<NA>,15:35:34.193,2025-07-06,15:35:34.193,2025-07-06,True,False,335.0,335.0,35.89,0.0,0,1,GRABFOOD,1,False,0.0,0,False,15:35:34.193,2025-07-06,0.0,False,1,0.0,GRABFOOD,0.0,0,0,-99.99,-10000000000,<NA>,0.0,0,4021,0,0,0,15:35:34.193,0.0,1,0,0.0,0,0,0,15:35:34.193,15:35:34.193
83,Manam,Manam SM Cebu,4022,0.0,0.0,33,0,102267,2,3,<NA>,14:49:51.337,2025-07-06,14:49:51.337,2025-07-06,True,False,723.66,723.66,48.722857142857144,-59.08,0,1,DINEIN1,1,False,77.23,0,False,14:49:51.337,2025-07-06,0.0,False,1,0.0,DINEIN1,0.0,0,0,-99.99,-10000000000,<NA>,0.0,0,4022,0,0,0,14:49:51.337,0.0,1,0,0.0,0,0,0,14:49:51.337,14:49:51.337
83,Manam,Manam SM Cebu,4023,0.0,0.0,0,0,108015,0,3,<NA>,15:35:31.033,2025-07-06,15:35:31.033,2025-07-06,True,False,700.0,700.0,75.0,0.0,0,1,TAKEOUT,1,False,0.0,0,False,15:35:31.033,2025-07-06,0.0,False,1,0.0,TAKEOUT,0.0,0,0,-99.99,-10000000000,<NA>,0.0,0,4023,0,0,0,15:35:31.033,0.0,1,0,0.0,0,0,0,15:35:31.033,15:35:31.033
83,Manam,Manam SM Cebu,4024,0.0,0.0,28,0,102267,3,1,<NA>,15:01:32.853,2025-07-06,15:01:32.853,2025-07-06,True,False,1560.0,1560.0,167.14,-118.39,0,1,DINEIN1,1,False,0.0,0,False,15:01:32.853,2025-07-06,0.0,False,1,0.0,DINEIN1,0.0,0,0,-99.99,-10000000000,<NA>,0.0,0,4024,0,0,0,15:01:32.853,0.0,1,0,0.0,0,0,0,15:01:32.853,15:01:32.853
83,Manam,Manam SM Cebu,4025,0.0,0.0,21,0,102267,2,3,<NA>,15:09:05.55,2025-07-06,15:09:05.55,2025-07-06,True,False,1585.0,1585.0,169.83,-120.29,0,1,DINEIN1,1,False,0.0,0,False,15:09:05.55,2025-07-06,0.0,False,1,0.0,DINEIN1,0.0,0,0,-99.99,-10000000000,<NA>,0.0,0,4025,0,0,0,15:09:05.55,0.0,1,0,0.0,0,0,0,15:09:05.55,15:09:05.55
83,Manam,Manam SM Cebu,4027,0.0,0.0,20,0,102267,3,1,<NA>,14:47:00.96,2025-07-06,14:47:00.96,2025-07-06,True,False,4353.58,4353.58,394.61857142857144,-389.58,0,1,DINEIN1,1,False,327.38,0,False,14:47:00.96,2025-07-06,0.0,False,1,0.0,DINEIN1,0.0,0,0,-99.99,-10000000000,<NA>,0.0,0,4027,0,0,0,14:47:00.96,0.0,1,0,0.0,0,0,0,14:47:00.96,14:47:00.96
83,Manam,Manam SM Cebu,4029,0.0,0.0,18,0,102267,4,3,<NA>,15:00:15.087,2025-07-06,15:00:15.087,2025-07-06,True,False,2734.73,2734.73,225.80714285714285,-202.59,0,1,DINEIN1,1,False,125.45,0,False,15:00:15.087,2025-07-06,0.0,False,1,0.0,DINEIN1,0.0,0,0,-99.99,-10000000000,<NA>,0.0,0,4029,0,0,0,15:00:15.087,0.0,1,0,0.0,0,0,0,15:00:15.087,15:00:15.087
83,Manam,Manam SM Cebu,4030,0.0,0.0,51,0,102267,3,1,<NA>,15:02:50.037,2025-07-06,15:02:50.037,2025-07-06,True,False,1705.0,1705.0,182.67,-129.4,0,1,DINEIN1,1,False,0.0,0,False,15:02:50.037,2025-07-06,0.0,False,1,0.0,DINEIN1,0.0,0,0,-99.99,-10000000000,<NA>,0.0,0,4030,0,0,0,15:02:50.037,0.0,1,0,0.0,0,0,0,15:02:50.037,15:02:50.037
83,Manam,Manam SM Cebu,4031,0.0,0.0,35,0,102267,2,1,<NA>,14:50:15.153,2025-07-06,14:50:15.153,2025-07-06,True,False,2105.0,2105.0,225.55,-159.75,0,1,DINEIN1,1,False,0.0,0,False,14:50:15.153,2025-07-06,0.0,False,1,0.0,DINEIN1,0.0,0,0,-99.99,-10000000000,<NA>,0.0,0,4031,0,0,0,14:50:15.153,0.0,1,0,0.0,0,0,0,14:50:15.153,14:50:15.153
83,Manam,Manam SM Cebu,4032,0.0,0.0,7,0,102267,7,3,<NA>,14:25:49.59,2025-07-06,14:25:49.59,2025-07-06,True,False,5396.9400000000005,5396.9400000000005,558.3671428571429,-448.24,0,1,DINEIN1,1,False,155.1,0,False,14:25:49.59,2025-07-06,0.0,False,1,0.0,DINEIN1,0.0,0,0,-99.99,-10000000000,<NA>,0.0,0,4032,0,0,0,14:25:49.59,0.0,1,0,0.0,0,0,0,14:25:49.59,14:25:49.59
83,Manam,Manam SM Cebu,4033,0.0,0.0,31,0,102267,4,3,<NA>,14:51:54.747,2025-07-06,14:51:54.747,2025-07-06,True,False,2590.67,2590.67,222.98714285714283,-200.07,0,1,DINEIN1,1,False,123.89,0,False,14:51:54.747,2025-07-06,0.0,False,1,0.0,DINEIN1,0.0,0,0,-99.99,-10000000000,<NA>,0.0,0,4033,0,0,0,14:51:54.747,0.0,1,0,0.0,0,0,0,14:51:54.747,14:51:54.747
83,Manam,Manam SM Cebu,4034,0.0,0.0,52,0,102267,2,1,<NA>,14:40:54.927,2025-07-06,14:40:54.927,2025-07-06,True,False,1690.0,1690.0,181.08,-128.26,0,1,DINEIN1,1,False,0.0,0,False,14:40:54.927,2025-07-06,0.0,False,1,0.0,DINEIN1,0.0,0,0,-99.99,-10000000000,<NA>,0.0,0,4034,0,0,0,14:40:54.927,0.0,1,0,0.0,0,0,0,14:40:54.927,14:40:54.927
83,Manam,Manam SM Cebu,4035,0.0,0.0,4,0,102267,3,3,<NA>,13:40:55.627,2025-07-06,13:40:55.627,2025-07-06,True,False,1790.0,1790.0,191.79,-135.85,0,1,DINEIN1,1,False,0.0,0,False,13:40:55.627,2025-07-06,0.0,False,1,0.0,DINEIN1,0.0,0,0,-99.99,-10000000000,<NA>,0.0,0,4035,0,0,0,13:40:55.627,0.0,1,0,0.0,0,0,0,13:40:55.627,13:40:55.627
83,Manam,Manam SM Cebu,4036,0.0,0.0,0,0,102267,0,15,<NA>,16:04:42.117,2025-07-06,16:04:42.117,2025-07-06,True,False,4930.0,4930.0,528.22,0.0,0,1,MOFO,1,False,0.0,0,False,16:04:42.117,2025-07-06,0.0,False,1,0.0,MOFO,0.0,0,0,-99.99,-10000000000,<NA>,0.0,0,4036,0,0,0,16:04:42.117,0.0,1,0,0.0,0,0,0,16:04:42.117,16:04:42.117
83,Manam,Manam SM Cebu,4037,0.0,0.0,10,0,102267,3,3,<NA>,15:11:20.023,2025-07-06,15:11:20.023,2025-07-06,True,False,2325.0,2325.0,249.1,-176.45,0,1,DINEIN1,1,False,0.0,0,False,15:11:20.023,2025-07-06,0.0,False,1,0.0,DINEIN1,0.0,0,0,-99.99,-10000000000,<NA>,0.0,0,4037,0,0,0,15:11:20.023,0.0,1,0,0.0,0,0,0,15:11:20.023,15:11:20.023
83,Manam,Manam SM Cebu,4038,0.0,0.0,25,0,102267,2,1,<NA>,15:11:52.203,2025-07-06,15:11:52.203,2025-07-06,True,False,1880.0,1880.0,211.08,-149.51,0,1,DINEIN1,1,False,0.0,0,False,15:11:52.203,2025-07-06,0.0,False,1,0.0,DINEIN1,0.0,0,0,-99.99,-10000000000,<NA>,0.0,0,4038,0,0,0,15:11:52.203,0.0,1,0,0.0,0,0,0,15:11:52.203,15:11:52.203
83,Manam,Manam SM Cebu,4039,0.0,0.0,43,0,102267,2,3,<NA>,15:28:38.997,2025-07-06,15:28:38.997,2025-07-06,True,False,2345.0,2345.0,261.96,-185.56,0,1,DINEIN1,1,False,0.0,0,False,15:28:38.997,2025-07-06,0.0,False,1,0.0,DINEIN1,0.0,0,0,-99.99,-10000000000,<NA>,0.0,0,4039,0,0,0,15:28:38.997,0.0,1,0,0.0,0,0,0,15:28:38.997,15:28:38.997
83,Manam,Manam SM Cebu,4040,0.0,0.0,14,0,102267,4,3,<NA>,15:41:58.303,2025-07-06,15:41:58.303,2025-07-06,True,False,2430.0,2430.0,279.1,-197.7,0,1,DINEIN1,1,False,0.0,0,False,15:41:58.303,2025-07-06,0.0,False,1,0.0,DINEIN1,0.0,0,0,-99.99,-10000000000,<NA>,0.0,0,4040,0,0,0,15:41:58.303,0.0,1,0,0.0,0,0,0,15:41:58.303,15:41:58.303
83,Manam,Manam SM Cebu,4041,0.0,0.0,44,0,102267,3,3,<NA>,15:30:23.86,2025-07-06,15:30:23.86,2025-07-06,True,False,1735.72,1735.72,128.5742857142857,-127.5,0,1,DINEIN1,1,False,107.15,0,False,15:30:23.86,2025-07-06,0.0,False,1,0.0,DINEIN1,0.0,0,0,-99.99,-10000000000,<NA>,0.0,0,4041,0,0,0,15:30:23.86,0.0,1,0,0.0,0,0,0,15:30:23.86,15:30:23.86
83,Manam,Manam SM Cebu,4042,0.0,0.0,50,0,102267,5,1,<NA>,15:22:26.73,2025-07-06,15:22:26.73,2025-07-06,True,False,2590.4300000000003,2590.4300000000003,298.8442857142857,-253.55,0,1,DINEIN1,1,False,124.29,0,False,15:22:26.73,2025-07-06,0.0,False,1,0.0,DINEIN1,0.0,0,0,-99.99,-10000000000,<NA>,0.0,0,4042,0,0,0,15:22:26.73,0.0,1,0,0.0,0,0,0,15:22:26.73,15:22:26.73
83,Manam,Manam SM Cebu,4043,0.0,0.0,28,0,102267,2,3,<NA>,15:54:59.253,2025-07-06,15:54:59.253,2025-07-06,True,False,1815.0,1815.0,206.25,-146.09,0,1,DINEIN1,1,False,0.0,0,False,15:54:59.253,2025-07-06,0.0,False,1,0.0,DINEIN1,0.0,0,0,-99.99,-10000000000,<NA>,0.0,0,4043,0,0,0,15:54:59.253,0.0,1,0,0.0,0,0,0,15:54:59.253,15:54:59.253
83,Manam,Manam SM Cebu,4044,0.0,0.0,0,0,108001,0,3,<NA>,16:30:22.253,2025-07-06,16:30:22.253,2025-07-06,True,False,1286.07,1286.07,85.18,0.0,0,1,TAKEOUT,1,False,98.21,0,False,16:30:22.253,2025-07-06,0.0,False,1,0.0,TAKEOUT,0.0,0,0,-99.99,-10000000000,<NA>,0.0,0,4044,0,0,0,16:30:22.253,0.0,1,0,0.0,0,0,0,16:30:22.253,16:30:22.253
83,Manam,Manam SM Cebu,4045,0.0,0.0,1,0,102267,2,3,<NA>,15:43:04.027,2025-07-06,15:43:04.027,2025-07-06,True,False,2130.0,2130.0,237.33,-168.1,0,1,DINEIN1,1,False,0.0,0,False,15:43:04.027,2025-07-06,0.0,False,1,0.0,DINEIN1,0.0,0,0,-99.99,-10000000000,<NA>,0.0,0,4045,0,0,0,15:43:04.027,0.0,1,0,0.0,0,0,0,15:43:04.027,15:43:04.027
83,Manam,Manam SM Cebu,4046,0.0,0.0,16,0,102267,3,3,<NA>,15:40:43.57,2025-07-06,15:40:43.57,2025-07-06,True,False,2332.67,2332.67,185.86857142857144,-183.1,0,1,DINEIN1,1,False,153.87,0,False,15:40:43.57,2025-07-06,0.0,False,1,0.0,DINEIN1,0.0,0,0,-99.99,-10000000000,<NA>,0.0,0,4046,0,0,0,15:40:43.57,0.0,1,0,0.0,0,0,0,15:40:43.57,15:40:43.57
83,Manam,Manam SM Cebu,4047,0.0,0.0,20,0,102267,3,1,<NA>,15:56:02.37,2025-07-06,15:56:02.37,2025-07-06,True,False,1840.0,1840.0,207.86,-147.23,0,1,DINEIN1,1,False,0.0,0,False,15:56:02.37,2025-07-06,0.0,False,1,0.0,DINEIN1,0.0,0,0,-99.99,-10000000000,<NA>,0.0,0,4047,0,0,0,15:56:02.37,0.0,1,0,0.0,0,0,0,15:56:02.37,15:56:02.37
83,Manam,Manam SM Cebu,4048,0.0,0.0,11,0,102267,2,3,<NA>,15:44:24.77,2025-07-06,15:44:24.77,2025-07-06,True,False,940.0,940.0,116.78,-82.72,0,1,DINEIN1,1,False,0.0,0,False,15:44:24.77,2025-07-06,0.0,False,1,0.0,DINEIN1,0.0,0,0,-99.99,-10000000000,<NA>,0.0,0,4048,0,0,0,15:44:24.77,0.0,1,0,0.0,0,0,0,15:44:24.77,15:44:24.77
83,Manam,Manam SM Cebu,4049,0.0,0.0,40,0,102267,3,3,<NA>,15:50:31.473,2025-07-06,15:50:31.473,2025-07-06,True,False,1400.0,1400.0,150.01,-106.25,0,1,DINEIN1,1,False,0.0,0,False,15:50:31.473,2025-07-06,0.0,False,1,0.0,DINEIN1,0.0,0,0,-99.99,-10000000000,<NA>,0.0,0,4049,0,0,0,15:50:31.473,0.0,1,0,0.0,0,0,0,15:50:31.473,15:50:31.473
83,Manam,Manam SM Cebu,4050,0.0,0.0,10,0,102267,4,3,<NA>,16:13:08.89,2025-07-06,16:13:08.89,2025-07-06,True,False,1555.0,1555.0,166.61,-118.01,0,1,DINEIN1,1,False,0.0,0,False,16:13:08.89,2025-07-06,0.0,False,1,0.0,DINEIN1,0.0,0,0,-99.99,-10000000000,<NA>,0.0,0,4050,0,0,0,16:13:08.89,0.0,1,0,0.0,0,0,0,16:13:08.89,16:13:08.89
83,Manam,Manam SM Cebu,4051,0.0,0.0,23,0,102267,4,3,<NA>,15:37:53.587,2025-07-06,15:37:53.587,2025-07-06,True,False,4270.0,4270.0,457.51,-324.06,0,1,DINEIN1,1,False,0.0,0,False,15:37:53.587,2025-07-06,0.0,False,1,0.0,DINEIN1,0.0,0,0,-99.99,-10000000000,<NA>,0.0,0,4051,0,0,0,15:37:53.587,0.0,1,0,0.0,0,0,0,15:37:53.587,15:37:53.587
83,Manam,Manam SM Cebu,4052,0.0,0.0,0,0,102267,0,15,<NA>,16:31:36.3,2025-07-06,16:31:36.3,2025-07-06,True,False,1900.0,1900.0,203.56,0.0,0,1,MOFO,1,False,0.0,0,False,16:31:36.3,2025-07-06,0.0,False,1,0.0,MOFO,0.0,0,0,-99.99,-10000000000,<NA>,0.0,0,4052,0,0,0,16:31:36.3,0.0,1,0,0.0,0,0,0,16:31:36.3,16:31:36.3
83,Manam,Manam SM Cebu,4053,0.0,0.0,26,0,102267,2,1,<NA>,16:25:45.263,2025-07-06,16:25:45.263,2025-07-06,True,False,1660.0,1660.0,177.85,-125.98,0,1,DINEIN1,1,False,0.0,0,False,16:25:45.263,2025-07-06,0.0,False,1,0.0,DINEIN1,0.0,0,0,-99.99,-10000000000,<NA>,0.0,0,4053,0,0,0,16:25:45.263,0.0,1,0,0.0,0,0,0,16:25:45.263,16:25:45.263
83,Manam,Manam SM Cebu,4054,0.0,0.0,0,0,108015,0,3,SNR-SOLO,16:57:14.91,2025-07-06,16:57:14.91,2025-07-06,True,False,2383.9285600000003,2383.9285600000003,0.0,0.0,0,1,TAKEOUT,1,False,476.79,0,False,16:57:14.91,2025-07-06,0.0,False,1,0.0,TAKEOUT,0.0,0,0,-99.99,-10000000000,<NA>,0.0,0,4054,0,0,0,16:57:14.91,0.0,1,0,0.0,0,0,0,16:57:14.91,16:57:14.91
83,Manam,Manam SM Cebu,4055,0.0,0.0,18,0,102267,6,3,<NA>,16:10:51.067,2025-07-06,16:10:51.067,2025-07-06,True,False,2409.29,2409.29,256.16,-208.35,0,1,DINEIN1,1,False,84.52,0,False,16:10:51.067,2025-07-06,0.0,False,1,0.0,DINEIN1,0.0,0,0,-99.99,-10000000000,<NA>,0.0,0,4055,0,0,0,16:10:51.067,0.0,1,0,0.0,0,0,0,16:10:51.067,16:10:51.067
83,Manam,Manam SM Cebu,4056,0.0,0.0,0,0,102267,0,12,<NA>,17:32:28.43,2025-07-06,17:32:28.43,2025-07-06,True,False,415.0,415.0,44.46,0.0,0,1,GRABFOOD,1,False,0.0,0,False,17:32:28.43,2025-07-06,0.0,False,1,0.0,GRABFOOD,0.0,0,0,-99.99,-10000000000,<NA>,0.0,0,4056,0,0,0,17:32:28.43,0.0,1,0,0.0,0,0,0,17:32:28.43,17:32:28.43
83,Manam,Manam SM Cebu,4057,0.0,0.0,0,0,102267,0,12,<NA>,17:33:27.06,2025-07-06,17:33:27.06,2025-07-06,True,False,618.0,618.0,66.21,0.0,0,1,GRABFOOD,1,False,0.0,0,False,17:33:27.06,2025-07-06,0.0,False,1,0.0,GRABFOOD,0.0,0,0,-99.99,-10000000000,<NA>,0.0,0,4057,0,0,0,17:33:27.06,0.0,1,0,0.0,0,0,0,17:33:27.06,17:33:27.06
83,Manam,Manam SM Cebu,4058,0.0,0.0,7,0,102267,9,3,20% EMP,16:13:52.71,2025-07-06,16:13:52.71,2025-07-06,True,False,4835.0,4835.0,522.85,-370.36,0,1,DINEIN1,1,False,1220.0,0,False,16:13:52.71,2025-07-06,0.0,False,1,0.0,DINEIN1,0.0,0,0,-99.99,-10000000000,<NA>,0.0,0,4058,0,0,0,16:13:52.71,0.0,1,0,0.0,0,0,0,16:13:52.71,16:13:52.71
83,Manam,Manam SM Cebu,4059,0.0,0.0,30,0,102267,16,3,<NA>,16:03:51.457,2025-07-06,16:03:51.457,2025-07-06,True,False,5269.42,5269.42,989.5571428571429,-779.91,0,1,DINEIN1,1,False,235.27,0,False,16:03:51.457,2025-07-06,0.0,False,1,0.0,DINEIN1,0.0,0,0,-99.99,-10000000000,<NA>,0.0,0,4059,0,0,0,16:03:51.457,0.0,1,0,0.0,0,0,0,16:03:51.457,16:03:51.457
83,Manam,Manam SM Cebu,4060,0.0,0.0,0,0,102267,0,12,<NA>,17:36:18.387,2025-07-06,17:36:18.387,2025-07-06,True,False,2100.0,2100.0,225.0,0.0,0,1,GRABFOOD,1,False,0.0,0,False,17:36:18.387,2025-07-06,0.0,False,1,0.0,GRABFOOD,0.0,0,0,-99.99,-10000000000,<NA>,0.0,0,4060,0,0,0,17:36:18.387,0.0,1,0,0.0,0,0,0,17:36:18.387,17:36:18.387
83,Manam,Manam SM Cebu,4061,0.0,0.0,28,0,102267,2,3,<NA>,16:50:41.32,2025-07-06,16:50:41.32,2025-07-06,True,False,1640.0,1640.0,185.37,-131.29,0,1,DINEIN1,1,False,0.0,0,False,16:50:41.32,2025-07-06,0.0,False,1,0.0,DINEIN1,0.0,0,0,-99.99,-10000000000,<NA>,0.0,0,4061,0,0,0,16:50:41.32,0.0,1,0,0.0,0,0,0,16:50:41.32,16:50:41.32
83,Manam,Manam SM Cebu,4062,0.0,0.0,20,0,102267,8,3,<NA>,16:59:42.333,2025-07-06,16:59:42.333,2025-07-06,True,False,8201.9,8201.9,791.7185714285714,-624.89,0,1,DINEIN1,1,False,188.51,0,False,16:59:42.333,2025-07-06,0.0,False,1,0.0,DINEIN1,0.0,0,0,-99.99,-10000000000,<NA>,0.0,0,4062,0,0,0,16:59:42.333,0.0,1,0,0.0,0,0,0,16:59:42.333,16:59:42.333
83,Manam,Manam SM Cebu,4063,0.0,0.0,10,0,102267,4,3,<NA>,16:56:23.957,2025-07-06,16:56:23.957,2025-07-06,True,False,2673.48,2673.48,161.51571428571427,-205.94,0,1,DINEIN1,1,False,269.19,0,False,16:56:23.957,2025-07-06,0.0,False,1,0.0,DINEIN1,0.0,0,0,-99.99,-10000000000,<NA>,0.0,0,4063,0,0,0,16:56:23.957,0.0,1,0,0.0,0,0,0,16:56:23.957,16:56:23.957
83,Manam,Manam SM Cebu,4064,0.0,0.0,1,0,102267,2,1,<NA>,16:46:45.173,2025-07-06,16:46:45.173,2025-07-06,True,False,1005.0,1005.0,131.25,-92.97,0,1,DINEIN1,1,False,0.0,0,False,16:46:45.173,2025-07-06,0.0,False,1,0.0,DINEIN1,0.0,0,0,-99.99,-10000000000,<NA>,0.0,0,4064,0,0,0,16:46:45.173,0.0,1,0,0.0,0,0,0,16:46:45.173,16:46:45.173
83,Manam,Manam SM Cebu,4065,0.0,0.0,14,0,102267,4,1,<NA>,16:51:25.44,2025-07-06,16:51:25.44,2025-07-06,True,False,1104.6,1104.6,91.20285714285714,-81.83,0,1,DINEIN1,1,False,50.67,0,False,16:51:25.44,2025-07-06,0.0,False,1,0.0,DINEIN1,0.0,0,0,-99.99,-10000000000,<NA>,0.0,0,4065,0,0,0,16:51:25.44,0.0,1,0,0.0,0,0,0,16:51:25.44,16:51:25.44
83,Manam,Manam SM Cebu,4066,0.0,0.0,51,0,102267,8,3,<NA>,16:05:52.637,2025-07-06,16:05:52.637,2025-07-06,True,False,5820.58,5820.58,510.2028571428571,-456.02,0,1,DINEIN1,1,False,282.37,0,False,16:05:52.637,2025-07-06,0.0,False,1,0.0,DINEIN1,0.0,0,0,-99.99,-10000000000,<NA>,0.0,0,4066,0,0,0,16:05:52.637,0.0,1,0,0.0,0,0,0,16:05:52.637,16:05:52.637
83,Manam,Manam SM Cebu,4068,0.0,0.0,18,0,102267,4,1,<NA>,17:22:09.82,2025-07-06,17:22:09.82,2025-07-06,True,False,1995.0,1995.0,213.74,-151.41,0,1,DINEIN1,1,False,0.0,0,False,17:22:09.82,2025-07-06,0.0,False,1,0.0,DINEIN1,0.0,0,0,-99.99,-10000000000,<NA>,0.0,0,4068,0,0,0,17:22:09.82,0.0,1,0,0.0,0,0,0,17:22:09.82,17:22:09.82
83,Manam,Manam SM Cebu,4069,0.0,0.0,0,0,102267,0,15,<NA>,17:59:13.697,2025-07-06,17:59:13.697,2025-07-06,True,False,3625.0,3625.0,403.93,0.0,0,1,MOFO,1,False,0.0,0,False,17:59:13.697,2025-07-06,0.0,False,1,0.0,MOFO,0.0,0,0,-99.99,-10000000000,<NA>,0.0,0,4069,0,0,0,17:59:13.697,0.0,1,0,0.0,0,0,0,17:59:13.697,17:59:13.697
83,Manam,Manam SM Cebu,4070,0.0,0.0,25,0,102267,6,3,<NA>,17:09:04.847,2025-07-06,17:09:04.847,2025-07-06,True,False,2931.02,2931.02,293.88142857142856,-235.92,0,1,DINEIN1,1,False,81.63,0,False,17:09:04.847,2025-07-06,0.0,False,1,0.0,DINEIN1,0.0,0,0,-99.99,-10000000000,<NA>,0.0,0,4070,0,0,0,17:09:04.847,0.0,1,0,0.0,0,0,0,17:09:04.847,17:09:04.847
83,Manam,Manam SM Cebu,4071,0.0,0.0,5,0,102267,6,3,<NA>,17:06:20.477,2025-07-06,17:06:20.477,2025-07-06,True,False,4820.0,4820.0,535.19,-379.08,0,1,DINEIN1,1,False,0.0,0,False,17:06:20.477,2025-07-06,0.0,False,1,0.0,DINEIN1,0.0,0,0,-99.99,-10000000000,<NA>,0.0,0,4071,0,0,0,17:06:20.477,0.0,1,0,0.0,0,0,0,17:06:20.477,17:06:20.477
83,Manam,Manam SM Cebu,4072,0.0,0.0,50,0,102267,8,3,<NA>,16:44:20.143,2025-07-06,16:44:20.143,2025-07-06,True,False,4070.5299999999997,4070.5299999999997,269.64428571428573,-343.57,0,1,DINEIN1,1,False,449.11,0,False,16:44:20.143,2025-07-06,0.0,False,1,0.0,DINEIN1,0.0,0,0,-99.99,-10000000000,<NA>,0.0,0,4072,0,0,0,16:44:20.143,0.0,1,0,0.0,0,0,0,16:44:20.143,16:44:20.143
83,Manam,Manam SM Cebu,4073,0.0,0.0,3,0,102267,3,3,<NA>,16:48:28.17,2025-07-06,16:48:28.17,2025-07-06,True,False,2330.0,2330.0,267.33,-189.35,0,1,DINEIN1,1,False,0.0,0,False,16:48:28.17,2025-07-06,0.0,False,1,0.0,DINEIN1,0.0,0,0,-99.99,-10000000000,<NA>,0.0,0,4073,0,0,0,16:48:28.17,0.0,1,0,0.0,0,0,0,16:48:28.17,16:48:28.17
83,Manam,Manam SM Cebu,4074,0.0,0.0,0,0,102267,0,12,<NA>,18:13:17.35,2025-07-06,18:13:17.35,2025-07-06,True,False,350.0,350.0,37.5,0.0,0,1,GRABFOOD,1,False,0.0,0,False,18:13:17.35,2025-07-06,0.0,False,1,0.0,GRABFOOD,0.0,0,0,-99.99,-10000000000,<NA>,0.0,0,4074,0,0,0,18:13:17.35,0.0,1,0,0.0,0,0,0,18:13:17.35,18:13:17.35
83,Manam,Manam SM Cebu,4075,0.0,0.0,43,0,102267,6,3,10% LOYAL,16:35:37.133,2025-07-06,16:35:37.133,2025-07-06,True,False,5230.0,5230.0,504.33,-357.23,0,1,DINEIN1,1,False,523.0,0,False,16:35:37.133,2025-07-06,0.0,False,1,0.0,DINEIN1,0.0,0,0,-99.99,-10000000000,10472348,0.0,0,4075,0,0,0,16:35:37.133,0.0,1,0,0.0,0,0,0,16:35:37.133,16:35:37.133
83,Manam,Manam SM Cebu,4076,0.0,0.0,35,0,102267,6,1,<NA>,17:28:44.083,2025-07-06,17:28:44.083,2025-07-06,True,False,3332.76,3332.76,345.0885714285714,-283.55,0,1,DINEIN1,1,False,115.03,0,False,17:28:44.083,2025-07-06,0.0,False,1,0.0,DINEIN1,0.0,0,0,-99.99,-10000000000,<NA>,0.0,0,4076,0,0,0,17:28:44.083,0.0,1,0,0.0,0,0,0,17:28:44.083,17:28:44.083
83,Manam,Manam SM Cebu,4077,0.0,0.0,20,0,102267,6,3,<NA>,17:52:42.407,2025-07-06,17:52:42.407,2025-07-06,True,False,3080.0,3080.0,346.06,-245.13,0,1,DINEIN1,1,False,0.0,0,False,17:52:42.407,2025-07-06,0.0,False,1,0.0,DINEIN1,0.0,0,0,-99.99,-10000000000,<NA>,0.0,0,4077,0,0,0,17:52:42.407,0.0,1,0,0.0,0,0,0,17:52:42.407,17:52:42.407
83,Manam,Manam SM Cebu,4078,0.0,0.0,31,0,102267,10,3,10% LOYAL,17:23:13.437,2025-07-06,17:23:13.437,2025-07-06,True,False,4205.0,4205.0,456.6,-323.42,0,1,DINEIN1,1,False,473.5,0,False,17:23:13.437,2025-07-06,0.0,False,1,0.0,DINEIN1,0.0,0,0,-99.99,-10000000000,10468219,0.0,0,4078,0,0,0,17:23:13.437,0.0,1,0,0.0,0,0,0,17:23:13.437,17:23:13.437
83,Manam,Manam SM Cebu,4079,0.0,0.0,28,0,102267,2,1,<NA>,17:54:52.573,2025-07-06,17:54:52.573,2025-07-06,True,False,1845.53,1845.53,104.45714285714284,-133.2,0,1,DINEIN1,1,False,174.11,0,False,17:54:52.573,2025-07-06,0.0,False,1,0.0,DINEIN1,0.0,0,0,-99.99,-10000000000,<NA>,0.0,0,4079,0,0,0,17:54:52.573,0.0,1,0,0.0,0,0,0,17:54:52.573,17:54:52.573
83,Manam,Manam SM Cebu,4080,0.0,0.0,7,0,102267,7,3,<NA>,17:41:40.81,2025-07-06,17:41:40.81,2025-07-06,True,False,6795.0,6795.0,757.5,-536.56,0,1,DINEIN1,1,False,0.0,0,False,17:41:40.81,2025-07-06,0.0,False,1,0.0,DINEIN1,0.0,0,0,-99.99,-10000000000,<NA>,0.0,0,4080,0,0,0,17:41:40.81,0.0,1,0,0.0,0,0,0,17:41:40.81,17:41:40.81
83,Manam,Manam SM Cebu,4081,0.0,0.0,10,0,102267,4,1,<NA>,17:44:48.383,2025-07-06,17:44:48.383,2025-07-06,True,False,2875.0,2875.0,331.6,-234.89,0,1,DINEIN1,1,False,0.0,0,False,17:44:48.383,2025-07-06,0.0,False,1,0.0,DINEIN1,0.0,0,0,-99.99,-10000000000,<NA>,0.0,0,4081,0,0,0,17:44:48.383,0.0,1,0,0.0,0,0,0,17:44:48.383,17:44:48.383
83,Manam,Manam SM Cebu,4082,0.0,0.0,23,0,102267,2,3,<NA>,18:03:30.537,2025-07-06,18:03:30.537,2025-07-06,True,False,906.25,906.25,0.0,-61.63,0,1,DINEIN1,1,False,181.25,0,False,18:03:30.537,2025-07-06,0.0,False,1,0.0,DINEIN1,0.0,0,0,-99.99,-10000000000,<NA>,0.0,0,4082,0,0,0,18:03:30.537,0.0,1,0,0.0,0,0,0,18:03:30.537,18:03:30.537
83,Manam,Manam SM Cebu,4083,0.0,0.0,14,0,102267,8,1,<NA>,17:56:16.457,2025-07-06,17:56:16.457,2025-07-06,True,False,3657.3,3657.3,262.8328571428571,-275.53,0,1,DINEIN1,1,False,262.84,0,False,17:56:16.457,2025-07-06,0.0,False,1,0.0,DINEIN1,0.0,0,0,-99.99,-10000000000,<NA>,0.0,0,4083,0,0,0,17:56:16.457,0.0,1,0,0.0,0,0,0,17:56:16.457,17:56:16.457
83,Manam,Manam SM Cebu,4084,0.0,0.0,18,0,102267,3,3,<NA>,18:08:05.577,2025-07-06,18:08:05.577,2025-07-06,True,False,1225.71,1225.71,47.14857142857142,-86.82,0,1,DINEIN1,1,False,157.14,0,False,18:08:05.577,2025-07-06,0.0,False,1,0.0,DINEIN1,0.0,0,0,-99.99,-10000000000,<NA>,0.0,0,4084,0,0,0,18:08:05.577,0.0,1,0,0.0,0,0,0,18:08:05.577,18:08:05.577
83,Manam,Manam SM Cebu,4085,0.0,0.0,1,0,102267,2,3,<NA>,18:00:57.453,2025-07-06,18:00:57.453,2025-07-06,True,False,1765.0,1765.0,189.1,-133.95,0,1,DINEIN1,1,False,0.0,0,False,18:00:57.453,2025-07-06,0.0,False,1,0.0,DINEIN1,0.0,0,0,-99.99,-10000000000,<NA>,0.0,0,4085,0,0,0,18:00:57.453,0.0,1,0,0.0,0,0,0,18:00:57.453,18:00:57.453
83,Manam,Manam SM Cebu,4086,0.0,0.0,51,0,102267,7,3,<NA>,17:57:29.753,2025-07-06,17:57:29.753,2025-07-06,True,False,2749.76,2749.76,151.13857142857142,-220.82,0,1,DINEIN1,1,False,335.2,0,False,17:57:29.753,2025-07-06,0.0,False,1,0.0,DINEIN1,0.0,0,0,-99.99,-10000000000,<NA>,0.0,0,4086,0,0,0,17:57:29.753,0.0,1,0,0.0,0,0,0,17:57:29.753,17:57:29.753
83,Manam,Manam SM Cebu,4087,0.0,0.0,4,0,102267,5,3,<NA>,18:20:24.87,2025-07-06,18:20:24.87,2025-07-06,True,False,2765.0,2765.0,333.75,-236.41,0,1,DINEIN1,1,False,0.0,0,False,18:20:24.87,2025-07-06,0.0,False,1,0.0,DINEIN1,0.0,0,0,-99.99,-10000000000,<NA>,0.0,0,4087,0,0,0,18:20:24.87,0.0,1,0,0.0,0,0,0,18:20:24.87,18:20:24.87
83,Manam,Manam SM Cebu,4088,0.0,0.0,25,0,102267,7,6,<NA>,18:05:13.52,2025-07-06,18:05:13.52,2025-07-06,True,False,4845.0,4845.0,519.11,-367.7,0,1,DINEIN1,1,False,0.0,0,False,18:05:13.52,2025-07-06,0.0,False,1,0.0,DINEIN1,0.0,0,0,-99.99,-10000000000,<NA>,0.0,0,4088,0,0,0,18:05:13.52,0.0,1,0,0.0,0,0,0,18:05:13.52,18:05:13.52
83,Manam,Manam SM Cebu,4089,0.0,0.0,44,0,102267,8,3,<NA>,18:18:12.9,2025-07-06,18:18:12.9,2025-07-06,True,False,6778.82,6778.82,708.2814285714286,-559.04,0,1,DINEIN1,1,False,168.64,0,False,18:18:12.9,2025-07-06,0.0,False,1,0.0,DINEIN1,0.0,0,0,-99.99,-10000000000,<NA>,0.0,0,4089,0,0,0,18:18:12.9,0.0,1,0,0.0,0,0,0,18:18:12.9,18:18:12.9
83,Manam,Manam SM Cebu,4090,0.0,0.0,35,0,102267,3,3,<NA>,18:31:39.83,2025-07-06,18:31:39.83,2025-07-06,True,False,1345.18,1345.18,99.64285714285714,-98.81,0,1,DINEIN1,1,False,83.04,0,False,18:31:39.83,2025-07-06,0.0,False,1,0.0,DINEIN1,0.0,0,0,-99.99,-10000000000,<NA>,0.0,0,4090,0,0,0,18:31:39.83,0.0,1,0,0.0,0,0,0,18:31:39.83,18:31:39.83
83,Manam,Manam SM Cebu,4091,0.0,0.0,0,0,102267,0,3,<NA>,18:24:33.897,2025-07-06,18:24:33.897,2025-07-06,True,False,1575.0,1575.0,168.75,0.0,0,1,TAKEOUT,1,False,0.0,0,False,18:24:33.897,2025-07-06,0.0,False,1,0.0,TAKEOUT,0.0,0,0,-99.99,-10000000000,<NA>,0.0,0,4091,0,0,0,18:24:33.897,0.0,1,0,0.0,0,0,0,18:24:33.897,18:24:33.897
83,Manam,Manam SM Cebu,4092,0.0,0.0,50,0,102267,5,3,<NA>,18:13:46.44,2025-07-06,18:13:46.44,2025-07-06,True,False,2023.31,2023.31,109.07857142857142,-169.97,0,1,DINEIN1,1,False,272.68,0,False,18:13:46.44,2025-07-06,0.0,False,1,0.0,DINEIN1,0.0,0,0,-99.99,-10000000000,<NA>,0.0,0,4092,0,0,0,18:13:46.44,0.0,1,0,0.0,0,0,0,18:13:46.44,18:13:46.44
83,Manam,Manam SM Cebu,4093,0.0,0.0,30,0,102267,7,3,<NA>,18:36:14.017,2025-07-06,18:36:14.017,2025-07-06,True,False,4026.79,4026.79,345.5342857142857,-323.07,0,1,DINEIN1,1,False,230.36,0,False,18:36:14.017,2025-07-06,0.0,False,1,0.0,DINEIN1,0.0,0,0,-99.99,-10000000000,<NA>,0.0,0,4093,0,0,0,18:36:14.017,0.0,1,0,0.0,0,0,0,18:36:14.017,18:36:14.017
83,Manam,Manam SM Cebu,4094,0.0,0.0,0,0,100490,0,1,<NA>,19:27:20.667,2025-07-06,19:27:20.667,2025-07-06,True,False,1417.32,1417.32,221.25,0.0,0,1,TAKEOUT,1,False,29.46,0,False,19:27:20.667,2025-07-06,0.0,False,1,0.0,TAKEOUT,0.0,0,0,-99.99,-10000000000,<NA>,0.0,0,4094,0,0,0,19:27:20.667,0.0,1,0,0.0,0,0,0,19:27:20.667,19:27:20.667
83,Manam,Manam SM Cebu,4095,0.0,0.0,21,0,102267,6,3,<NA>,18:34:40.49,2025-07-06,18:34:40.49,2025-07-06,True,False,2666.25,2666.25,197.50142857142856,-195.86,0,1,DINEIN1,1,False,164.59,0,False,18:34:40.49,2025-07-06,0.0,False,1,0.0,DINEIN1,0.0,0,0,-99.99,-10000000000,<NA>,0.0,0,4095,0,0,0,18:34:40.49,0.0,1,0,0.0,0,0,0,18:34:40.49,18:34:40.49
83,Manam,Manam SM Cebu,4096,0.0,0.0,28,0,102267,3,3,<NA>,18:44:40.647,2025-07-06,18:44:40.647,2025-07-06,True,False,1730.0,1730.0,214.29,-151.79,0,1,DINEIN1,1,False,0.0,0,False,18:44:40.647,2025-07-06,0.0,False,1,0.0,DINEIN1,0.0,0,0,-99.99,-10000000000,<NA>,0.0,0,4096,0,0,0,18:44:40.647,0.0,1,0,0.0,0,0,0,18:44:40.647,18:44:40.647
83,Manam,Manam SM Cebu,4097,0.0,0.0,11,0,102267,4,3,<NA>,18:49:38.81,2025-07-06,18:49:38.81,2025-07-06,True,False,1370.26,1370.26,39.91285714285714,-96.12,0,1,DINEIN1,1,False,199.56,0,False,18:49:38.81,2025-07-06,0.0,False,1,0.0,DINEIN1,0.0,0,0,-99.99,-10000000000,<NA>,0.0,0,4097,0,0,0,18:49:38.81,0.0,1,0,0.0,0,0,0,18:49:38.81,18:49:38.81
83,Manam,Manam SM Cebu,4098,0.0,0.0,40,0,102267,2,3,<NA>,18:28:43.147,2025-07-06,18:28:43.147,2025-07-06,True,False,4370.0,4370.0,468.22,-331.65,0,1,DINEIN1,1,False,0.0,0,False,18:28:43.147,2025-07-06,0.0,False,1,0.0,DINEIN1,0.0,0,0,-99.99,-10000000000,<NA>,0.0,0,4098,0,0,0,18:28:43.147,0.0,1,0,0.0,0,0,0,18:28:43.147,18:28:43.147
83,Manam,Manam SM Cebu,4099,0.0,0.0,9,0,102267,5,3,<NA>,18:46:46.457,2025-07-06,18:46:46.457,2025-07-06,True,False,2273.64,2273.64,225.43,-191.62,0,1,DINEIN1,1,False,93.93,0,False,18:46:46.457,2025-07-06,0.0,False,1,0.0,DINEIN1,0.0,0,0,-99.99,-10000000000,<NA>,0.0,0,4099,0,0,0,18:46:46.457,0.0,1,0,0.0,0,0,0,18:46:46.457,18:46:46.457
83,Manam,Manam SM Cebu,4100,0.0,0.0,0,0,102267,0,12,<NA>,20:01:32.957,2025-07-06,20:01:32.957,2025-07-06,True,False,1115.0,1115.0,119.47,0.0,0,1,GRABFOOD,1,False,0.0,0,False,20:01:32.957,2025-07-06,0.0,False,1,0.0,GRABFOOD,0.0,0,0,-99.99,-10000000000,<NA>,0.0,0,4100,0,0,0,20:01:32.957,0.0,1,0,0.0,0,0,0,20:01:32.957,20:01:32.957
83,Manam,Manam SM Cebu,4101,0.0,0.0,1,0,102267,3,1,<NA>,18:59:54.43,2025-07-06,18:59:54.43,2025-07-06,True,False,2340.01,2340.01,95.53571428571429,-175.94,0,1,DINEIN1,1,False,318.45,0,False,18:59:54.43,2025-07-06,0.0,False,1,0.0,DINEIN1,0.0,0,0,-99.99,-10000000000,<NA>,0.0,0,4101,0,0,0,18:59:54.43,0.0,1,0,0.0,0,0,0,18:59:54.43,18:59:54.43
83,Manam,Manam SM Cebu,4102,0.0,0.0,0,0,102267,0,10,<NA>,20:05:41.92,2025-07-06,20:05:41.92,2025-07-06,True,False,308.0,308.0,33.0,0.0,0,1,FOODPANDA,1,False,0.0,0,False,20:05:41.92,2025-07-06,0.0,False,1,0.0,FOODPANDA,0.0,0,0,-99.99,-10000000000,<NA>,0.0,0,4102,0,0,0,20:05:41.92,0.0,1,0,0.0,0,0,0,20:05:41.92,20:05:41.92
83,Manam,Manam SM Cebu,4103,0.0,0.0,0,0,102267,0,12,<NA>,20:07:33.15,2025-07-06,20:07:33.15,2025-07-06,True,False,1070.0,1070.0,114.64,0.0,0,1,GRABFOOD,1,False,0.0,0,False,20:07:33.15,2025-07-06,0.0,False,1,0.0,GRABFOOD,0.0,0,0,-99.99,-10000000000,<NA>,0.0,0,4103,0,0,0,20:07:33.15,0.0,1,0,0.0,0,0,0,20:07:33.15,20:07:33.15
83,Manam,Manam SM Cebu,4104,0.0,0.0,5,0,102267,6,1,<NA>,19:06:45.047,2025-07-06,19:06:45.047,2025-07-06,True,False,5145.0,5145.0,639.65,-453.08,0,1,DINEIN1,1,False,0.0,0,False,19:06:45.047,2025-07-06,0.0,False,1,0.0,DINEIN1,0.0,0,0,-99.99,-10000000000,<NA>,0.0,0,4104,0,0,0,19:06:45.047,0.0,1,0,0.0,0,0,0,19:06:45.047,19:06:45.047
83,Manam,Manam SM Cebu,4105,0.0,0.0,0,0,102267,0,12,<NA>,20:09:00.197,2025-07-06,20:09:00.197,2025-07-06,True,False,995.0,995.0,106.6,0.0,0,1,GRABFOOD,1,False,0.0,0,False,20:09:00.197,2025-07-06,0.0,False,1,0.0,GRABFOOD,0.0,0,0,-99.99,-10000000000,<NA>,0.0,0,4105,0,0,0,20:09:00.197,0.0,1,0,0.0,0,0,0,20:09:00.197,20:09:00.197
83,Manam,Manam SM Cebu,4106,0.0,0.0,51,0,102267,6,3,<NA>,19:09:43.02,2025-07-06,19:09:43.02,2025-07-06,True,False,2890.72,2890.72,124.64428571428572,-229.55,0,1,DINEIN1,1,False,415.48,0,False,19:09:43.02,2025-07-06,0.0,False,1,0.0,DINEIN1,0.0,0,0,-99.99,-10000000000,<NA>,0.0,0,4106,0,0,0,19:09:43.02,0.0,1,0,0.0,0,0,0,19:09:43.02,19:09:43.02
83,Manam,Manam SM Cebu,4107,0.0,0.0,16,0,102267,16,3,<NA>,18:53:14.64,2025-07-06,18:53:14.64,2025-07-06,True,False,5334.2699999999995,5334.2699999999995,994.4242857142856,-892.22,0,1,DINEIN1,1,False,552.45,0,False,18:53:14.64,2025-07-06,0.0,False,1,0.0,DINEIN1,0.0,0,0,-99.99,-10000000000,<NA>,0.0,0,4107,0,0,0,18:53:14.64,0.0,1,0,0.0,0,0,0,18:53:14.64,18:53:14.64
83,Manam,Manam SM Cebu,4108,0.0,0.0,45,0,102267,4,3,<NA>,19:26:40.727,2025-07-06,19:26:40.727,2025-07-06,True,False,2214.27,2214.27,0.0,-150.57,0,1,DINEIN1,1,False,442.85,0,False,19:26:40.727,2025-07-06,0.0,False,1,0.0,DINEIN1,0.0,0,0,-99.99,-10000000000,<NA>,0.0,0,4108,0,0,0,19:26:40.727,0.0,1,0,0.0,0,0,0,19:26:40.727,19:26:40.727
83,Manam,Manam SM Cebu,4109,0.0,0.0,43,0,102267,4,1,<NA>,19:25:32.023,2025-07-06,19:25:32.023,2025-07-06,True,False,3425.0,3425.0,366.97,-259.93,0,1,DINEIN1,1,False,0.0,0,False,19:25:32.023,2025-07-06,0.0,False,1,0.0,DINEIN1,0.0,0,0,-99.99,-10000000000,<NA>,0.0,0,4109,0,0,0,19:25:32.023,0.0,1,0,0.0,0,0,0,19:25:32.023,19:25:32.023
83,Manam,Manam SM Cebu,4110,0.0,0.0,10,0,102267,4,5,<NA>,19:39:55.573,2025-07-06,19:39:55.573,2025-07-06,True,False,2345.0,2345.0,270.0,-191.25,0,1,DINEIN1,1,False,0.0,0,False,19:39:55.573,2025-07-06,0.0,False,1,0.0,DINEIN1,0.0,0,0,-99.99,-10000000000,<NA>,0.0,0,4110,0,0,0,19:39:55.573,0.0,1,0,0.0,0,0,0,19:39:55.573,19:39:55.573
83,Manam,Manam SM Cebu,4111,0.0,0.0,3,0,102267,1,3,<NA>,19:51:06.227,2025-07-06,19:51:06.227,2025-07-06,True,False,805.0,805.0,86.26,-61.09,0,1,DINEIN1,1,False,0.0,0,False,19:51:06.227,2025-07-06,0.0,False,1,0.0,DINEIN1,0.0,0,0,-99.99,-10000000000,<NA>,0.0,0,4111,0,0,0,19:51:06.227,0.0,1,0,0.0,0,0,0,19:51:06.227,19:51:06.227
83,Manam,Manam SM Cebu,4112,0.0,0.0,0,0,105539,0,3,<NA>,20:27:22.097,2025-07-06,20:27:22.097,2025-07-06,True,False,830.0,830.0,88.93,0.0,0,1,TAKEOUT,1,False,0.0,0,False,20:27:22.097,2025-07-06,0.0,False,1,0.0,TAKEOUT,0.0,0,0,-99.99,-10000000000,<NA>,0.0,0,4112,0,0,0,20:27:22.097,0.0,1,0,0.0,0,0,0,20:27:22.097,20:27:22.097
83,Manam,Manam SM Cebu,4113,0.0,0.0,23,0,102267,3,3,<NA>,19:14:14.237,2025-07-06,19:14:14.237,2025-07-06,True,False,1520.71,1520.71,70.62142857142857,-119.05,0,1,DINEIN1,1,False,215.48,0,False,19:14:14.237,2025-07-06,0.0,False,1,0.0,DINEIN1,0.0,0,0,-99.99,-10000000000,<NA>,0.0,0,4113,0,0,0,19:14:14.237,0.0,1,0,0.0,0,0,0,19:14:14.237,19:14:14.237
83,Manam,Manam SM Cebu,4114,0.0,0.0,21,0,102267,4,3,<NA>,19:38:25.407,2025-07-06,19:38:25.407,2025-07-06,True,False,2130.0,2130.0,246.97,-174.93,0,1,DINEIN1,1,False,0.0,0,False,19:38:25.407,2025-07-06,0.0,False,1,0.0,DINEIN1,0.0,0,0,-99.99,-10000000000,<NA>,0.0,0,4114,0,0,0,19:38:25.407,0.0,1,0,0.0,0,0,0,19:38:25.407,19:38:25.407
83,Manam,Manam SM Cebu,4116,0.0,0.0,0,0,105539,0,1,<NA>,20:37:36.317,2025-07-06,20:37:36.317,2025-07-06,True,False,147.32,147.32,0.0,0.0,0,1,TAKEOUT,1,False,29.46,0,False,20:37:36.317,2025-07-06,0.0,False,1,0.0,TAKEOUT,0.0,0,0,-99.99,-10000000000,<NA>,0.0,0,4116,0,0,0,20:37:36.317,0.0,1,0,0.0,0,0,0,20:37:36.317,20:37:36.317
83,Manam,Manam SM Cebu,4117,0.0,0.0,30,0,102267,8,3,<NA>,19:36:05.397,2025-07-06,19:36:05.397,2025-07-06,True,False,4227.6,4227.6,401.71857142857147,-317.07,0,1,DINEIN1,1,False,95.64,0,False,19:36:05.397,2025-07-06,0.0,False,1,0.0,DINEIN1,0.0,0,0,-99.99,-10000000000,<NA>,0.0,0,4117,0,0,0,19:36:05.397,0.0,1,0,0.0,0,0,0,19:36:05.397,19:36:05.397
83,Manam,Manam SM Cebu,4118,0.0,0.0,33,0,102267,2,3,<NA>,19:37:15.593,2025-07-06,19:37:15.593,2025-07-06,True,False,2218.12,2218.12,136.87571428571428,-174.51,0,1,DINEIN1,1,False,228.13,0,False,19:37:15.593,2025-07-06,0.0,False,1,0.0,DINEIN1,0.0,0,0,-99.99,-10000000000,<NA>,0.0,0,4118,0,0,0,19:37:15.593,0.0,1,0,0.0,0,0,0,19:37:15.593,19:37:15.593
83,Manam,Manam SM Cebu,4119,0.0,0.0,26,0,102267,5,3,<NA>,19:15:43.64,2025-07-06,19:15:43.64,2025-07-06,True,False,2373.03,2373.03,207.85714285714283,-176.68,0,1,DINEIN1,1,False,86.6,0,False,19:15:43.64,2025-07-06,0.0,False,1,0.0,DINEIN1,0.0,0,0,-99.99,-10000000000,<NA>,0.0,0,4119,0,0,0,19:15:43.64,0.0,1,0,0.0,0,0,0,19:15:43.64,19:15:43.64
83,Manam,Manam SM Cebu,4120,0.0,0.0,50,0,102267,5,3,<NA>,19:33:28.49,2025-07-06,19:33:28.49,2025-07-06,True,False,2905.0,2905.0,329.98,-233.75,0,1,DINEIN1,1,False,0.0,0,False,19:33:28.49,2025-07-06,0.0,False,1,0.0,DINEIN1,0.0,0,0,-99.99,-10000000000,<NA>,0.0,0,4120,0,0,0,19:33:28.49,0.0,1,0,0.0,0,0,0,19:33:28.49,19:33:28.49
83,Manam,Manam SM Cebu,4121,0.0,0.0,40,0,102267,2,1,<NA>,19:55:02.567,2025-07-06,19:55:02.567,2025-07-06,True,False,1685.0,1685.0,180.54,-127.88,0,1,DINEIN1,1,False,0.0,0,False,19:55:02.567,2025-07-06,0.0,False,1,0.0,DINEIN1,0.0,0,0,-99.99,-10000000000,<NA>,0.0,0,4121,0,0,0,19:55:02.567,0.0,1,0,0.0,0,0,0,19:55:02.567,19:55:02.567
83,Manam,Manam SM Cebu,4122,0.0,0.0,0,0,102267,0,1,<NA>,08:56:51.197,2025-07-06,08:56:51.197,2025-07-06,True,False,0.0,0.0,0.0,0.0,0,1,ZR-TRAINING,1,False,0.0,0,False,08:56:51.197,2025-07-06,0.0,False,1,0.0,ZR-TRAINING,0.0,0,0,-99.99,-10000000000,<NA>,0.0,0,4122,0,0,0,08:56:51.197,0.0,1,0,0.0,0,0,0,08:56:51.197,08:56:51.197
83,Manam,Manam SM Cebu,4123,0.0,0.0,0,0,102267,0,1,<NA>,13:48:22.023,2025-07-06,13:48:22.023,2025-07-06,True,False,0.0,0.0,0.0,0.0,0,1,ZR-COMP +,1,False,0.0,0,False,13:48:22.023,2025-07-06,0.0,False,1,0.0,ZR-COMP +,0.0,0,0,-99.99,-10000000000,<NA>,0.0,0,4123,0,0,0,13:48:22.023,0.0,1,0,0.0,0,0,0,13:48:22.023,13:48:22.023
83,Manam,Manam SM Cebu,4124,0.0,0.0,0,0,102267,0,1,<NA>,14:08:14.347,2025-07-06,14:08:14.347,2025-07-06,True,False,0.0,0.0,0.0,0.0,0,1,ZR-MAN,1,False,0.0,0,False,14:08:14.347,2025-07-06,0.0,False,1,0.0,ZR-MAN,0.0,0,0,-99.99,-10000000000,<NA>,0.0,0,4124,0,0,0,14:08:14.347,0.0,1,0,0.0,0,0,0,14:08:14.347,14:08:14.347
83,Manam,Manam SM Cebu,4125,0.0,0.0,0,0,102267,0,1,<NA>,17:53:49.577,2025-07-06,17:53:49.577,2025-07-06,True,False,0.0,0.0,0.0,0.0,0,1,ZR-MAN,1,False,0.0,0,False,17:53:49.577,2025-07-06,0.0,False,1,0.0,ZR-MAN,0.0,0,0,-99.99,-10000000000,<NA>,0.0,0,4125,0,0,0,17:53:49.577,0.0,1,0,0.0,0,0,0,17:53:49.577,17:53:49.577
83,Manam,Manam SM Cebu,4126,0.0,0.0,20,0,102267,2,3,<NA>,19:39:07.8,2025-07-06,19:39:07.8,2025-07-06,True,False,1540.0,1540.0,165.0,-116.88,0,1,DINEIN1,1,False,0.0,0,False,19:39:07.8,2025-07-06,0.0,False,1,0.0,DINEIN1,0.0,0,0,-99.99,-10000000000,<NA>,0.0,0,4126,0,0,0,19:39:07.8,0.0,1,0,0.0,0,0,0,19:39:07.8,19:39:07.8
83,Manam,Manam SM Cebu,4127,0.0,0.0,1,0,102267,4,3,<NA>,20:08:58.853,2025-07-06,20:08:58.853,2025-07-06,True,False,2478.48,2478.48,214.55,-192.51,0,1,DINEIN1,1,False,119.2,0,False,20:08:58.853,2025-07-06,0.0,False,1,0.0,DINEIN1,0.0,0,0,-99.99,-10000000000,<NA>,0.0,0,4127,0,0,0,20:08:58.853,0.0,1,0,0.0,0,0,0,20:08:58.853,20:08:58.853
83,Manam,Manam SM Cebu,4128,0.0,0.0,28,0,102267,3,3,<NA>,19:45:41.99,2025-07-06,19:45:41.99,2025-07-06,True,False,5979.99,5979.99,229.99857142857144,-423.59,0,1,DINEIN1,1,False,766.66,0,False,19:45:41.99,2025-07-06,0.0,False,1,0.0,DINEIN1,0.0,0,0,-99.99,-10000000000,<NA>,0.0,0,4128,0,0,0,19:45:41.99,0.0,1,0,0.0,0,0,0,19:45:41.99,19:45:41.99
83,Manam,Manam SM Cebu,4129,0.0,0.0,7,0,102267,6,3,<NA>,19:51:59.78,2025-07-06,19:51:59.78,2025-07-06,True,False,3350.0,3350.0,487.51,-345.31,0,1,DINEIN1,1,False,0.0,0,False,19:51:59.78,2025-07-06,0.0,False,1,0.0,DINEIN1,0.0,0,0,-99.99,-10000000000,<NA>,0.0,0,4129,0,0,0,19:51:59.78,0.0,1,0,0.0,0,0,0,19:51:59.78,19:51:59.78
83,Manam,Manam SM Cebu,4130,0.0,0.0,45,0,102267,3,3,<NA>,20:23:45.277,2025-07-06,20:23:45.277,2025-07-06,True,False,2210.71,2210.71,178.56857142857143,-177.08,0,1,DINEIN1,1,False,148.81,0,False,20:23:45.277,2025-07-06,0.0,False,1,0.0,DINEIN1,0.0,0,0,-99.99,-10000000000,<NA>,0.0,0,4130,0,0,0,20:23:45.277,0.0,1,0,0.0,0,0,0,20:23:45.277,20:23:45.277
83,Manam,Manam SM Cebu,4131,0.0,0.0,4,0,102267,6,3,<NA>,20:13:15.313,2025-07-06,20:13:15.313,2025-07-06,True,False,3860.5299999999997,3860.5299999999997,298.92571428571426,-296.44,0,1,DINEIN1,1,False,249.11,0,False,20:13:15.313,2025-07-06,0.0,False,1,0.0,DINEIN1,0.0,0,0,-99.99,-10000000000,<NA>,0.0,0,4131,0,0,0,20:13:15.313,0.0,1,0,0.0,0,0,0,20:13:15.313,20:13:15.313
83,Manam,Manam SM Cebu,4132,0.0,0.0,43,0,102267,4,3,<NA>,20:38:25.46,2025-07-06,20:38:25.46,2025-07-06,True,False,2773.66,2773.66,229.01428571428573,-205.48,0,1,DINEIN1,1,False,127.23,0,False,20:38:25.46,2025-07-06,0.0,False,1,0.0,DINEIN1,0.0,0,0,-99.99,-10000000000,<NA>,0.0,0,4132,0,0,0,20:38:25.46,0.0,1,0,0.0,0,0,0,20:38:25.46,20:38:25.46
83,Manam,Manam SM Cebu,4133,0.0,0.0,51,0,102267,8,3,<NA>,20:11:18.497,2025-07-06,20:11:18.497,2025-07-06,True,False,4991.95,4991.95,323.0328571428571,-411.87,0,1,DINEIN1,1,False,538.39,0,False,20:11:18.497,2025-07-06,0.0,False,1,0.0,DINEIN1,0.0,0,0,-99.99,-10000000000,<NA>,0.0,0,4133,0,0,0,20:11:18.497,0.0,1,0,0.0,0,0,0,20:11:18.497,20:11:18.497
83,Manam,Manam SM Cebu,4134,0.0,0.0,50,0,102267,4,3,<NA>,20:44:01.463,2025-07-06,20:44:01.463,2025-07-06,True,False,3243.3,3243.3,291.55857142857144,-260.27,0,1,DINEIN1,1,False,161.16,0,False,20:44:01.463,2025-07-06,0.0,False,1,0.0,DINEIN1,0.0,0,0,-99.99,-10000000000,<NA>,0.0,0,4134,0,0,0,20:44:01.463,0.0,1,0,0.0,0,0,0,20:44:01.463,20:44:01.463
83,Manam,Manam SM Cebu,4135,0.0,0.0,23,0,102267,4,3,<NA>,20:35:07.367,2025-07-06,20:35:07.367,2025-07-06,True,False,2020.0,2020.0,216.43,-153.3,0,1,DINEIN1,1,False,0.0,0,False,20:35:07.367,2025-07-06,0.0,False,1,0.0,DINEIN1,0.0,0,0,-99.99,-10000000000,<NA>,0.0,0,4135,0,0,0,20:35:07.367,0.0,1,0,0.0,0,0,0,20:35:07.367,20:35:07.367
83,Manam,Manam SM Cebu,4136,0.0,0.0,31,0,102267,7,1,<NA>,20:41:54.413,2025-07-06,20:41:54.413,2025-07-06,True,False,3785.0,3785.0,441.96,-313.06,0,1,DINEIN1,1,False,0.0,0,False,20:41:54.413,2025-07-06,0.0,False,1,0.0,DINEIN1,0.0,0,0,-99.99,-10000000000,<NA>,0.0,0,4136,0,0,0,20:41:54.413,0.0,1,0,0.0,0,0,0,20:41:54.413,20:41:54.413
83,Manam,Manam SM Cebu,4137,0.0,0.0,17,0,102267,15,3,<NA>,20:02:20.073,2025-07-06,20:02:20.073,2025-07-06,True,False,10720.0,10720.0,1948.38,-1380.11,0,1,DINEIN1,1,False,0.0,0,False,20:02:20.073,2025-07-06,0.0,False,1,0.0,DINEIN1,0.0,0,0,-99.99,-10000000000,<NA>,0.0,0,4137,0,0,0,20:02:20.073,0.0,1,0,0.0,0,0,0,20:02:20.073,20:02:20.073
83,Manam,Manam SM Cebu,4138,0.0,0.0,19,0,102267,4,3,<NA>,12:07:05.457,2025-07-06,12:07:05.457,2025-07-06,True,False,3165.0,3165.0,375.53,-266.0,0,1,DINEIN1,1,False,0.0,0,False,12:07:05.457,2025-07-06,0.0,False,1,0.0,DINEIN1,0.0,0,0,-99.99,-10000000000,<NA>,0.0,0,4138,0,0,0,12:07:05.457,0.0,1,0,0.0,0,0,0,12:07:05.457,12:07:05.457
83,Manam,Manam SM Cebu,4139,0.0,0.0,10,0,102267,5,3,<NA>,20:22:29.29,2025-07-06,20:22:29.29,2025-07-06,True,False,1735.0,1735.0,185.89,-131.67,0,1,DINEIN1,1,False,0.0,0,False,20:22:29.29,2025-07-06,0.0,False,1,0.0,DINEIN1,0.0,0,0,-99.99,-10000000000,<NA>,0.0,0,4139,0,0,0,20:22:29.29,0.0,1,0,0.0,0,0,0,20:22:29.29,20:22:29.29
83,Manam,Manam SM Cebu,4141,0.0,0.0,3,0,102267,2,1,<NA>,21:03:28.34,2025-07-06,21:03:28.34,2025-07-06,True,False,1440.0,1440.0,154.29,-109.29,0,1,DINEIN1,1,False,0.0,0,False,21:03:28.34,2025-07-06,0.0,False,1,0.0,DINEIN1,0.0,0,0,-99.99,-10000000000,<NA>,0.0,0,4141,0,0,0,21:03:28.34,0.0,1,0,0.0,0,0,0,21:03:28.34,21:03:28.34
83,Manam,Manam SM Cebu,4142,0.0,0.0,40,0,102267,2,3,<NA>,20:59:51.83,2025-07-06,20:59:51.83,2025-07-06,True,False,1330.0,1330.0,142.5,-100.94,0,1,DINEIN1,1,False,0.0,0,False,20:59:51.83,2025-07-06,0.0,False,1,0.0,DINEIN1,0.0,0,0,-99.99,-10000000000,<NA>,0.0,0,4142,0,0,0,20:59:51.83,0.0,1,0,0.0,0,0,0,20:59:51.83,20:59:51.83
83,Manam,Manam SM Cebu,4143,0.0,0.0,25,0,102267,4,3,<NA>,20:56:04.973,2025-07-06,20:56:04.973,2025-07-06,True,False,1601.51,1601.51,145.9742857142857,-130.49,0,1,DINEIN1,1,False,80.8,0,False,20:56:04.973,2025-07-06,0.0,False,1,0.0,DINEIN1,0.0,0,0,-99.99,-10000000000,<NA>,0.0,0,4143,0,0,0,20:56:04.973,0.0,1,0,0.0,0,0,0,20:56:04.973,20:56:04.973
83,Manam,Manam SM Cebu,4144,0.0,0.0,20,0,102267,3,3,<NA>,21:06:33.37,2025-07-06,21:06:33.37,2025-07-06,True,False,1740.0,1740.0,186.43,-132.05,0,1,DINEIN1,1,False,0.0,0,False,21:06:33.37,2025-07-06,0.0,False,1,0.0,DINEIN1,0.0,0,0,-99.99,-10000000000,<NA>,0.0,0,4144,0,0,0,21:06:33.37,0.0,1,0,0.0,0,0,0,21:06:33.37,21:06:33.37
83,Manam,Manam SM Cebu,4145,0.0,0.0,33,0,102267,0,3,<NA>,20:47:31.947,2025-07-06,20:47:31.947,2025-07-06,True,False,355.0,355.0,38.04,-26.94,0,1,DINEIN1,1,False,0.0,0,False,20:47:31.947,2025-07-06,0.0,False,1,0.0,DINEIN1,0.0,0,0,-99.99,-10000000000,<NA>,0.0,0,4145,0,0,0,20:47:31.947,0.0,1,0,0.0,0,0,0,20:47:31.947,20:47:31.947
83,Manam,Manam SM Cebu,4146,0.0,0.0,35,0,102267,2,3,<NA>,20:47:31.947,2025-07-06,20:47:31.947,2025-07-06,True,False,975.0,975.0,104.46,-74.0,0,1,DINEIN1,1,False,0.0,0,False,20:47:31.947,2025-07-06,0.0,False,1,0.0,DINEIN1,0.0,0,0,-99.99,-10000000000,<NA>,0.0,0,4146,0,0,0,20:47:31.947,0.0,1,0,0.0,0,0,0,20:47:31.947,20:47:31.947
83,Manam,Manam SM Cebu,4147,0.0,0.0,1,0,102267,4,3,<NA>,21:04:27.33,2025-07-06,21:04:27.33,2025-07-06,True,False,1930.0,1930.0,206.78,-146.47,0,1,DINEIN1,1,False,0.0,0,False,21:04:27.33,2025-07-06,0.0,False,1,0.0,DINEIN1,0.0,0,0,-99.99,-10000000000,<NA>,0.0,0,4147,0,0,0,21:04:27.33,0.0,1,0,0.0,0,0,0,21:04:27.33,21:04:27.33
83,Manam,Manam SM Cebu,4148,0.0,0.0,34,0,102267,2,3,<NA>,20:46:08.323,2025-07-06,20:46:08.323,2025-07-06,True,False,1419.65,1419.65,80.36142857142858,-102.46,0,1,DINEIN1,1,False,133.93,0,False,20:46:08.323,2025-07-06,0.0,False,1,0.0,DINEIN1,0.0,0,0,-99.99,-10000000000,<NA>,0.0,0,4148,0,0,0,20:46:08.323,0.0,1,0,0.0,0,0,0,20:46:08.323,20:46:08.323
83,Manam,Manam SM Cebu,4149,0.0,0.0,7,0,102267,4,1,<NA>,21:14:35.967,2025-07-06,21:14:35.967,2025-07-06,True,False,1900.0,1900.0,203.56,-144.2,0,1,DINEIN1,1,False,0.0,0,False,21:14:35.967,2025-07-06,0.0,False,1,0.0,DINEIN1,0.0,0,0,-99.99,-10000000000,<NA>,0.0,0,4149,0,0,0,21:14:35.967,0.0,1,0,0.0,0,0,0,21:14:35.967,21:14:35.967
83,Manam,Manam SM Cebu,4150,0.0,0.0,9,0,102267,2,3,<NA>,21:13:19.457,2025-07-06,21:13:19.457,2025-07-06,True,False,1730.0,1730.0,185.35,-131.29,0,1,DINEIN1,1,False,0.0,0,False,21:13:19.457,2025-07-06,0.0,False,1,0.0,DINEIN1,0.0,0,0,-99.99,-10000000000,<NA>,0.0,0,4150,0,0,0,21:13:19.457,0.0,1,0,0.0,0,0,0,21:13:19.457,21:13:19.457
83,Manam,Manam SM Cebu,4151,0.0,0.0,21,0,102267,2,3,<NA>,20:50:13.913,2025-07-06,20:50:13.913,2025-07-06,True,False,2385.0,2385.0,255.55,-181.0,0,1,DINEIN1,1,False,0.0,0,False,20:50:13.913,2025-07-06,0.0,False,1,0.0,DINEIN1,0.0,0,0,-99.99,-10000000000,<NA>,0.0,0,4151,0,0,0,20:50:13.913,0.0,1,0,0.0,0,0,0,20:50:13.913,20:50:13.913
83,Manam,Manam SM Cebu,4153,0.0,0.0,28,0,102267,4,1,<NA>,21:05:41.903,2025-07-06,21:05:41.903,2025-07-06,True,False,2355.0,2355.0,269.47,-190.87,0,1,DINEIN1,1,False,0.0,0,False,21:05:41.903,2025-07-06,0.0,False,1,0.0,DINEIN1,0.0,0,0,-99.99,-10000000000,<NA>,0.0,0,4153,0,0,0,21:05:41.903,0.0,1,0,0.0,0,0,0,21:05:41.903,21:05:41.903
83,Manam,Manam SM Cebu,4154,0.0,0.0,0,0,100490,0,3,<NA>,22:20:21.967,2025-07-06,22:20:21.967,2025-07-06,True,False,20.0,20.0,2.14,0.0,0,1,TAKEOUT,1,False,0.0,0,False,22:20:21.967,2025-07-06,0.0,False,1,0.0,TAKEOUT,0.0,0,0,-99.99,-10000000000,<NA>,0.0,0,4154,0,0,0,22:20:21.967,0.0,1,0,0.0,0,0,0,22:20:21.967,22:20:21.967
83,Manam,Manam SM Cebu,4161,0.0,0.0,0,0,100490,0,1,<NA>,10:10:23.73,2025-07-07,10:10:23.73,2025-07-07,True,False,480.0,480.0,51.43,0.0,0,1,TAKEOUT,1,False,0.0,0,False,10:10:23.73,2025-07-07,0.0,False,1,0.0,TAKEOUT,0.0,0,0,-99.99,-10000000000,<NA>,0.0,0,4161,0,0,0,10:10:23.73,0.0,1,0,0.0,0,0,0,10:10:23.73,10:10:23.73
83,Manam,Manam SM Cebu,4162,0.0,0.0,0,0,100490,0,12,<NA>,10:17:35.73,2025-07-07,10:17:35.73,2025-07-07,True,False,1445.0,1445.0,171.97,0.0,0,1,GRABFOOD,1,False,0.0,0,False,10:17:35.73,2025-07-07,0.0,False,1,0.0,GRABFOOD,0.0,0,0,-99.99,-10000000000,<NA>,0.0,0,4162,0,0,0,10:17:35.73,0.0,1,0,0.0,0,0,0,10:17:35.73,10:17:35.73
83,Manam,Manam SM Cebu,4163,0.0,0.0,0,0,100490,0,12,<NA>,10:16:54.967,2025-07-07,10:16:54.967,2025-07-07,True,False,1405.0,1405.0,185.89,0.0,0,1,GRABFOOD,1,False,0.0,0,False,10:16:54.967,2025-07-07,0.0,False,1,0.0,GRABFOOD,0.0,0,0,-99.99,-10000000000,<NA>,0.0,0,4163,0,0,0,10:16:54.967,0.0,1,0,0.0,0,0,0,10:16:54.967,10:16:54.967
83,Manam,Manam SM Cebu,4164,0.0,0.0,0,0,100490,0,12,<NA>,10:21:41.907,2025-07-07,10:21:41.907,2025-07-07,True,False,1718.0,1718.0,307.5,0.0,0,1,GRABFOOD,1,False,0.0,0,False,10:21:41.907,2025-07-07,0.0,False,1,0.0,GRABFOOD,0.0,0,0,-99.99,-10000000000,<NA>,0.0,0,4164,0,0,0,10:21:41.907,0.0,1,0,0.0,0,0,0,10:21:41.907,10:21:41.907
83,Manam,Manam SM Cebu,4165,0.0,0.0,0,0,100490,0,12,<NA>,10:23:53.01,2025-07-07,10:23:53.01,2025-07-07,True,False,1718.0,1718.0,307.49,0.0,0,1,GRABFOOD,1,False,0.0,0,False,10:23:53.01,2025-07-07,0.0,False,1,0.0,GRABFOOD,0.0,0,0,-99.99,-10000000000,<NA>,0.0,0,4165,0,0,0,10:23:53.01,0.0,1,0,0.0,0,0,0,10:23:53.01,10:23:53.01
83,Manam,Manam SM Cebu,4166,0.0,0.0,0,0,100490,0,1,<NA>,10:15:00.03,2025-07-07,10:15:00.03,2025-07-07,True,False,965.0,965.0,103.38,0.0,0,1,TAKEOUT,1,False,0.0,0,False,10:15:00.03,2025-07-07,0.0,False,1,0.0,TAKEOUT,0.0,0,0,-99.99,-10000000000,<NA>,0.0,0,4166,0,0,0,10:15:00.03,0.0,1,0,0.0,0,0,0,10:15:00.03,10:15:00.03
83,Manam,Manam SM Cebu,4167,0.0,0.0,0,0,100490,0,12,<NA>,10:31:24.577,2025-07-07,10:31:24.577,2025-07-07,True,False,894.0,894.0,95.78,0.0,0,1,GRABFOOD,1,False,0.0,0,False,10:31:24.577,2025-07-07,0.0,False,1,0.0,GRABFOOD,0.0,0,0,-99.99,-10000000000,<NA>,0.0,0,4167,0,0,0,10:31:24.577,0.0,1,0,0.0,0,0,0,10:31:24.577,10:31:24.577
83,Manam,Manam SM Cebu,4168,0.0,0.0,0,0,100490,0,10,<NA>,10:59:42.03,2025-07-07,10:59:42.03,2025-07-07,True,False,533.0,533.0,57.11,0.0,0,1,FOODPANDA,1,False,0.0,0,False,10:59:42.03,2025-07-07,0.0,False,1,0.0,FOODPANDA,0.0,0,0,-99.99,-10000000000,<NA>,0.0,0,4168,0,0,0,10:59:42.03,0.0,1,0,0.0,0,0,0,10:59:42.03,10:59:42.03
83,Manam,Manam SM Cebu,4169,0.0,0.0,0,0,100490,0,10,<NA>,11:03:20.823,2025-07-07,11:03:20.823,2025-07-07,True,False,465.0,465.0,49.82,0.0,0,1,FOODPANDA,1,False,0.0,0,False,11:03:20.823,2025-07-07,0.0,False,1,0.0,FOODPANDA,0.0,0,0,-99.99,-10000000000,<NA>,0.0,0,4169,0,0,0,11:03:20.823,0.0,1,0,0.0,0,0,0,11:03:20.823,11:03:20.823
83,Manam,Manam SM Cebu,4170,0.0,0.0,0,0,100490,0,10,<NA>,11:06:03.02,2025-07-07,11:06:03.02,2025-07-07,True,False,430.0,430.0,46.07,0.0,0,1,FOODPANDA,1,False,0.0,0,False,11:06:03.02,2025-07-07,0.0,False,1,0.0,FOODPANDA,0.0,0,0,-99.99,-10000000000,<NA>,0.0,0,4170,0,0,0,11:06:03.02,0.0,1,0,0.0,0,0,0,11:06:03.02,11:06:03.02
83,Manam,Manam SM Cebu,4171,0.0,0.0,0,0,100490,0,10,<NA>,11:10:39.73,2025-07-07,11:10:39.73,2025-07-07,True,False,555.0,555.0,59.46,0.0,0,1,FOODPANDA,1,False,0.0,0,False,11:10:39.73,2025-07-07,0.0,False,1,0.0,FOODPANDA,0.0,0,0,-99.99,-10000000000,<NA>,0.0,0,4171,0,0,0,11:10:39.73,0.0,1,0,0.0,0,0,0,11:10:39.73,11:10:39.73
83,Manam,Manam SM Cebu,4172,0.0,0.0,0,0,100490,0,10,<NA>,11:12:23.21,2025-07-07,11:12:23.21,2025-07-07,True,False,1201.0,1201.0,128.69,0.0,0,1,FOODPANDA,1,False,0.0,0,False,11:12:23.21,2025-07-07,0.0,False,1,0.0,FOODPANDA,0.0,0,0,-99.99,-10000000000,<NA>,0.0,0,4172,0,0,0,11:12:23.21,0.0,1,0,0.0,0,0,0,11:12:23.21,11:12:23.21
83,Manam,Manam SM Cebu,4173,0.0,0.0,0,0,100490,0,17,<NA>,10:48:48.757,2025-07-07,10:48:48.757,2025-07-07,True,False,658.0,658.0,70.5,0.0,0,1,SMONLINE,1,False,0.0,0,False,10:48:48.757,2025-07-07,0.0,False,1,0.0,SMONLINE,0.0,0,0,-99.99,-10000000000,<NA>,0.0,0,4173,0,0,0,10:48:48.757,0.0,1,0,0.0,0,0,0,10:48:48.757,10:48:48.757
83,Manam,Manam SM Cebu,4174,0.0,0.0,7,0,100490,1,3,<NA>,10:52:04.017,2025-07-07,10:52:04.017,2025-07-07,True,False,424.11,424.11,0.0,-28.84,0,1,DINEIN1,1,False,84.82,0,False,10:52:04.017,2025-07-07,0.0,False,1,0.0,DINEIN1,0.0,0,0,-99.99,-10000000000,<NA>,0.0,0,4174,0,0,0,10:52:04.017,0.0,1,0,0.0,0,0,0,10:52:04.017,10:52:04.017
83,Manam,Manam SM Cebu,4175,0.0,0.0,43,0,100490,5,1,<NA>,10:22:26.763,2025-07-07,10:22:26.763,2025-07-07,True,False,2316.29,2316.29,155.57,-168.97,0,1,DINEIN1,1,False,172.86,0,False,10:22:26.763,2025-07-07,0.0,False,1,0.0,DINEIN1,0.0,0,0,-99.99,-10000000000,<NA>,0.0,0,4175,0,0,0,10:22:26.763,0.0,1,0,0.0,0,0,0,10:22:26.763,10:22:26.763
83,Manam,Manam SM Cebu,4176,0.0,0.0,33,0,100490,2,1,<NA>,10:56:09.063,2025-07-07,10:56:09.063,2025-07-07,True,False,985.0,985.0,105.55,-74.75,0,1,DINEIN1,1,False,0.0,0,False,10:56:09.063,2025-07-07,0.0,False,1,0.0,DINEIN1,0.0,0,0,-99.99,-10000000000,<NA>,0.0,0,4176,0,0,0,10:56:09.063,0.0,1,0,0.0,0,0,0,10:56:09.063,10:56:09.063
83,Manam,Manam SM Cebu,4178,0.0,0.0,50,0,100490,6,1,<NA>,10:16:28.337,2025-07-07,10:16:28.337,2025-07-07,True,False,3533.75,3533.75,331.24857142857144,-272.18,0,1,DINEIN1,1,False,110.42,0,False,10:16:28.337,2025-07-07,0.0,False,1,0.0,DINEIN1,0.0,0,0,-99.99,-10000000000,<NA>,0.0,0,4178,0,0,0,10:16:28.337,0.0,1,0,0.0,0,0,0,10:16:28.337,10:16:28.337
83,Manam,Manam SM Cebu,4181,0.0,0.0,31,0,100490,2,3,<NA>,10:44:02.793,2025-07-07,10:44:02.793,2025-07-07,True,False,1170.0,1170.0,125.36,-88.79,0,1,DINEIN1,1,False,0.0,0,False,10:44:02.793,2025-07-07,0.0,False,1,0.0,DINEIN1,0.0,0,0,-99.99,-10000000000,<NA>,0.0,0,4181,0,0,0,10:44:02.793,0.0,1,0,0.0,0,0,0,10:44:02.793,10:44:02.793
83,Manam,Manam SM Cebu,4182,0.0,0.0,42,0,100490,2,1,<NA>,11:08:23.947,2025-07-07,11:08:23.947,2025-07-07,True,False,1230.3600000000001,1230.3600000000001,69.63571428571429,-88.79,0,1,DINEIN1,1,False,116.07,0,False,11:08:23.947,2025-07-07,0.0,False,1,0.0,DINEIN1,0.0,0,0,-99.99,-10000000000,<NA>,0.0,0,4182,0,0,0,11:08:23.947,0.0,1,0,0.0,0,0,0,11:08:23.947,11:08:23.947
83,Manam,Manam SM Cebu,4183,0.0,0.0,8,0,100490,4,1,<NA>,11:13:51.743,2025-07-07,11:13:51.743,2025-07-07,True,False,1556.6100000000001,1556.6100000000001,141.42714285714283,-126.89,0,1,DINEIN1,1,False,78.57,0,False,11:13:51.743,2025-07-07,0.0,False,1,0.0,DINEIN1,0.0,0,0,-99.99,-10000000000,<NA>,0.0,0,4183,0,0,0,11:13:51.743,0.0,1,0,0.0,0,0,0,11:13:51.743,11:13:51.743
83,Manam,Manam SM Cebu,4186,0.0,0.0,28,0,100490,2,3,<NA>,11:23:23.997,2025-07-07,11:23:23.997,2025-07-07,True,False,1440.0,1440.0,154.29,-109.29,0,1,DINEIN1,1,False,0.0,0,False,11:23:23.997,2025-07-07,0.0,False,1,0.0,DINEIN1,0.0,0,0,-99.99,-10000000000,<NA>,0.0,0,4186,0,0,0,11:23:23.997,0.0,1,0,0.0,0,0,0,11:23:23.997,11:23:23.997
83,Manam,Manam SM Cebu,4187,0.0,0.0,35,0,100490,2,3,<NA>,10:40:44.81,2025-07-07,10:40:44.81,2025-07-07,True,False,1180.0,1180.0,126.43,-89.55,0,1,DINEIN1,1,False,0.0,0,False,10:40:44.81,2025-07-07,0.0,False,1,0.0,DINEIN1,0.0,0,0,-99.99,-10000000000,<NA>,0.0,0,4187,0,0,0,10:40:44.81,0.0,1,0,0.0,0,0,0,10:40:44.81,10:40:44.81
83,Manam,Manam SM Cebu,4188,0.0,0.0,19,0,100490,3,3,<NA>,11:22:05.497,2025-07-07,11:22:05.497,2025-07-07,True,False,2470.9,2470.9,189.64,-188.06,0,1,DINEIN1,1,False,158.03,0,False,11:22:05.497,2025-07-07,0.0,False,1,0.0,DINEIN1,0.0,0,0,-99.99,-10000000000,<NA>,0.0,0,4188,0,0,0,11:22:05.497,0.0,1,0,0.0,0,0,0,11:22:05.497,11:22:05.497
83,Manam,Manam SM Cebu,4189,0.0,0.0,1,0,100490,2,1,<NA>,11:34:12.883,2025-07-07,11:34:12.883,2025-07-07,True,False,1005.0,1005.0,107.68,-76.27,0,1,DINEIN1,1,False,0.0,0,False,11:34:12.883,2025-07-07,0.0,False,1,0.0,DINEIN1,0.0,0,0,-99.99,-10000000000,<NA>,0.0,0,4189,0,0,0,11:34:12.883,0.0,1,0,0.0,0,0,0,11:34:12.883,11:34:12.883
83,Manam,Manam SM Cebu,4190,0.0,0.0,2,0,100490,2,3,<NA>,11:16:57.587,2025-07-07,11:16:57.587,2025-07-07,True,False,1500.0,1500.0,180.53,-127.88,0,1,DINEIN1,1,False,0.0,0,False,11:16:57.587,2025-07-07,0.0,False,1,0.0,DINEIN1,0.0,0,0,-99.99,-10000000000,<NA>,0.0,0,4190,0,0,0,11:16:57.587,0.0,1,0,0.0,0,0,0,11:16:57.587,11:16:57.587
83,Manam,Manam SM Cebu,4191,0.0,0.0,7,0,100490,2,3,<NA>,11:42:48.907,2025-07-07,11:42:48.907,2025-07-07,True,False,790.26,790.26,44.73,-57.04,0,1,DINEIN1,1,False,74.55,0,False,11:42:48.907,2025-07-07,0.0,False,1,0.0,DINEIN1,0.0,0,0,-99.99,-10000000000,<NA>,0.0,0,4191,0,0,0,11:42:48.907,0.0,1,0,0.0,0,0,0,11:42:48.907,11:42:48.907
83,Manam,Manam SM Cebu,4192,0.0,0.0,40,0,100490,3,3,<NA>,11:20:40.69,2025-07-07,11:20:40.69,2025-07-07,True,False,1557.1399999999999,1557.1399999999999,71.43285714285715,-131.55,0,1,DINEIN1,1,False,238.1,0,False,11:20:40.69,2025-07-07,0.0,False,1,0.0,DINEIN1,0.0,0,0,-99.99,-10000000000,<NA>,0.0,0,4192,0,0,0,11:20:40.69,0.0,1,0,0.0,0,0,0,11:20:40.69,11:20:40.69
83,Manam,Manam SM Cebu,4194,0.0,0.0,14,0,100490,5,3,<NA>,11:28:11.457,2025-07-07,11:28:11.457,2025-07-07,True,False,2058.57,2058.57,94.27857142857142,-146.93,0,1,DINEIN1,1,False,235.72,0,False,11:28:11.457,2025-07-07,0.0,False,1,0.0,DINEIN1,0.0,0,0,-99.99,-10000000000,<NA>,0.0,0,4194,0,0,0,11:28:11.457,0.0,1,0,0.0,0,0,0,11:28:11.457,11:28:11.457
83,Manam,Manam SM Cebu,4195,0.0,0.0,0,0,100490,0,12,<NA>,12:14:45.273,2025-07-07,12:14:45.273,2025-07-07,True,False,298.0,298.0,31.93,0.0,0,1,GRABFOOD,1,False,0.0,0,False,12:14:45.273,2025-07-07,0.0,False,1,0.0,GRABFOOD,0.0,0,0,-99.99,-10000000000,<NA>,0.0,0,4195,0,0,0,12:14:45.273,0.0,1,0,0.0,0,0,0,12:14:45.273,12:14:45.273
83,Manam,Manam SM Cebu,4196,0.0,0.0,0,0,105539,0,1,<NA>,12:18:12.187,2025-07-07,12:18:12.187,2025-07-07,True,False,365.0,365.0,39.11,0.0,0,1,TAKEOUT,1,False,0.0,0,False,12:18:12.187,2025-07-07,0.0,False,1,0.0,TAKEOUT,0.0,0,0,-99.99,-10000000000,<NA>,0.0,0,4196,0,0,0,12:18:12.187,0.0,1,0,0.0,0,0,0,12:18:12.187,12:18:12.187
83,Manam,Manam SM Cebu,4197,0.0,0.0,44,0,100490,2,1,<NA>,11:08:23.947,2025-07-07,11:08:23.947,2025-07-07,True,False,3155.0,3155.0,338.04,-239.44,0,1,DINEIN1,1,False,0.0,0,False,11:08:23.947,2025-07-07,0.0,False,1,0.0,DINEIN1,0.0,0,0,-99.99,-10000000000,<NA>,0.0,0,4197,0,0,0,11:08:23.947,0.0,1,0,0.0,0,0,0,11:08:23.947,11:08:23.947
83,Manam,Manam SM Cebu,4198,0.0,0.0,0,0,100490,0,12,<NA>,12:19:23.757,2025-07-07,12:19:23.757,2025-07-07,True,False,780.0,780.0,83.57,0.0,0,1,GRABFOOD,1,False,0.0,0,False,12:19:23.757,2025-07-07,0.0,False,1,0.0,GRABFOOD,0.0,0,0,-99.99,-10000000000,<NA>,0.0,0,4198,0,0,0,12:19:23.757,0.0,1,0,0.0,0,0,0,12:19:23.757,12:19:23.757
83,Manam,Manam SM Cebu,4199,0.0,0.0,0,0,100490,0,12,<NA>,12:26:20.817,2025-07-07,12:26:20.817,2025-07-07,True,False,478.0,478.0,51.21,0.0,0,1,GRABFOOD,1,False,0.0,0,False,12:26:20.817,2025-07-07,0.0,False,1,0.0,GRABFOOD,0.0,0,0,-99.99,-10000000000,<NA>,0.0,0,4199,0,0,0,12:26:20.817,0.0,1,0,0.0,0,0,0,12:26:20.817,12:26:20.817
83,Manam,Manam SM Cebu,4200,0.0,0.0,51,0,100490,6,3,<NA>,11:04:39.52,2025-07-07,11:04:39.52,2025-07-07,True,False,2482.15,2482.15,0.0,-180.02,0,1,DINEIN1,1,False,529.47,0,False,11:04:39.52,2025-07-07,0.0,False,1,0.0,DINEIN1,0.0,0,0,-99.99,-10000000000,<NA>,0.0,0,4200,0,0,0,11:04:39.52,0.0,1,0,0.0,0,0,0,11:04:39.52,11:04:39.52
83,Manam,Manam SM Cebu,4201,0.0,0.0,9,0,100490,4,1,<NA>,11:58:04.657,2025-07-07,11:58:04.657,2025-07-07,True,False,2690.0,2690.0,298.94,-211.74,0,1,DINEIN1,1,False,0.0,0,False,11:58:04.657,2025-07-07,0.0,False,1,0.0,DINEIN1,0.0,0,0,-99.99,-10000000000,<NA>,0.0,0,4201,0,0,0,11:58:04.657,0.0,1,0,0.0,0,0,0,11:58:04.657,11:58:04.657
83,Manam,Manam SM Cebu,4202,0.0,0.0,0,0,100490,0,10,<NA>,12:31:36.03,2025-07-07,12:31:36.03,2025-07-07,True,False,975.0,975.0,104.46,0.0,0,1,FOODPANDA,1,False,0.0,0,False,12:31:36.03,2025-07-07,0.0,False,1,0.0,FOODPANDA,0.0,0,0,-99.99,-10000000000,<NA>,0.0,0,4202,0,0,0,12:31:36.03,0.0,1,0,0.0,0,0,0,12:31:36.03,12:31:36.03
83,Manam,Manam SM Cebu,4203,0.0,0.0,0,0,100490,0,12,<NA>,12:32:52.96,2025-07-07,12:32:52.96,2025-07-07,True,False,583.0,583.0,91.18,0.0,0,1,GRABFOOD,1,False,0.0,0,False,12:32:52.96,2025-07-07,0.0,False,1,0.0,GRABFOOD,0.0,0,0,-99.99,-10000000000,<NA>,0.0,0,4203,0,0,0,12:32:52.96,0.0,1,0,0.0,0,0,0,12:32:52.96,12:32:52.96
83,Manam,Manam SM Cebu,4204,0.0,0.0,33,0,100490,3,3,<NA>,11:51:00.723,2025-07-07,11:51:00.723,2025-07-07,True,False,1102.69,1102.69,0.0,-74.98,0,1,DINEIN1,1,False,220.54,0,False,11:51:00.723,2025-07-07,0.0,False,1,0.0,DINEIN1,0.0,0,0,-99.99,-10000000000,<NA>,0.0,0,4204,0,0,0,11:51:00.723,0.0,1,0,0.0,0,0,0,11:51:00.723,11:51:00.723
83,Manam,Manam SM Cebu,4205,0.0,0.0,20,0,100490,10,3,<NA>,11:07:52.71,2025-07-07,11:07:52.71,2025-07-07,True,False,3644.73,3644.73,235.2242857142857,-350.63,0,1,DINEIN1,1,False,562.5,0,False,11:07:52.71,2025-07-07,0.0,False,1,0.0,DINEIN1,0.0,0,0,-99.99,-10000000000,<NA>,0.0,0,4205,0,0,0,11:07:52.71,0.0,1,0,0.0,0,0,0,11:07:52.71,11:07:52.71
83,Manam,Manam SM Cebu,4206,0.0,0.0,28,0,100490,3,3,<NA>,12:04:31.103,2025-07-07,12:04:31.103,2025-07-07,True,False,1660.0,1660.0,177.86,-125.98,0,1,DINEIN1,1,False,0.0,0,False,12:04:31.103,2025-07-07,0.0,False,1,0.0,DINEIN1,0.0,0,0,-99.99,-10000000000,<NA>,0.0,0,4206,0,0,0,12:04:31.103,0.0,1,0,0.0,0,0,0,12:04:31.103,12:04:31.103
83,Manam,Manam SM Cebu,4207,0.0,0.0,45,0,107996,3,3,<NA>,11:43:46.713,2025-07-07,11:43:46.713,2025-07-07,True,False,1843.75,1843.75,0.0,-125.38,0,1,DINEIN1,1,False,368.75,0,False,11:43:46.713,2025-07-07,0.0,False,1,0.0,DINEIN1,0.0,0,0,-99.99,-10000000000,<NA>,0.0,0,4207,0,0,0,11:43:46.713,0.0,1,0,0.0,0,0,0,11:43:46.713,11:43:46.713
83,Manam,Manam SM Cebu,4209,0.0,0.0,4,0,105539,9,1,<NA>,11:25:20.017,2025-07-07,11:25:20.017,2025-07-07,True,False,195.0,195.0,20.89,-14.8,0,1,DINEIN1,1,False,0.0,0,False,11:25:20.017,2025-07-07,0.0,False,1,0.0,DINEIN1,0.0,0,0,-99.99,-10000000000,<NA>,0.0,0,4209,0,0,0,11:25:20.017,0.0,1,0,0.0,0,0,0,11:25:20.017,11:25:20.017
83,Manam,Manam SM Cebu,4210,0.0,0.0,0,0,105539,0,15,<NA>,12:57:49.847,2025-07-07,12:57:49.847,2025-07-07,True,False,1005.0,1005.0,107.68,0.0,0,1,MOFO,1,False,0.0,0,False,12:57:49.847,2025-07-07,0.0,False,1,0.0,MOFO,0.0,0,0,-99.99,-10000000000,<NA>,0.0,0,4210,0,0,0,12:57:49.847,0.0,1,0,0.0,0,0,0,12:57:49.847,12:57:49.847
83,Manam,Manam SM Cebu,4211,0.0,0.0,10,0,105539,5,3,10% LOYAL,11:21:21.317,2025-07-07,11:21:21.317,2025-07-07,True,False,3030.0,3030.0,292.2,-206.96,0,1,DINEIN1,1,False,303.0,0,False,11:21:21.317,2025-07-07,0.0,False,1,0.0,DINEIN1,0.0,0,0,-99.99,-10000000000,10471188,0.0,0,4211,0,0,0,11:21:21.317,0.0,1,0,0.0,0,0,0,11:21:21.317,11:21:21.317
83,Manam,Manam SM Cebu,4212,0.0,0.0,31,0,105539,2,1,<NA>,11:49:50.443,2025-07-07,11:49:50.443,2025-07-07,True,False,3340.0,3340.0,357.85,-253.48,0,1,DINEIN1,1,False,0.0,0,False,11:49:50.443,2025-07-07,0.0,False,1,0.0,DINEIN1,0.0,0,0,-99.99,-10000000000,<NA>,0.0,0,4212,0,0,0,11:49:50.443,0.0,1,0,0.0,0,0,0,11:49:50.443,11:49:50.443
83,Manam,Manam SM Cebu,4213,0.0,0.0,1,0,105539,3,3,<NA>,12:12:56.667,2025-07-07,12:12:56.667,2025-07-07,True,False,1840.0,1840.0,197.15,-139.64,0,1,DINEIN1,1,False,0.0,0,False,12:12:56.667,2025-07-07,0.0,False,1,0.0,DINEIN1,0.0,0,0,-99.99,-10000000000,<NA>,0.0,0,4213,0,0,0,12:12:56.667,0.0,1,0,0.0,0,0,0,12:12:56.667,12:12:56.667
83,Manam,Manam SM Cebu,4215,0.0,0.0,50,0,105539,5,3,<NA>,12:19:59.63,2025-07-07,12:19:59.63,2025-07-07,True,False,3862.21,3862.21,274.17857142857144,-297.79,0,1,DINEIN1,1,False,304.64,0,False,12:19:59.63,2025-07-07,0.0,False,1,0.0,DINEIN1,0.0,0,0,-99.99,-10000000000,<NA>,0.0,0,4215,0,0,0,12:19:59.63,0.0,1,0,0.0,0,0,0,12:19:59.63,12:19:59.63
83,Manam,Manam SM Cebu,4216,0.0,0.0,19,0,105539,4,3,<NA>,12:09:26.763,2025-07-07,12:09:26.763,2025-07-07,True,False,2827.9,2827.9,82.36714285714287,-198.36,0,1,DINEIN1,1,False,411.82,0,False,12:09:26.763,2025-07-07,0.0,False,1,0.0,DINEIN1,0.0,0,0,-99.99,-10000000000,<NA>,0.0,0,4216,0,0,0,12:09:26.763,0.0,1,0,0.0,0,0,0,12:09:26.763,12:09:26.763
83,Manam,Manam SM Cebu,4217,0.0,0.0,16,0,105539,3,3,<NA>,12:29:28.393,2025-07-07,12:29:28.393,2025-07-07,True,False,1800.0,1800.0,201.96,-143.06,0,1,DINEIN1,1,False,0.0,0,False,12:29:28.393,2025-07-07,0.0,False,1,0.0,DINEIN1,0.0,0,0,-99.99,-10000000000,<NA>,0.0,0,4217,0,0,0,12:29:28.393,0.0,1,0,0.0,0,0,0,12:29:28.393,12:29:28.393
83,Manam,Manam SM Cebu,4218,0.0,0.0,35,0,105539,2,3,<NA>,12:15:58.727,2025-07-07,12:15:58.727,2025-07-07,True,False,1635.0,1635.0,175.17,-124.08,0,1,DINEIN1,1,False,0.0,0,False,12:15:58.727,2025-07-07,0.0,False,1,0.0,DINEIN1,0.0,0,0,-99.99,-10000000000,<NA>,0.0,0,4218,0,0,0,12:15:58.727,0.0,1,0,0.0,0,0,0,12:15:58.727,12:15:58.727
83,Manam,Manam SM Cebu,4219,0.0,0.0,14,0,105539,3,5,<NA>,12:27:00.267,2025-07-07,12:27:00.267,2025-07-07,True,False,2825.0,2825.0,302.68,-214.4,0,1,DINEIN1,1,False,0.0,0,False,12:27:00.267,2025-07-07,0.0,False,1,0.0,DINEIN1,0.0,0,0,-99.99,-10000000000,<NA>,0.0,0,4219,0,0,0,12:27:00.267,0.0,1,0,0.0,0,0,0,12:27:00.267,12:27:00.267
83,Manam,Manam SM Cebu,4220,0.0,0.0,41,0,105539,4,1,<NA>,12:16:38.18,2025-07-07,12:16:38.18,2025-07-07,True,False,1690.0,1690.0,213.21,-151.03,0,1,DINEIN1,1,False,0.0,0,False,12:16:38.18,2025-07-07,0.0,False,1,0.0,DINEIN1,0.0,0,0,-99.99,-10000000000,<NA>,0.0,0,4220,0,0,0,12:16:38.18,0.0,1,0,0.0,0,0,0,12:16:38.18,12:16:38.18
83,Manam,Manam SM Cebu,4221,0.0,0.0,28,0,105539,2,3,<NA>,12:24:30.743,2025-07-07,12:24:30.743,2025-07-07,True,False,1860.0,1860.0,215.36,-152.54,0,1,DINEIN1,1,False,0.0,0,False,12:24:30.743,2025-07-07,0.0,False,1,0.0,DINEIN1,0.0,0,0,-99.99,-10000000000,<NA>,0.0,0,4221,0,0,0,12:24:30.743,0.0,1,0,0.0,0,0,0,12:24:30.743,12:24:30.743
83,Manam,Manam SM Cebu,4222,0.0,0.0,3,0,105539,1,3,<NA>,12:21:14.337,2025-07-07,12:21:14.337,2025-07-07,True,False,810.0,810.0,86.78,-61.47,0,1,DINEIN1,1,False,0.0,0,False,12:21:14.337,2025-07-07,0.0,False,1,0.0,DINEIN1,0.0,0,0,-99.99,-10000000000,<NA>,0.0,0,4222,0,0,0,12:21:14.337,0.0,1,0,0.0,0,0,0,12:21:14.337,12:21:14.337
83,Manam,Manam SM Cebu,4223,0.0,0.0,33,0,105539,4,1,<NA>,12:52:57.247,2025-07-07,12:52:57.247,2025-07-07,True,False,2107.05,2107.05,188.83428571428573,-169.43,0,1,DINEIN1,1,False,104.91,0,False,12:52:57.247,2025-07-07,0.0,False,1,0.0,DINEIN1,0.0,0,0,-99.99,-10000000000,<NA>,0.0,0,4223,0,0,0,12:52:57.247,0.0,1,0,0.0,0,0,0,12:52:57.247,12:52:57.247
83,Manam,Manam SM Cebu,4224,0.0,0.0,21,0,105539,7,3,<NA>,12:57:40.203,2025-07-07,12:57:40.203,2025-07-07,True,False,3255.0,3255.0,348.75,-247.03,0,1,DINEIN1,1,False,0.0,0,False,12:57:40.203,2025-07-07,0.0,False,1,0.0,DINEIN1,0.0,0,0,-99.99,-10000000000,<NA>,0.0,0,4224,0,0,0,12:57:40.203,0.0,1,0,0.0,0,0,0,12:57:40.203,12:57:40.203
83,Manam,Manam SM Cebu,4225,0.0,0.0,20,0,105539,2,1,<NA>,12:57:09.847,2025-07-07,12:57:09.847,2025-07-07,True,False,1145.0,1145.0,122.68,-86.9,0,1,DINEIN1,1,False,0.0,0,False,12:57:09.847,2025-07-07,0.0,False,1,0.0,DINEIN1,0.0,0,0,-99.99,-10000000000,<NA>,0.0,0,4225,0,0,0,12:57:09.847,0.0,1,0,0.0,0,0,0,12:57:09.847,12:57:09.847
83,Manam,Manam SM Cebu,4226,0.0,0.0,10,0,105539,3,3,<NA>,13:08:58.087,2025-07-07,13:08:58.087,2025-07-07,True,False,1540.0,1540.0,174.65,-123.71,0,1,DINEIN1,1,False,0.0,0,False,13:08:58.087,2025-07-07,0.0,False,1,0.0,DINEIN1,0.0,0,0,-99.99,-10000000000,<NA>,0.0,0,4226,0,0,0,13:08:58.087,0.0,1,0,0.0,0,0,0,13:08:58.087,13:08:58.087
83,Manam,Manam SM Cebu,4227,0.0,0.0,51,0,105539,5,3,<NA>,12:59:40.56,2025-07-07,12:59:40.56,2025-07-07,True,False,2275.0,2275.0,243.74,-172.66,0,1,DINEIN1,1,False,0.0,0,False,12:59:40.56,2025-07-07,0.0,False,1,0.0,DINEIN1,0.0,0,0,-99.99,-10000000000,<NA>,0.0,0,4227,0,0,0,12:59:40.56,0.0,1,0,0.0,0,0,0,12:59:40.56,12:59:40.56
83,Manam,Manam SM Cebu,4228,0.0,0.0,26,0,105539,4,3,<NA>,11:26:32.74,2025-07-07,11:26:32.74,2025-07-07,True,False,3572.77,3572.77,202.23571428571427,-257.85,0,1,DINEIN1,1,False,337.05,0,False,11:26:32.74,2025-07-07,0.0,False,1,0.0,DINEIN1,0.0,0,0,-99.99,-10000000000,<NA>,0.0,0,4228,0,0,0,11:26:32.74,0.0,1,0,0.0,0,0,0,11:26:32.74,11:26:32.74
83,Manam,Manam SM Cebu,4229,0.0,0.0,7,0,105539,7,1,<NA>,12:33:25.387,2025-07-07,12:33:25.387,2025-07-07,True,False,5590.23,5590.23,538.6228571428571,-432.39,0,1,DINEIN1,1,False,149.62,0,False,12:33:25.387,2025-07-07,0.0,False,1,0.0,DINEIN1,0.0,0,0,-99.99,-10000000000,<NA>,0.0,0,4229,0,0,0,12:33:25.387,0.0,1,0,0.0,0,0,0,12:33:25.387,12:33:25.387
83,Manam,Manam SM Cebu,4230,0.0,0.0,11,0,105539,2,3,<NA>,13:20:00.807,2025-07-07,13:20:00.807,2025-07-07,True,False,755.0,755.0,80.89,-57.3,0,1,DINEIN1,1,False,0.0,0,False,13:20:00.807,2025-07-07,0.0,False,1,0.0,DINEIN1,0.0,0,0,-99.99,-10000000000,<NA>,0.0,0,4230,0,0,0,13:20:00.807,0.0,1,0,0.0,0,0,0,13:20:00.807,13:20:00.807
83,Manam,Manam SM Cebu,4231,0.0,0.0,32,0,105539,4,1,<NA>,13:03:14.793,2025-07-07,13:03:14.793,2025-07-07,True,False,2034.83,2034.83,115.18428571428572,-146.85,0,1,DINEIN1,1,False,191.97,0,False,13:03:14.793,2025-07-07,0.0,False,1,0.0,DINEIN1,0.0,0,0,-99.99,-10000000000,<NA>,0.0,0,4231,0,0,0,13:03:14.793,0.0,1,0,0.0,0,0,0,13:03:14.793,13:03:14.793
83,Manam,Manam SM Cebu,4232,0.0,0.0,4,0,105539,5,1,<NA>,13:15:06.01,2025-07-07,13:15:06.01,2025-07-07,True,False,2467.47,2467.47,230.14428571428573,-195.62,0,1,DINEIN1,1,False,95.9,0,False,13:15:06.01,2025-07-07,0.0,False,1,0.0,DINEIN1,0.0,0,0,-99.99,-10000000000,<NA>,0.0,0,4232,0,0,0,13:15:06.01,0.0,1,0,0.0,0,0,0,13:15:06.01,13:15:06.01
83,Manam,Manam SM Cebu,4233,0.0,0.0,45,0,105539,6,3,<NA>,12:22:54.14,2025-07-07,12:22:54.14,2025-07-07,True,False,3230.0,3230.0,346.07,-245.13,0,1,DINEIN1,1,False,0.0,0,False,12:22:54.14,2025-07-07,0.0,False,1,0.0,DINEIN1,0.0,0,0,-99.99,-10000000000,<NA>,0.0,0,4233,0,0,0,12:22:54.14,0.0,1,0,0.0,0,0,0,12:22:54.14,12:22:54.14
83,Manam,Manam SM Cebu,4234,0.0,0.0,50,0,105539,5,3,<NA>,13:17:53.163,2025-07-07,13:17:53.163,2025-07-07,True,False,3861.49,3861.49,354.0,-300.9,0,1,DINEIN1,1,False,147.5,0,False,13:17:53.163,2025-07-07,0.0,False,1,0.0,DINEIN1,0.0,0,0,-99.99,-10000000000,<NA>,0.0,0,4234,0,0,0,13:17:53.163,0.0,1,0,0.0,0,0,0,13:17:53.163,13:17:53.163
83,Manam,Manam SM Cebu,4235,0.0,0.0,0,0,100490,0,1,<NA>,12:43:22.893,2025-07-07,12:43:22.893,2025-07-07,True,False,0.0,0.0,0.0,0.0,0,1,ZR-BRDMKTNG,1,False,0.0,0,False,12:43:22.893,2025-07-07,0.0,False,1,0.0,ZR-BRDMKTNG,0.0,0,0,-99.99,-10000000000,<NA>,0.0,0,4235,0,0,0,12:43:22.893,0.0,1,0,0.0,0,0,0,12:43:22.893,12:43:22.893
83,Manam,Manam SM Cebu,4236,0.0,0.0,0,0,105539,0,3,<NA>,14:08:06.803,2025-07-07,14:08:06.803,2025-07-07,True,False,190.0,190.0,20.36,0.0,0,1,TAKEOUT,1,False,0.0,0,False,14:08:06.803,2025-07-07,0.0,False,1,0.0,TAKEOUT,0.0,0,0,-99.99,-10000000000,<NA>,0.0,0,4236,0,0,0,14:08:06.803,0.0,1,0,0.0,0,0,0,14:08:06.803,14:08:06.803
83,Manam,Manam SM Cebu,4237,0.0,0.0,43,0,100490,4,3,<NA>,12:54:34.813,2025-07-07,12:54:34.813,2025-07-07,True,False,2689.2799999999997,2689.2799999999997,160.71571428571428,-204.91,0,1,DINEIN1,1,False,267.86,0,False,12:54:34.813,2025-07-07,0.0,False,1,0.0,DINEIN1,0.0,0,0,-99.99,-10000000000,<NA>,0.0,0,4237,0,0,0,12:54:34.813,0.0,1,0,0.0,0,0,0,12:54:34.813,12:54:34.813
83,Manam,Manam SM Cebu,4238,0.0,0.0,3,0,100490,2,3,<NA>,13:31:26.187,2025-07-07,13:31:26.187,2025-07-07,True,False,1480.0,1480.0,158.57,-112.32,0,1,DINEIN1,1,False,0.0,0,False,13:31:26.187,2025-07-07,0.0,False,1,0.0,DINEIN1,0.0,0,0,-99.99,-10000000000,<NA>,0.0,0,4238,0,0,0,13:31:26.187,0.0,1,0,0.0,0,0,0,13:31:26.187,13:31:26.187
83,Manam,Manam SM Cebu,4239,0.0,0.0,40,0,100490,2,1,<NA>,13:13:17.943,2025-07-07,13:13:17.943,2025-07-07,True,False,1553.57,1553.57,0.0,-105.64,0,1,DINEIN1,1,False,310.72,0,False,13:13:17.943,2025-07-07,0.0,False,1,0.0,DINEIN1,0.0,0,0,-99.99,-10000000000,<NA>,0.0,0,4239,0,0,0,13:13:17.943,0.0,1,0,0.0,0,0,0,13:13:17.943,13:13:17.943
83,Manam,Manam SM Cebu,4240,0.0,0.0,1,0,100490,3,3,<NA>,13:22:56.517,2025-07-07,13:22:56.517,2025-07-07,True,False,3135.0,3135.0,346.62,-245.51,0,1,DINEIN1,1,False,0.0,0,False,13:22:56.517,2025-07-07,0.0,False,1,0.0,DINEIN1,0.0,0,0,-99.99,-10000000000,<NA>,0.0,0,4240,0,0,0,13:22:56.517,0.0,1,0,0.0,0,0,0,13:22:56.517,13:22:56.517
83,Manam,Manam SM Cebu,4241,0.0,0.0,28,0,100490,3,3,<NA>,13:37:13.72,2025-07-07,13:37:13.72,2025-07-07,True,False,1361.43,1361.43,107.14714285714284,-106.25,0,1,DINEIN1,1,False,89.29,0,False,13:37:13.72,2025-07-07,0.0,False,1,0.0,DINEIN1,0.0,0,0,-99.99,-10000000000,<NA>,0.0,0,4241,0,0,0,13:37:13.72,0.0,1,0,0.0,0,0,0,13:37:13.72,13:37:13.72
83,Manam,Manam SM Cebu,4242,0.0,0.0,14,0,100490,3,1,<NA>,13:27:57.397,2025-07-07,13:27:57.397,2025-07-07,True,False,1388.21,1388.21,53.388571428571424,-98.33,0,1,DINEIN1,1,False,177.98,0,False,13:27:57.397,2025-07-07,0.0,False,1,0.0,DINEIN1,0.0,0,0,-99.99,-10000000000,<NA>,0.0,0,4242,0,0,0,13:27:57.397,0.0,1,0,0.0,0,0,0,13:27:57.397,13:27:57.397
83,Manam,Manam SM Cebu,4244,0.0,0.0,7,0,100490,2,1,<NA>,14:04:28.443,2025-07-07,14:04:28.443,2025-07-07,True,False,1395.0,1395.0,161.24,-114.22,0,1,DINEIN1,1,False,0.0,0,False,14:04:28.443,2025-07-07,0.0,False,1,0.0,DINEIN1,0.0,0,0,-99.99,-10000000000,<NA>,0.0,0,4244,0,0,0,14:04:28.443,0.0,1,0,0.0,0,0,0,14:04:28.443,14:04:28.443
83,Manam,Manam SM Cebu,4245,0.0,0.0,10,0,100490,2,3,<NA>,13:49:50.687,2025-07-07,13:49:50.687,2025-07-07,True,False,1120.0,1120.0,120.0,-85.0,0,1,DINEIN1,1,False,0.0,0,False,13:49:50.687,2025-07-07,0.0,False,1,0.0,DINEIN1,0.0,0,0,-99.99,-10000000000,<NA>,0.0,0,4245,0,0,0,13:49:50.687,0.0,1,0,0.0,0,0,0,13:49:50.687,13:49:50.687
83,Manam,Manam SM Cebu,4246,0.0,0.0,42,0,100490,3,3,<NA>,13:30:09.98,2025-07-07,13:30:09.98,2025-07-07,True,False,2265.0,2265.0,242.68,-171.9,0,1,DINEIN1,1,False,0.0,0,False,13:30:09.98,2025-07-07,0.0,False,1,0.0,DINEIN1,0.0,0,0,-99.99,-10000000000,<NA>,0.0,0,4246,0,0,0,13:30:09.98,0.0,1,0,0.0,0,0,0,13:30:09.98,13:30:09.98
83,Manam,Manam SM Cebu,4247,0.0,0.0,21,0,100490,6,3,<NA>,13:50:41.403,2025-07-07,13:50:41.403,2025-07-07,True,False,2595.0,2595.0,289.83,-205.29,0,1,DINEIN1,1,False,0.0,0,False,13:50:41.403,2025-07-07,0.0,False,1,0.0,DINEIN1,0.0,0,0,-99.99,-10000000000,<NA>,0.0,0,4247,0,0,0,13:50:41.403,0.0,1,0,0.0,0,0,0,13:50:41.403,13:50:41.403
83,Manam,Manam SM Cebu,4248,0.0,0.0,9,0,100490,1,1,<NA>,14:01:56.767,2025-07-07,14:01:56.767,2025-07-07,True,False,735.0,735.0,78.75,-55.78,0,1,DINEIN1,1,False,0.0,0,False,14:01:56.767,2025-07-07,0.0,False,1,0.0,DINEIN1,0.0,0,0,-99.99,-10000000000,<NA>,0.0,0,4248,0,0,0,14:01:56.767,0.0,1,0,0.0,0,0,0,14:01:56.767,14:01:56.767
83,Manam,Manam SM Cebu,4249,0.0,0.0,35,0,100490,2,3,<NA>,13:26:40.577,2025-07-07,13:26:40.577,2025-07-07,True,False,1520.0,1520.0,162.86,-115.36,0,1,DINEIN1,1,False,0.0,0,False,13:26:40.577,2025-07-07,0.0,False,1,0.0,DINEIN1,0.0,0,0,-99.99,-10000000000,<NA>,0.0,0,4249,0,0,0,13:26:40.577,0.0,1,0,0.0,0,0,0,13:26:40.577,13:26:40.577
83,Manam,Manam SM Cebu,4251,0.0,0.0,19,0,100490,3,3,<NA>,13:20:45.437,2025-07-07,13:20:45.437,2025-07-07,True,False,2210.0,2210.0,297.85,-210.98,0,1,DINEIN1,1,False,0.0,0,False,13:20:45.437,2025-07-07,0.0,False,1,0.0,DINEIN1,0.0,0,0,-99.99,-10000000000,<NA>,0.0,0,4251,0,0,0,13:20:45.437,0.0,1,0,0.0,0,0,0,13:20:45.437,13:20:45.437
83,Manam,Manam SM Cebu,4252,0.0,0.0,0,0,100490,0,12,<NA>,14:46:20.973,2025-07-07,14:46:20.973,2025-07-07,True,False,268.0,268.0,28.71,0.0,0,1,GRABFOOD,1,False,0.0,0,False,14:46:20.973,2025-07-07,0.0,False,1,0.0,GRABFOOD,0.0,0,0,-99.99,-10000000000,<NA>,0.0,0,4252,0,0,0,14:46:20.973,0.0,1,0,0.0,0,0,0,14:46:20.973,14:46:20.973
83,Manam,Manam SM Cebu,4253,0.0,0.0,51,0,100490,4,3,<NA>,13:58:54.637,2025-07-07,13:58:54.637,2025-07-07,True,False,2435.0,2435.0,278.04,-196.94,0,1,DINEIN1,1,False,0.0,0,False,13:58:54.637,2025-07-07,0.0,False,1,0.0,DINEIN1,0.0,0,0,-99.99,-10000000000,<NA>,0.0,0,4253,0,0,0,13:58:54.637,0.0,1,0,0.0,0,0,0,13:58:54.637,13:58:54.637
83,Manam,Manam SM Cebu,4254,0.0,0.0,0,0,100490,0,12,<NA>,14:55:02.247,2025-07-07,14:55:02.247,2025-07-07,True,False,510.0,510.0,54.64,0.0,0,1,GRABFOOD,1,False,0.0,0,False,14:55:02.247,2025-07-07,0.0,False,1,0.0,GRABFOOD,0.0,0,0,-99.99,-10000000000,<NA>,0.0,0,4254,0,0,0,14:55:02.247,0.0,1,0,0.0,0,0,0,14:55:02.247,14:55:02.247
83,Manam,Manam SM Cebu,4255,0.0,0.0,33,0,100490,3,1,<NA>,13:40:20.72,2025-07-07,13:40:20.72,2025-07-07,True,False,1759.82,1759.82,130.36285714285714,-129.27,0,1,DINEIN1,1,False,108.63,0,False,13:40:20.72,2025-07-07,0.0,False,1,0.0,DINEIN1,0.0,0,0,-99.99,-10000000000,<NA>,0.0,0,4255,0,0,0,13:40:20.72,0.0,1,0,0.0,0,0,0,13:40:20.72,13:40:20.72
83,Manam,Manam SM Cebu,4256,0.0,0.0,20,0,100490,5,3,<NA>,13:49:01.17,2025-07-07,13:49:01.17,2025-07-07,True,False,2340.21,2340.21,157.17428571428573,-170.72,0,1,DINEIN1,1,False,174.64,0,False,13:49:01.17,2025-07-07,0.0,False,1,0.0,DINEIN1,0.0,0,0,-99.99,-10000000000,<NA>,0.0,0,4256,0,0,0,13:49:01.17,0.0,1,0,0.0,0,0,0,13:49:01.17,13:49:01.17
83,Manam,Manam SM Cebu,4257,0.0,0.0,0,0,105539,0,1,<NA>,14:57:36.477,2025-07-07,14:57:36.477,2025-07-07,True,False,190.0,190.0,20.36,0.0,0,1,TAKEOUT,1,False,0.0,0,False,14:57:36.477,2025-07-07,0.0,False,1,0.0,TAKEOUT,0.0,0,0,-99.99,-10000000000,<NA>,0.0,0,4257,0,0,0,14:57:36.477,0.0,1,0,0.0,0,0,0,14:57:36.477,14:57:36.477
83,Manam,Manam SM Cebu,4258,0.0,0.0,0,0,100490,0,12,<NA>,15:02:54.883,2025-07-07,15:02:54.883,2025-07-07,True,False,880.0,880.0,94.3,0.0,0,1,GRABFOOD,1,False,0.0,0,False,15:02:54.883,2025-07-07,0.0,False,1,0.0,GRABFOOD,0.0,0,0,-99.99,-10000000000,<NA>,0.0,0,4258,0,0,0,15:02:54.883,0.0,1,0,0.0,0,0,0,15:02:54.883,15:02:54.883
83,Manam,Manam SM Cebu,4259,0.0,0.0,31,0,100490,2,1,<NA>,14:19:25.127,2025-07-07,14:19:25.127,2025-07-07,True,False,1585.0,1585.0,169.83,-120.29,0,1,DINEIN1,1,False,0.0,0,False,14:19:25.127,2025-07-07,0.0,False,1,0.0,DINEIN1,0.0,0,0,-99.99,-10000000000,<NA>,0.0,0,4259,0,0,0,14:19:25.127,0.0,1,0,0.0,0,0,0,14:19:25.127,14:19:25.127
83,Manam,Manam SM Cebu,4260,0.0,0.0,16,0,100490,3,3,<NA>,13:52:33.967,2025-07-07,13:52:33.967,2025-07-07,True,False,2720.0,2720.0,291.43,-206.43,0,1,DINEIN1,1,False,0.0,0,False,13:52:33.967,2025-07-07,0.0,False,1,0.0,DINEIN1,0.0,0,0,-99.99,-10000000000,<NA>,0.0,0,4260,0,0,0,13:52:33.967,0.0,1,0,0.0,0,0,0,13:52:33.967,13:52:33.967
83,Manam,Manam SM Cebu,4261,0.0,0.0,4,0,100490,2,3,<NA>,14:23:34.543,2025-07-07,14:23:34.543,2025-07-07,True,False,837.5899999999999,837.5899999999999,47.41571428571429,-60.45,0,1,DINEIN1,1,False,79.01,0,False,14:23:34.543,2025-07-07,0.0,False,1,0.0,DINEIN1,0.0,0,0,-99.99,-10000000000,<NA>,0.0,0,4261,0,0,0,14:23:34.543,0.0,1,0,0.0,0,0,0,14:23:34.543,14:23:34.543
83,Manam,Manam SM Cebu,4262,0.0,0.0,0,0,100490,0,12,<NA>,15:08:49.86,2025-07-07,15:08:49.86,2025-07-07,True,False,766.0,766.0,82.07,0.0,0,1,GRABFOOD,1,False,0.0,0,False,15:08:49.86,2025-07-07,0.0,False,1,0.0,GRABFOOD,0.0,0,0,-99.99,-10000000000,<NA>,0.0,0,4262,0,0,0,15:08:49.86,0.0,1,0,0.0,0,0,0,15:08:49.86,15:08:49.86
83,Manam,Manam SM Cebu,4263,0.0,0.0,0,0,100490,0,10,<NA>,15:10:53.533,2025-07-07,15:10:53.533,2025-07-07,True,False,200.0,200.0,21.43,0.0,0,1,FOODPANDA,1,False,0.0,0,False,15:10:53.533,2025-07-07,0.0,False,1,0.0,FOODPANDA,0.0,0,0,-99.99,-10000000000,<NA>,0.0,0,4263,0,0,0,15:10:53.533,0.0,1,0,0.0,0,0,0,15:10:53.533,15:10:53.533
83,Manam,Manam SM Cebu,4264,0.0,0.0,6,0,100490,2,3,<NA>,14:40:22.727,2025-07-07,14:40:22.727,2025-07-07,True,False,1330.0,1330.0,142.51,-100.94,0,1,DINEIN1,1,False,0.0,0,False,14:40:22.727,2025-07-07,0.0,False,1,0.0,DINEIN1,0.0,0,0,-99.99,-10000000000,<NA>,0.0,0,4264,0,0,0,14:40:22.727,0.0,1,0,0.0,0,0,0,14:40:22.727,14:40:22.727
83,Manam,Manam SM Cebu,4265,0.0,0.0,42,0,100490,3,3,<NA>,14:57:00.253,2025-07-07,14:57:00.253,2025-07-07,True,False,2156.4300000000003,2156.4300000000003,183.21714285714285,-181.69,0,1,DINEIN1,1,False,152.69,0,False,14:57:00.253,2025-07-07,0.0,False,1,0.0,DINEIN1,0.0,0,0,-99.99,-10000000000,<NA>,0.0,0,4265,0,0,0,14:57:00.253,0.0,1,0,0.0,0,0,0,14:57:00.253,14:57:00.253
83,Manam,Manam SM Cebu,4266,0.0,0.0,50,0,100490,7,3,<NA>,14:26:31.427,2025-07-07,14:26:31.427,2025-07-07,True,False,3100.0,3100.0,361.08,-255.76,0,1,DINEIN1,1,False,0.0,0,False,14:26:31.427,2025-07-07,0.0,False,1,0.0,DINEIN1,0.0,0,0,-99.99,-10000000000,<NA>,0.0,0,4266,0,0,0,14:26:31.427,0.0,1,0,0.0,0,0,0,14:26:31.427,14:26:31.427
83,Manam,Manam SM Cebu,4267,0.0,0.0,25,0,100490,3,3,<NA>,14:33:08.767,2025-07-07,14:33:08.767,2025-07-07,True,False,1505.0,1505.0,161.25,-114.22,0,1,DINEIN1,1,False,0.0,0,False,14:33:08.767,2025-07-07,0.0,False,1,0.0,DINEIN1,0.0,0,0,-99.99,-10000000000,<NA>,0.0,0,4267,0,0,0,14:33:08.767,0.0,1,0,0.0,0,0,0,14:33:08.767,14:33:08.767
83,Manam,Manam SM Cebu,4268,0.0,0.0,0,0,100490,0,1,<NA>,15:40:50.593,2025-07-07,15:40:50.593,2025-07-07,True,False,0.0,0.0,0.0,0.0,0,1,ZR-COMP -,1,False,0.0,0,False,15:40:50.593,2025-07-07,0.0,False,1,0.0,ZR-COMP -,0.0,0,0,-99.99,-10000000000,<NA>,0.0,0,4268,0,0,0,15:40:50.593,0.0,1,0,0.0,0,0,0,15:40:50.593,15:40:50.593
83,Manam,Manam SM Cebu,4269,0.0,0.0,11,0,100490,2,3,<NA>,14:31:00.363,2025-07-07,14:31:00.363,2025-07-07,True,False,1480.0,1480.0,158.57,-112.32,0,1,DINEIN1,1,False,0.0,0,False,14:31:00.363,2025-07-07,0.0,False,1,0.0,DINEIN1,0.0,0,0,-99.99,-10000000000,<NA>,0.0,0,4269,0,0,0,14:31:00.363,0.0,1,0,0.0,0,0,0,14:31:00.363,14:31:00.363
83,Manam,Manam SM Cebu,4270,0.0,0.0,32,0,100490,1,3,<NA>,15:15:09.2,2025-07-07,15:15:09.2,2025-07-07,True,False,185.0,185.0,19.82,-14.04,0,1,DINEIN1,1,False,0.0,0,False,15:15:09.2,2025-07-07,0.0,False,1,0.0,DINEIN1,0.0,0,0,-99.99,-10000000000,<NA>,0.0,0,4270,0,0,0,15:15:09.2,0.0,1,0,0.0,0,0,0,15:15:09.2,15:15:09.2
83,Manam,Manam SM Cebu,4271,0.0,0.0,23,0,100490,2,3,<NA>,15:10:50.187,2025-07-07,15:10:50.187,2025-07-07,True,False,1140.0,1140.0,122.14,-86.52,0,1,DINEIN1,1,False,0.0,0,False,15:10:50.187,2025-07-07,0.0,False,1,0.0,DINEIN1,0.0,0,0,-99.99,-10000000000,<NA>,0.0,0,4271,0,0,0,15:10:50.187,0.0,1,0,0.0,0,0,0,15:10:50.187,15:10:50.187
83,Manam,Manam SM Cebu,4272,0.0,0.0,20,0,100490,2,3,<NA>,15:16:53.337,2025-07-07,15:16:53.337,2025-07-07,True,False,906.25,906.25,0.0,-61.63,0,1,DINEIN1,1,False,181.25,0,False,15:16:53.337,2025-07-07,0.0,False,1,0.0,DINEIN1,0.0,0,0,-99.99,-10000000000,<NA>,0.0,0,4272,0,0,0,15:16:53.337,0.0,1,0,0.0,0,0,0,15:16:53.337,15:16:53.337
83,Manam,Manam SM Cebu,4274,0.0,0.0,0,0,100490,0,15,<NA>,11:18:09.32,2025-07-07,11:18:09.32,2025-07-07,True,False,4315.0,4315.0,462.33,0.0,0,1,MOFO,1,False,0.0,0,False,11:18:09.32,2025-07-07,0.0,False,1,0.0,MOFO,0.0,0,0,-99.99,-10000000000,<NA>,0.0,0,4274,0,0,0,11:18:09.32,0.0,1,0,0.0,0,0,0,11:18:09.32,11:18:09.32
83,Manam,Manam SM Cebu,4275,0.0,0.0,4,0,100490,2,3,<NA>,15:38:20.777,2025-07-07,15:38:20.777,2025-07-07,True,False,845.0,845.0,90.54,-64.13,0,1,DINEIN1,1,False,0.0,0,False,15:38:20.777,2025-07-07,0.0,False,1,0.0,DINEIN1,0.0,0,0,-99.99,-10000000000,<NA>,0.0,0,4275,0,0,0,15:38:20.777,0.0,1,0,0.0,0,0,0,15:38:20.777,15:38:20.777
83,Manam,Manam SM Cebu,4276,0.0,0.0,43,0,100490,1,3,<NA>,15:40:17.723,2025-07-07,15:40:17.723,2025-07-07,True,False,450.0,450.0,48.21,-34.15,0,1,DINEIN1,1,False,0.0,0,False,15:40:17.723,2025-07-07,0.0,False,1,0.0,DINEIN1,0.0,0,0,-99.99,-10000000000,<NA>,0.0,0,4276,0,0,0,15:40:17.723,0.0,1,0,0.0,0,0,0,15:40:17.723,15:40:17.723
83,Manam,Manam SM Cebu,4278,0.0,0.0,0,0,100490,0,12,<NA>,16:23:00.887,2025-07-07,16:23:00.887,2025-07-07,True,False,300.0,300.0,32.14,0.0,0,1,GRABFOOD,1,False,0.0,0,False,16:23:00.887,2025-07-07,0.0,False,1,0.0,GRABFOOD,0.0,0,0,-99.99,-10000000000,<NA>,0.0,0,4278,0,0,0,16:23:00.887,0.0,1,0,0.0,0,0,0,16:23:00.887,16:23:00.887
83,Manam,Manam SM Cebu,4279,0.0,0.0,0,0,100490,0,1,<NA>,16:21:35.41,2025-07-07,16:21:35.41,2025-07-07,True,False,562.5,562.5,0.0,0.0,0,1,TAKEOUT,1,False,112.5,0,False,16:21:35.41,2025-07-07,0.0,False,1,0.0,TAKEOUT,0.0,0,0,-99.99,-10000000000,<NA>,0.0,0,4279,0,0,0,16:21:35.41,0.0,1,0,0.0,0,0,0,16:21:35.41,16:21:35.41
83,Manam,Manam SM Cebu,4280,0.0,0.0,9,0,100490,1,1,<NA>,16:11:36.06,2025-07-07,16:11:36.06,2025-07-07,True,False,290.0,290.0,31.07,-22.01,0,1,DINEIN1,1,False,0.0,0,False,16:11:36.06,2025-07-07,0.0,False,1,0.0,DINEIN1,0.0,0,0,-99.99,-10000000000,<NA>,0.0,0,4280,0,0,0,16:11:36.06,0.0,1,0,0.0,0,0,0,16:11:36.06,16:11:36.06
83,Manam,Manam SM Cebu,4281,0.0,0.0,21,0,100490,2,3,<NA>,15:44:58.737,2025-07-07,15:44:58.737,2025-07-07,True,False,2255.0,2255.0,241.62,-171.14,0,1,DINEIN1,1,False,0.0,0,False,15:44:58.737,2025-07-07,0.0,False,1,0.0,DINEIN1,0.0,0,0,-99.99,-10000000000,<NA>,0.0,0,4281,0,0,0,15:44:58.737,0.0,1,0,0.0,0,0,0,15:44:58.737,15:44:58.737
83,Manam,Manam SM Cebu,4282,0.0,0.0,0,0,108013,0,1,SNR-SOLO,16:25:25.617,2025-07-07,16:25:25.617,2025-07-07,True,False,1151.78572,1151.78572,0.0,0.0,0,1,TAKEOUT,1,False,230.36,0,False,16:25:25.617,2025-07-07,0.0,False,1,0.0,TAKEOUT,0.0,0,0,-99.99,-10000000000,<NA>,0.0,0,4282,0,0,0,16:25:25.617,0.0,1,0,0.0,0,0,0,16:25:25.617,16:25:25.617
83,Manam,Manam SM Cebu,4283,0.0,0.0,10,0,100490,2,3,<NA>,15:51:13.91,2025-07-07,15:51:13.91,2025-07-07,True,False,965.0,965.0,103.39,-73.24,0,1,DINEIN1,1,False,0.0,0,False,15:51:13.91,2025-07-07,0.0,False,1,0.0,DINEIN1,0.0,0,0,-99.99,-10000000000,<NA>,0.0,0,4283,0,0,0,15:51:13.91,0.0,1,0,0.0,0,0,0,15:51:13.91,15:51:13.91
83,Manam,Manam SM Cebu,4284,0.0,0.0,0,0,108013,0,3,SNR-SOLO,16:23:53.583,2025-07-07,16:23:53.583,2025-07-07,True,False,267.85714,267.85714,0.0,0.0,0,1,TAKEOUT,1,False,53.57,0,False,16:23:53.583,2025-07-07,0.0,False,1,0.0,TAKEOUT,0.0,0,0,-99.99,-10000000000,<NA>,0.0,0,4284,0,0,0,16:23:53.583,0.0,1,0,0.0,0,0,0,16:23:53.583,16:23:53.583
83,Manam,Manam SM Cebu,4285,0.0,0.0,0,0,100490,0,12,<NA>,16:34:35.607,2025-07-07,16:34:35.607,2025-07-07,True,False,2508.0,2508.0,268.72,0.0,0,1,GRABFOOD,1,False,0.0,0,False,16:34:35.607,2025-07-07,0.0,False,1,0.0,GRABFOOD,0.0,0,0,-99.99,-10000000000,<NA>,0.0,0,4285,0,0,0,16:34:35.607,0.0,1,0,0.0,0,0,0,16:34:35.607,16:34:35.607
83,Manam,Manam SM Cebu,4286,0.0,0.0,26,0,100490,3,3,<NA>,15:50:53.043,2025-07-07,15:50:53.043,2025-07-07,True,False,2630.0,2630.0,292.5,-207.19,0,1,DINEIN1,1,False,0.0,0,False,15:50:53.043,2025-07-07,0.0,False,1,0.0,DINEIN1,0.0,0,0,-99.99,-10000000000,<NA>,0.0,0,4286,0,0,0,15:50:53.043,0.0,1,0,0.0,0,0,0,15:50:53.043,15:50:53.043
83,Manam,Manam SM Cebu,4287,0.0,0.0,35,0,100490,2,1,<NA>,14:50:38.96,2025-07-07,14:50:38.96,2025-07-07,True,False,1355.0,1355.0,145.17,-102.83,0,1,DINEIN1,1,False,0.0,0,False,14:50:38.96,2025-07-07,0.0,False,1,0.0,DINEIN1,0.0,0,0,-99.99,-10000000000,<NA>,0.0,0,4287,0,0,0,14:50:38.96,0.0,1,0,0.0,0,0,0,14:50:38.96,14:50:38.96
83,Manam,Manam SM Cebu,4288,0.0,0.0,30,0,100490,2,3,<NA>,15:57:17.323,2025-07-07,15:57:17.323,2025-07-07,True,False,1315.0,1315.0,150.0,-106.25,0,1,DINEIN1,1,False,0.0,0,False,15:57:17.323,2025-07-07,0.0,False,1,0.0,DINEIN1,0.0,0,0,-99.99,-10000000000,<NA>,0.0,0,4288,0,0,0,15:57:17.323,0.0,1,0,0.0,0,0,0,15:57:17.323,15:57:17.323
83,Manam,Manam SM Cebu,4289,0.0,0.0,7,0,100490,4,3,<NA>,15:07:53.413,2025-07-07,15:07:53.413,2025-07-07,True,False,1815.0,1815.0,194.47,-137.75,0,1,DINEIN1,1,False,0.0,0,False,15:07:53.413,2025-07-07,0.0,False,1,0.0,DINEIN1,0.0,0,0,-99.99,-10000000000,<NA>,0.0,0,4289,0,0,0,15:07:53.413,0.0,1,0,0.0,0,0,0,15:07:53.413,15:07:53.413
83,Manam,Manam SM Cebu,4290,0.0,0.0,11,0,100490,2,3,<NA>,16:07:16.277,2025-07-07,16:07:16.277,2025-07-07,True,False,1325.0,1325.0,141.96,-100.56,0,1,DINEIN1,1,False,0.0,0,False,16:07:16.277,2025-07-07,0.0,False,1,0.0,DINEIN1,0.0,0,0,-99.99,-10000000000,<NA>,0.0,0,4290,0,0,0,16:07:16.277,0.0,1,0,0.0,0,0,0,16:07:16.277,16:07:16.277
83,Manam,Manam SM Cebu,4291,0.0,0.0,20,0,100490,2,1,<NA>,16:05:55.413,2025-07-07,16:05:55.413,2025-07-07,True,False,643.5699999999999,643.5699999999999,36.43,-46.44,0,1,DINEIN1,1,False,60.71,0,False,16:05:55.413,2025-07-07,0.0,False,1,0.0,DINEIN1,0.0,0,0,-99.99,-10000000000,<NA>,0.0,0,4291,0,0,0,16:05:55.413,0.0,1,0,0.0,0,0,0,16:05:55.413,16:05:55.413
83,Manam,Manam SM Cebu,4292,0.0,0.0,6,0,100490,2,3,<NA>,16:09:43.477,2025-07-07,16:09:43.477,2025-07-07,True,False,1100.0,1100.0,128.57,-91.07,0,1,DINEIN1,1,False,0.0,0,False,16:09:43.477,2025-07-07,0.0,False,1,0.0,DINEIN1,0.0,0,0,-99.99,-10000000000,<NA>,0.0,0,4292,0,0,0,16:09:43.477,0.0,1,0,0.0,0,0,0,16:09:43.477,16:09:43.477
83,Manam,Manam SM Cebu,4293,0.0,0.0,0,0,100490,0,12,<NA>,16:56:10.607,2025-07-07,16:56:10.607,2025-07-07,True,False,268.0,268.0,28.71,0.0,0,1,GRABFOOD,1,False,0.0,0,False,16:56:10.607,2025-07-07,0.0,False,1,0.0,GRABFOOD,0.0,0,0,-99.99,-10000000000,<NA>,0.0,0,4293,0,0,0,16:56:10.607,0.0,1,0,0.0,0,0,0,16:56:10.607,16:56:10.607
83,Manam,Manam SM Cebu,4294,0.0,0.0,19,0,100490,4,3,<NA>,16:21:08.687,2025-07-07,16:21:08.687,2025-07-07,True,False,2505.0,2505.0,268.39,-190.11,0,1,DINEIN1,1,False,0.0,0,False,16:21:08.687,2025-07-07,0.0,False,1,0.0,DINEIN1,0.0,0,0,-99.99,-10000000000,<NA>,0.0,0,4294,0,0,0,16:21:08.687,0.0,1,0,0.0,0,0,0,16:21:08.687,16:21:08.687
83,Manam,Manam SM Cebu,4295,0.0,0.0,28,0,100490,1,1,<NA>,16:20:13.48,2025-07-07,16:20:13.48,2025-07-07,True,False,531.24,531.24,0.0,-36.12,0,1,DINEIN1,1,False,106.25,0,False,16:20:13.48,2025-07-07,0.0,False,1,0.0,DINEIN1,0.0,0,0,-99.99,-10000000000,<NA>,0.0,0,4295,0,0,0,16:20:13.48,0.0,1,0,0.0,0,0,0,16:20:13.48,16:20:13.48
83,Manam,Manam SM Cebu,4296,0.0,0.0,0,0,100490,0,10,<NA>,17:02:17.58,2025-07-07,17:02:17.58,2025-07-07,True,False,1055.0,1055.0,153.75,0.0,0,1,FOODPANDA,1,False,0.0,0,False,17:02:17.58,2025-07-07,0.0,False,1,0.0,FOODPANDA,0.0,0,0,-99.99,-10000000000,<NA>,0.0,0,4296,0,0,0,17:02:17.58,0.0,1,0,0.0,0,0,0,17:02:17.58,17:02:17.58
83,Manam,Manam SM Cebu,4297,0.0,0.0,45,0,100490,2,3,<NA>,15:56:57.387,2025-07-07,15:56:57.387,2025-07-07,True,False,1625.0,1625.0,197.68,-140.02,0,1,DINEIN1,1,False,0.0,0,False,15:56:57.387,2025-07-07,0.0,False,1,0.0,DINEIN1,0.0,0,0,-99.99,-10000000000,<NA>,0.0,0,4297,0,0,0,15:56:57.387,0.0,1,0,0.0,0,0,0,15:56:57.387,15:56:57.387
83,Manam,Manam SM Cebu,4298,0.0,0.0,34,0,100490,3,1,<NA>,16:03:00.387,2025-07-07,16:03:00.387,2025-07-07,True,False,1589.27,1589.27,0.0,-114.75,0,1,DINEIN1,1,False,337.5,0,False,16:03:00.387,2025-07-07,0.0,False,1,0.0,DINEIN1,0.0,0,0,-99.99,-10000000000,<NA>,0.0,0,4298,0,0,0,16:03:00.387,0.0,1,0,0.0,0,0,0,16:03:00.387,16:03:00.387
83,Manam,Manam SM Cebu,4299,0.0,0.0,0,0,100490,0,12,<NA>,17:11:57.813,2025-07-07,17:11:57.813,2025-07-07,True,False,473.0,473.0,50.68,0.0,0,1,GRABFOOD,1,False,0.0,0,False,17:11:57.813,2025-07-07,0.0,False,1,0.0,GRABFOOD,0.0,0,0,-99.99,-10000000000,<NA>,0.0,0,4299,0,0,0,17:11:57.813,0.0,1,0,0.0,0,0,0,17:11:57.813,17:11:57.813
83,Manam,Manam SM Cebu,4301,0.0,0.0,43,0,100490,1,1,<NA>,16:50:08.56,2025-07-07,16:50:08.56,2025-07-07,True,False,1075.0,1075.0,115.18,-81.58,0,1,DINEIN1,1,False,0.0,0,False,16:50:08.56,2025-07-07,0.0,False,1,0.0,DINEIN1,0.0,0,0,-99.99,-10000000000,<NA>,0.0,0,4301,0,0,0,16:50:08.56,0.0,1,0,0.0,0,0,0,16:50:08.56,16:50:08.56
83,Manam,Manam SM Cebu,4302,0.0,0.0,4,0,100490,2,3,<NA>,16:31:47.463,2025-07-07,16:31:47.463,2025-07-07,True,False,1270.0,1270.0,161.25,-114.22,0,1,DINEIN1,1,False,0.0,0,False,16:31:47.463,2025-07-07,0.0,False,1,0.0,DINEIN1,0.0,0,0,-99.99,-10000000000,<NA>,0.0,0,4302,0,0,0,16:31:47.463,0.0,1,0,0.0,0,0,0,16:31:47.463,16:31:47.463
83,Manam,Manam SM Cebu,4303,0.0,0.0,32,0,100490,2,1,<NA>,16:22:50.967,2025-07-07,16:22:50.967,2025-07-07,True,False,1490.0,1490.0,159.65,-113.08,0,1,DINEIN1,1,False,0.0,0,False,16:22:50.967,2025-07-07,0.0,False,1,0.0,DINEIN1,0.0,0,0,-99.99,-10000000000,<NA>,0.0,0,4303,0,0,0,16:22:50.967,0.0,1,0,0.0,0,0,0,16:22:50.967,16:22:50.967
83,Manam,Manam SM Cebu,4304,0.0,0.0,41,0,100490,3,1,<NA>,16:23:55.777,2025-07-07,16:23:55.777,2025-07-07,True,False,1313.93,1313.93,50.54,-93.07,0,1,DINEIN1,1,False,168.45,0,False,16:23:55.777,2025-07-07,0.0,False,1,0.0,DINEIN1,0.0,0,0,-99.99,-10000000000,<NA>,0.0,0,4304,0,0,0,16:23:55.777,0.0,1,0,0.0,0,0,0,16:23:55.777,16:23:55.777
83,Manam,Manam SM Cebu,4305,0.0,0.0,40,0,100490,2,1,<NA>,16:43:43.957,2025-07-07,16:43:43.957,2025-07-07,True,False,723.22,723.22,0.0,-49.18,0,1,DINEIN1,1,False,144.64,0,False,16:43:43.957,2025-07-07,0.0,False,1,0.0,DINEIN1,0.0,0,0,-99.99,-10000000000,<NA>,0.0,0,4305,0,0,0,16:43:43.957,0.0,1,0,0.0,0,0,0,16:43:43.957,16:43:43.957
83,Manam,Manam SM Cebu,4306,0.0,0.0,51,0,100490,8,3,<NA>,16:13:31.477,2025-07-07,16:13:31.477,2025-07-07,True,False,4113.17,4113.17,380.48857142857145,-341.38,0,1,DINEIN1,1,False,211.39,0,False,16:13:31.477,2025-07-07,0.0,False,1,0.0,DINEIN1,0.0,0,0,-99.99,-10000000000,<NA>,0.0,0,4306,0,0,0,16:13:31.477,0.0,1,0,0.0,0,0,0,16:13:31.477,16:13:31.477
83,Manam,Manam SM Cebu,4307,0.0,0.0,33,0,100490,2,3,<NA>,16:44:53.053,2025-07-07,16:44:53.053,2025-07-07,True,False,1305.0,1305.0,139.82,-99.04,0,1,DINEIN1,1,False,0.0,0,False,16:44:53.053,2025-07-07,0.0,False,1,0.0,DINEIN1,0.0,0,0,-99.99,-10000000000,<NA>,0.0,0,4307,0,0,0,16:44:53.053,0.0,1,0,0.0,0,0,0,16:44:53.053,16:44:53.053
83,Manam,Manam SM Cebu,4308,0.0,0.0,0,0,100490,0,10,<NA>,17:35:33.807,2025-07-07,17:35:33.807,2025-07-07,True,False,536.0,536.0,57.43,0.0,0,1,FOODPANDA,1,False,0.0,0,False,17:35:33.807,2025-07-07,0.0,False,1,0.0,FOODPANDA,0.0,0,0,-99.99,-10000000000,<NA>,0.0,0,4308,0,0,0,17:35:33.807,0.0,1,0,0.0,0,0,0,17:35:33.807,17:35:33.807
83,Manam,Manam SM Cebu,4309,0.0,0.0,15,0,100490,2,3,<NA>,16:44:59.07,2025-07-07,16:44:59.07,2025-07-07,True,False,1425.0,1425.0,152.68,-108.15,0,1,DINEIN1,1,False,0.0,0,False,16:44:59.07,2025-07-07,0.0,False,1,0.0,DINEIN1,0.0,0,0,-99.99,-10000000000,<NA>,0.0,0,4309,0,0,0,16:44:59.07,0.0,1,0,0.0,0,0,0,16:44:59.07,16:44:59.07
83,Manam,Manam SM Cebu,4310,0.0,0.0,0,0,100490,0,10,<NA>,17:37:56.53,2025-07-07,17:37:56.53,2025-07-07,True,False,1033.0,1033.0,110.68,0.0,0,1,FOODPANDA,1,False,0.0,0,False,17:37:56.53,2025-07-07,0.0,False,1,0.0,FOODPANDA,0.0,0,0,-99.99,-10000000000,<NA>,0.0,0,4310,0,0,0,17:37:56.53,0.0,1,0,0.0,0,0,0,17:37:56.53,17:37:56.53
83,Manam,Manam SM Cebu,4311,0.0,0.0,0,0,100490,0,12,<NA>,17:41:06.843,2025-07-07,17:41:06.843,2025-07-07,True,False,468.0,468.0,50.14,0.0,0,1,GRABFOOD,1,False,0.0,0,False,17:41:06.843,2025-07-07,0.0,False,1,0.0,GRABFOOD,0.0,0,0,-99.99,-10000000000,<NA>,0.0,0,4311,0,0,0,17:41:06.843,0.0,1,0,0.0,0,0,0,17:41:06.843,17:41:06.843
83,Manam,Manam SM Cebu,4312,0.0,0.0,21,0,100490,2,3,<NA>,16:53:44.237,2025-07-07,16:53:44.237,2025-07-07,True,False,1433.04,1433.04,0.0,-97.45,0,1,DINEIN1,1,False,286.62,0,False,16:53:44.237,2025-07-07,0.0,False,1,0.0,DINEIN1,0.0,0,0,-99.99,-10000000000,<NA>,0.0,0,4312,0,0,0,16:53:44.237,0.0,1,0,0.0,0,0,0,16:53:44.237,16:53:44.237
83,Manam,Manam SM Cebu,4313,0.0,0.0,30,0,100490,1,3,<NA>,17:32:12.99,2025-07-07,17:32:12.99,2025-07-07,True,False,218.75,218.75,0.0,-14.88,0,1,DINEIN1,1,False,43.75,0,False,17:32:12.99,2025-07-07,0.0,False,1,0.0,DINEIN1,0.0,0,0,-99.99,-10000000000,<NA>,0.0,0,4313,0,0,0,17:32:12.99,0.0,1,0,0.0,0,0,0,17:32:12.99,17:32:12.99
83,Manam,Manam SM Cebu,4314,0.0,0.0,10,0,100490,2,5,<NA>,17:06:16.317,2025-07-07,17:06:16.317,2025-07-07,True,False,1510.0,1510.0,161.78,-114.6,0,1,DINEIN1,1,False,0.0,0,False,17:06:16.317,2025-07-07,0.0,False,1,0.0,DINEIN1,0.0,0,0,-99.99,-10000000000,<NA>,0.0,0,4314,0,0,0,17:06:16.317,0.0,1,0,0.0,0,0,0,17:06:16.317,17:06:16.317
83,Manam,Manam SM Cebu,4315,0.0,0.0,23,0,100490,4,1,<NA>,16:48:11.237,2025-07-07,16:48:11.237,2025-07-07,True,False,2090.1800000000003,2090.1800000000003,125.89571428571428,-160.51,0,1,DINEIN1,1,False,209.81,0,False,16:48:11.237,2025-07-07,0.0,False,1,0.0,DINEIN1,0.0,0,0,-99.99,-10000000000,<NA>,0.0,0,4315,0,0,0,16:48:11.237,0.0,1,0,0.0,0,0,0,16:48:11.237,16:48:11.237
83,Manam,Manam SM Cebu,4316,0.0,0.0,50,0,100490,6,3,<NA>,17:22:28.107,2025-07-07,17:22:28.107,2025-07-07,True,False,3495.3599999999997,3495.3599999999997,289.2857142857143,-286.87,0,1,DINEIN1,1,False,241.07,0,False,17:22:28.107,2025-07-07,0.0,False,1,0.0,DINEIN1,0.0,0,0,-99.99,-10000000000,<NA>,0.0,0,4316,0,0,0,17:22:28.107,0.0,1,0,0.0,0,0,0,17:22:28.107,17:22:28.107
83,Manam,Manam SM Cebu,4317,0.0,0.0,0,0,108000,0,1,<NA>,18:05:21.75,2025-07-07,18:05:21.75,2025-07-07,True,False,625.0,625.0,66.96,0.0,0,1,TAKEOUT,1,False,0.0,0,False,18:05:21.75,2025-07-07,0.0,False,1,0.0,TAKEOUT,0.0,0,0,-99.99,-10000000000,<NA>,0.0,0,4317,0,0,0,18:05:21.75,0.0,1,0,0.0,0,0,0,18:05:21.75,18:05:21.75
83,Manam,Manam SM Cebu,4318,0.0,0.0,26,0,100490,1,1,<NA>,17:31:21.6,2025-07-07,17:31:21.6,2025-07-07,True,False,775.0,775.0,83.03,-58.82,0,1,DINEIN1,1,False,0.0,0,False,17:31:21.6,2025-07-07,0.0,False,1,0.0,DINEIN1,0.0,0,0,-99.99,-10000000000,<NA>,0.0,0,4318,0,0,0,17:31:21.6,0.0,1,0,0.0,0,0,0,17:31:21.6,17:31:21.6
83,Manam,Manam SM Cebu,4319,0.0,0.0,32,0,100490,2,1,<NA>,17:35:50.313,2025-07-07,17:35:50.313,2025-07-07,True,False,1220.0,1220.0,117.64,-83.33,0,1,DINEIN1,1,False,122.0,0,False,17:35:50.313,2025-07-07,0.0,False,1,0.0,DINEIN1,0.0,0,0,-99.99,-10000000000,10282492,0.0,0,4319,0,0,0,17:35:50.313,0.0,1,0,0.0,0,0,0,17:35:50.313,17:35:50.313
83,Manam,Manam SM Cebu,4320,0.0,0.0,44,0,100490,2,1,<NA>,17:20:44.407,2025-07-07,17:20:44.407,2025-07-07,True,False,1350.0,1350.0,154.82,-109.67,0,1,DINEIN1,1,False,0.0,0,False,17:20:44.407,2025-07-07,0.0,False,1,0.0,DINEIN1,0.0,0,0,-99.99,-10000000000,<NA>,0.0,0,4320,0,0,0,17:20:44.407,0.0,1,0,0.0,0,0,0,17:20:44.407,17:20:44.407
83,Manam,Manam SM Cebu,4321,0.0,0.0,4,0,100490,17,1,<NA>,17:27:40.243,2025-07-07,17:27:40.243,2025-07-07,True,False,10810.0,10810.0,1454.45,-1030.25,0,1,DINEIN1,1,False,0.0,0,False,17:27:40.243,2025-07-07,0.0,False,1,0.0,DINEIN1,0.0,0,0,-99.99,-10000000000,<NA>,0.0,0,4321,0,0,0,17:27:40.243,0.0,1,0,0.0,0,0,0,17:27:40.243,17:27:40.243
83,Manam,Manam SM Cebu,4322,0.0,0.0,10,0,105539,2,3,<NA>,17:56:25.903,2025-07-07,17:56:25.903,2025-07-07,True,False,2001.7,2001.7,113.31,-144.47,0,1,DINEIN1,1,False,188.84,0,False,17:56:25.903,2025-07-07,0.0,False,1,0.0,DINEIN1,0.0,0,0,-99.99,-10000000000,<NA>,0.0,0,4322,0,0,0,17:56:25.903,0.0,1,0,0.0,0,0,0,17:56:25.903,17:56:25.903
83,Manam,Manam SM Cebu,4323,0.0,0.0,20,0,105539,3,3,<NA>,17:06:35.62,2025-07-07,17:06:35.62,2025-07-07,True,False,1370.53,1370.53,0.0,-98.66,0,1,DINEIN1,1,False,290.17,0,False,17:06:35.62,2025-07-07,0.0,False,1,0.0,DINEIN1,0.0,0,0,-99.99,-10000000000,<NA>,0.0,0,4323,0,0,0,17:06:35.62,0.0,1,0,0.0,0,0,0,17:06:35.62,17:06:35.62
83,Manam,Manam SM Cebu,4324,0.0,0.0,11,0,105539,5,3,<NA>,17:01:35.173,2025-07-07,17:01:35.173,2025-07-07,True,False,3450.0,3450.0,433.93,-307.37,0,1,DINEIN1,1,False,0.0,0,False,17:01:35.173,2025-07-07,0.0,False,1,0.0,DINEIN1,0.0,0,0,-99.99,-10000000000,<NA>,0.0,0,4324,0,0,0,17:01:35.173,0.0,1,0,0.0,0,0,0,17:01:35.173,17:01:35.173
83,Manam,Manam SM Cebu,4325,0.0,0.0,30,0,105539,1,3,<NA>,17:51:35.683,2025-07-07,17:51:35.683,2025-07-07,True,False,1045.0,1045.0,111.96,-79.31,0,1,DINEIN1,1,False,0.0,0,False,17:51:35.683,2025-07-07,0.0,False,1,0.0,DINEIN1,0.0,0,0,-99.99,-10000000000,<NA>,0.0,0,4325,0,0,0,17:51:35.683,0.0,1,0,0.0,0,0,0,17:51:35.683,17:51:35.683
83,Manam,Manam SM Cebu,4326,0.0,0.0,19,0,105539,8,3,<NA>,17:43:57.287,2025-07-07,17:43:57.287,2025-07-07,True,False,3109.06,3109.06,321.56,-253.8,0,1,DINEIN1,1,False,76.56,0,False,17:43:57.287,2025-07-07,0.0,False,1,0.0,DINEIN1,0.0,0,0,-99.99,-10000000000,<NA>,0.0,0,4326,0,0,0,17:43:57.287,0.0,1,0,0.0,0,0,0,17:43:57.287,17:43:57.287
83,Manam,Manam SM Cebu,4327,0.0,0.0,43,0,105539,2,1,<NA>,17:55:17.23,2025-07-07,17:55:17.23,2025-07-07,True,False,1555.0,1555.0,182.68,-129.4,0,1,DINEIN1,1,False,0.0,0,False,17:55:17.23,2025-07-07,0.0,False,1,0.0,DINEIN1,0.0,0,0,-99.99,-10000000000,<NA>,0.0,0,4327,0,0,0,17:55:17.23,0.0,1,0,0.0,0,0,0,17:55:17.23,17:55:17.23
83,Manam,Manam SM Cebu,4328,0.0,0.0,28,0,105539,5,3,<NA>,17:26:56.41,2025-07-07,17:26:56.41,2025-07-07,True,False,3780.0,3780.0,428.56,-303.57,0,1,DINEIN1,1,False,0.0,0,False,17:26:56.41,2025-07-07,0.0,False,1,0.0,DINEIN1,0.0,0,0,-99.99,-10000000000,<NA>,0.0,0,4328,0,0,0,17:26:56.41,0.0,1,0,0.0,0,0,0,17:26:56.41,17:26:56.41
83,Manam,Manam SM Cebu,4329,0.0,0.0,34,0,105539,2,1,<NA>,17:54:06.18,2025-07-07,17:54:06.18,2025-07-07,True,False,5410.0,5410.0,701.24,-496.72,0,1,DINEIN1,1,False,0.0,0,False,17:54:06.18,2025-07-07,0.0,False,1,0.0,DINEIN1,0.0,0,0,-99.99,-10000000000,<NA>,0.0,0,4329,0,0,0,17:54:06.18,0.0,1,0,0.0,0,0,0,17:54:06.18,17:54:06.18
83,Manam,Manam SM Cebu,4330,0.0,0.0,45,0,105539,4,3,<NA>,18:12:22.267,2025-07-07,18:12:22.267,2025-07-07,True,False,3182.41,3182.41,262.7628571428571,-235.76,0,1,DINEIN1,1,False,145.98,0,False,18:12:22.267,2025-07-07,0.0,False,1,0.0,DINEIN1,0.0,0,0,-99.99,-10000000000,<NA>,0.0,0,4330,0,0,0,18:12:22.267,0.0,1,0,0.0,0,0,0,18:12:22.267,18:12:22.267
83,Manam,Manam SM Cebu,4331,0.0,0.0,21,0,105539,2,3,<NA>,18:11:19.047,2025-07-07,18:11:19.047,2025-07-07,True,False,1710.0,1710.0,183.21,-129.78,0,1,DINEIN1,1,False,0.0,0,False,18:11:19.047,2025-07-07,0.0,False,1,0.0,DINEIN1,0.0,0,0,-99.99,-10000000000,<NA>,0.0,0,4331,0,0,0,18:11:19.047,0.0,1,0,0.0,0,0,0,18:11:19.047,18:11:19.047
83,Manam,Manam SM Cebu,4332,0.0,0.0,51,0,105539,6,3,<NA>,18:06:27.103,2025-07-07,18:06:27.103,2025-07-07,True,False,3745.54,3745.54,448.65142857142854,-367.55,0,1,DINEIN1,1,False,149.11,0,False,18:06:27.103,2025-07-07,0.0,False,1,0.0,DINEIN1,0.0,0,0,-99.99,-10000000000,<NA>,0.0,0,4332,0,0,0,18:06:27.103,0.0,1,0,0.0,0,0,0,18:06:27.103,18:06:27.103
83,Manam,Manam SM Cebu,4333,0.0,0.0,44,0,105539,4,1,<NA>,18:28:37.827,2025-07-07,18:28:37.827,2025-07-07,True,False,1270.0,1270.0,136.07,-96.38,0,1,DINEIN1,1,False,0.0,0,False,18:28:37.827,2025-07-07,0.0,False,1,0.0,DINEIN1,0.0,0,0,-99.99,-10000000000,<NA>,0.0,0,4333,0,0,0,18:28:37.827,0.0,1,0,0.0,0,0,0,18:28:37.827,18:28:37.827
83,Manam,Manam SM Cebu,4334,0.0,0.0,0,0,100490,0,1,<NA>,15:58:59.713,2025-07-07,15:58:59.713,2025-07-07,True,False,0.0,0.0,0.0,0.0,0,1,ZR-PR,1,False,0.0,0,False,15:58:59.713,2025-07-07,0.0,False,1,0.0,ZR-PR,0.0,0,0,-99.99,-10000000000,<NA>,0.0,0,4334,0,0,0,15:58:59.713,0.0,1,0,0.0,0,0,0,15:58:59.713,15:58:59.713
83,Manam,Manam SM Cebu,4335,0.0,0.0,50,0,105539,8,3,<NA>,18:19:09.567,2025-07-07,18:19:09.567,2025-07-07,True,False,6450.18,6450.18,663.7428571428571,-523.89,0,1,DINEIN1,1,False,158.04,0,False,18:19:09.567,2025-07-07,0.0,False,1,0.0,DINEIN1,0.0,0,0,-99.99,-10000000000,<NA>,0.0,0,4335,0,0,0,18:19:09.567,0.0,1,0,0.0,0,0,0,18:19:09.567,18:19:09.567
83,Manam,Manam SM Cebu,4336,0.0,0.0,10,0,105539,2,3,<NA>,18:42:50.49,2025-07-07,18:42:50.49,2025-07-07,True,False,1632.5900000000001,1632.5900000000001,92.4,-117.83,0,1,DINEIN1,1,False,154.02,0,False,18:42:50.49,2025-07-07,0.0,False,1,0.0,DINEIN1,0.0,0,0,-99.99,-10000000000,<NA>,0.0,0,4336,0,0,0,18:42:50.49,0.0,1,0,0.0,0,0,0,18:42:50.49,18:42:50.49
83,Manam,Manam SM Cebu,4337,0.0,0.0,26,0,105539,1,3,<NA>,18:38:55.537,2025-07-07,18:38:55.537,2025-07-07,True,False,1220.0,1220.0,130.71,-92.59,0,1,DINEIN1,1,False,0.0,0,False,18:38:55.537,2025-07-07,0.0,False,1,0.0,DINEIN1,0.0,0,0,-99.99,-10000000000,<NA>,0.0,0,4337,0,0,0,18:38:55.537,0.0,1,0,0.0,0,0,0,18:38:55.537,18:38:55.537
83,Manam,Manam SM Cebu,4338,0.0,0.0,1,0,105539,5,1,<NA>,18:29:49.397,2025-07-07,18:29:49.397,2025-07-07,True,False,2246.86,2246.86,212.56714285714284,-180.68,0,1,DINEIN1,1,False,88.57,0,False,18:29:49.397,2025-07-07,0.0,False,1,0.0,DINEIN1,0.0,0,0,-99.99,-10000000000,<NA>,0.0,0,4338,0,0,0,18:29:49.397,0.0,1,0,0.0,0,0,0,18:29:49.397,18:29:49.397
83,Manam,Manam SM Cebu,4339,0.0,0.0,0,0,100490,0,1,<NA>,08:10:58.53,2025-07-07,08:10:58.53,2025-07-07,True,False,0.0,0.0,0.0,0.0,0,1,ZR-TRAINING,1,False,0.0,0,False,08:10:58.53,2025-07-07,0.0,False,1,0.0,ZR-TRAINING,0.0,0,0,-99.99,-10000000000,<NA>,0.0,0,4339,0,0,0,08:10:58.53,0.0,1,0,0.0,0,0,0,08:10:58.53,08:10:58.53
83,Manam,Manam SM Cebu,4340,0.0,0.0,30,0,105539,4,3,<NA>,18:40:15.17,2025-07-07,18:40:15.17,2025-07-07,True,False,1555.0,1555.0,166.62,-118.01,0,1,DINEIN1,1,False,0.0,0,False,18:40:15.17,2025-07-07,0.0,False,1,0.0,DINEIN1,0.0,0,0,-99.99,-10000000000,<NA>,0.0,0,4340,0,0,0,18:40:15.17,0.0,1,0,0.0,0,0,0,18:40:15.17,18:40:15.17
83,Manam,Manam SM Cebu,4341,0.0,0.0,0,0,100490,0,1,<NA>,19:54:17.237,2025-07-07,19:54:17.237,2025-07-07,True,False,100.0,100.0,10.71,0.0,0,1,TAKEOUT,1,False,0.0,0,False,19:54:17.237,2025-07-07,0.0,False,1,0.0,TAKEOUT,0.0,0,0,-99.99,-10000000000,<NA>,0.0,0,4341,0,0,0,19:54:17.237,0.0,1,0,0.0,0,0,0,19:54:17.237,19:54:17.237
83,Manam,Manam SM Cebu,4342,0.0,0.0,12,0,105539,9,3,<NA>,17:37:47.463,2025-07-07,17:37:47.463,2025-07-07,True,False,3135.0,3135.0,498.75,-353.28,0,1,DINEIN1,1,False,0.0,0,False,17:37:47.463,2025-07-07,0.0,False,1,0.0,DINEIN1,0.0,0,0,-99.99,-10000000000,<NA>,0.0,0,4342,0,0,0,17:37:47.463,0.0,1,0,0.0,0,0,0,17:37:47.463,17:37:47.463
83,Manam,Manam SM Cebu,4343,0.0,0.0,0,0,105539,0,12,<NA>,20:06:23.733,2025-07-07,20:06:23.733,2025-07-07,True,False,1090.0,1090.0,175.71,0.0,0,1,GRABFOOD,1,False,0.0,0,False,20:06:23.733,2025-07-07,0.0,False,1,0.0,GRABFOOD,0.0,0,0,-99.99,-10000000000,<NA>,0.0,0,4343,0,0,0,20:06:23.733,0.0,1,0,0.0,0,0,0,20:06:23.733,20:06:23.733
83,Manam,Manam SM Cebu,4344,0.0,0.0,0,0,105539,0,12,<NA>,20:08:11.543,2025-07-07,20:08:11.543,2025-07-07,True,False,485.0,485.0,51.96,0.0,0,1,GRABFOOD,1,False,0.0,0,False,20:08:11.543,2025-07-07,0.0,False,1,0.0,GRABFOOD,0.0,0,0,-99.99,-10000000000,<NA>,0.0,0,4344,0,0,0,20:08:11.543,0.0,1,0,0.0,0,0,0,20:08:11.543,20:08:11.543
83,Manam,Manam SM Cebu,4345,0.0,0.0,0,0,105539,0,12,<NA>,20:09:24.767,2025-07-07,20:09:24.767,2025-07-07,True,False,380.0,380.0,40.71,0.0,0,1,GRABFOOD,1,False,0.0,0,False,20:09:24.767,2025-07-07,0.0,False,1,0.0,GRABFOOD,0.0,0,0,-99.99,-10000000000,<NA>,0.0,0,4345,0,0,0,20:09:24.767,0.0,1,0,0.0,0,0,0,20:09:24.767,20:09:24.767
83,Manam,Manam SM Cebu,4346,0.0,0.0,0,0,105539,0,12,<NA>,20:11:15.187,2025-07-07,20:11:15.187,2025-07-07,True,False,1020.0,1020.0,109.29,0.0,0,1,GRABFOOD,1,False,0.0,0,False,20:11:15.187,2025-07-07,0.0,False,1,0.0,GRABFOOD,0.0,0,0,-99.99,-10000000000,<NA>,0.0,0,4346,0,0,0,20:11:15.187,0.0,1,0,0.0,0,0,0,20:11:15.187,20:11:15.187
83,Manam,Manam SM Cebu,4347,0.0,0.0,45,0,105539,3,3,<NA>,19:17:11.287,2025-07-07,19:17:11.287,2025-07-07,True,False,1555.0,1555.0,203.58,-144.2,0,1,DINEIN1,1,False,0.0,0,False,19:17:11.287,2025-07-07,0.0,False,1,0.0,DINEIN1,0.0,0,0,-99.99,-10000000000,<NA>,0.0,0,4347,0,0,0,19:17:11.287,0.0,1,0,0.0,0,0,0,19:17:11.287,19:17:11.287
83,Manam,Manam SM Cebu,4348,0.0,0.0,0,0,105539,0,12,<NA>,20:13:49.693,2025-07-07,20:13:49.693,2025-07-07,True,False,480.0,480.0,51.43,0.0,0,1,GRABFOOD,1,False,0.0,0,False,20:13:49.693,2025-07-07,0.0,False,1,0.0,GRABFOOD,0.0,0,0,-99.99,-10000000000,<NA>,0.0,0,4348,0,0,0,20:13:49.693,0.0,1,0,0.0,0,0,0,20:13:49.693,20:13:49.693
83,Manam,Manam SM Cebu,4349,0.0,0.0,44,0,105539,3,1,<NA>,19:21:52.99,2025-07-07,19:21:52.99,2025-07-07,True,False,1310.0,1310.0,140.37,-99.42,0,1,DINEIN1,1,False,0.0,0,False,19:21:52.99,2025-07-07,0.0,False,1,0.0,DINEIN1,0.0,0,0,-99.99,-10000000000,<NA>,0.0,0,4349,0,0,0,19:21:52.99,0.0,1,0,0.0,0,0,0,19:21:52.99,19:21:52.99
83,Manam,Manam SM Cebu,4350,0.0,0.0,19,0,105539,9,3,<NA>,19:01:43.77,2025-07-07,19:01:43.77,2025-07-07,True,False,4950.0,4950.0,566.25,-401.09,0,1,DINEIN1,1,False,0.0,0,False,19:01:43.77,2025-07-07,0.0,False,1,0.0,DINEIN1,0.0,0,0,-99.99,-10000000000,<NA>,0.0,0,4350,0,0,0,19:01:43.77,0.0,1,0,0.0,0,0,0,19:01:43.77,19:01:43.77
83,Manam,Manam SM Cebu,4351,0.0,0.0,28,0,105539,4,3,<NA>,19:05:19.953,2025-07-07,19:05:19.953,2025-07-07,True,False,2060.0,2060.0,260.36,-184.42,0,1,DINEIN1,1,False,0.0,0,False,19:05:19.953,2025-07-07,0.0,False,1,0.0,DINEIN1,0.0,0,0,-99.99,-10000000000,<NA>,0.0,0,4351,0,0,0,19:05:19.953,0.0,1,0,0.0,0,0,0,19:05:19.953,19:05:19.953
83,Manam,Manam SM Cebu,4352,0.0,0.0,25,0,105539,2,3,<NA>,19:37:57.08,2025-07-07,19:37:57.08,2025-07-07,True,False,1465.0,1465.0,156.97,-111.18,0,1,DINEIN1,1,False,0.0,0,False,19:37:57.08,2025-07-07,0.0,False,1,0.0,DINEIN1,0.0,0,0,-99.99,-10000000000,<NA>,0.0,0,4352,0,0,0,19:37:57.08,0.0,1,0,0.0,0,0,0,19:37:57.08,19:37:57.08
83,Manam,Manam SM Cebu,4353,0.0,0.0,23,0,105539,5,3,<NA>,18:13:42.447,2025-07-07,18:13:42.447,2025-07-07,True,False,4075.0,4075.0,436.61,-309.26,0,1,DINEIN1,1,False,0.0,0,False,18:13:42.447,2025-07-07,0.0,False,1,0.0,DINEIN1,0.0,0,0,-99.99,-10000000000,<NA>,0.0,0,4353,0,0,0,18:13:42.447,0.0,1,0,0.0,0,0,0,18:13:42.447,18:13:42.447
83,Manam,Manam SM Cebu,4354,0.0,0.0,10,0,105539,2,1,<NA>,19:39:26.577,2025-07-07,19:39:26.577,2025-07-07,True,False,1260.0,1260.0,134.99,-95.63,0,1,DINEIN1,1,False,0.0,0,False,19:39:26.577,2025-07-07,0.0,False,1,0.0,DINEIN1,0.0,0,0,-99.99,-10000000000,<NA>,0.0,0,4354,0,0,0,19:39:26.577,0.0,1,0,0.0,0,0,0,19:39:26.577,19:39:26.577
83,Manam,Manam SM Cebu,4355,0.0,0.0,7,0,105539,6,3,<NA>,18:53:47.697,2025-07-07,18:53:47.697,2025-07-07,True,False,3625.0,3625.0,428.03,-303.19,0,1,DINEIN1,1,False,0.0,0,False,18:53:47.697,2025-07-07,0.0,False,1,0.0,DINEIN1,0.0,0,0,-99.99,-10000000000,<NA>,0.0,0,4355,0,0,0,18:53:47.697,0.0,1,0,0.0,0,0,0,18:53:47.697,18:53:47.697
83,Manam,Manam SM Cebu,4356,0.0,0.0,0,0,108088,0,3,<NA>,19:51:11.867,2025-07-07,19:51:11.867,2025-07-07,True,False,455.71000000000004,455.71000000000004,31.61,0.0,0,1,TAKEOUT,1,False,32.14,0,False,19:51:11.867,2025-07-07,0.0,False,1,0.0,TAKEOUT,0.0,0,0,-99.99,-10000000000,<NA>,0.0,0,4356,0,0,0,19:51:11.867,0.0,1,0,0.0,0,0,0,19:51:11.867,19:51:11.867
83,Manam,Manam SM Cebu,4357,0.0,0.0,33,0,105539,3,1,<NA>,19:18:42.957,2025-07-07,19:18:42.957,2025-07-07,True,False,1204.47,1204.47,104.91714285714284,-100.23,0,1,DINEIN1,1,False,84.23,0,False,19:18:42.957,2025-07-07,0.0,False,1,0.0,DINEIN1,0.0,0,0,-99.99,-10000000000,<NA>,0.0,0,4357,0,0,0,19:18:42.957,0.0,1,0,0.0,0,0,0,19:18:42.957,19:18:42.957
83,Manam,Manam SM Cebu,4358,0.0,0.0,6,0,105539,6,3,<NA>,18:57:10.837,2025-07-07,18:57:10.837,2025-07-07,True,False,5970.0,5970.0,658.38,-466.36,0,1,DINEIN1,1,False,0.0,0,False,18:57:10.837,2025-07-07,0.0,False,1,0.0,DINEIN1,0.0,0,0,-99.99,-10000000000,<NA>,0.0,0,4358,0,0,0,18:57:10.837,0.0,1,0,0.0,0,0,0,18:57:10.837,18:57:10.837
83,Manam,Manam SM Cebu,4359,0.0,0.0,20,0,105539,2,3,<NA>,19:13:45.293,2025-07-07,19:13:45.293,2025-07-07,True,False,1325.0,1325.0,141.96,-100.56,0,1,DINEIN1,1,False,0.0,0,False,19:13:45.293,2025-07-07,0.0,False,1,0.0,DINEIN1,0.0,0,0,-99.99,-10000000000,<NA>,0.0,0,4359,0,0,0,19:13:45.293,0.0,1,0,0.0,0,0,0,19:13:45.293,19:13:45.293
83,Manam,Manam SM Cebu,4360,0.0,0.0,4,0,105539,5,3,<NA>,18:45:48.36,2025-07-07,18:45:48.36,2025-07-07,True,False,2855.0,2855.0,381.97,-270.56,0,1,DINEIN1,1,False,0.0,0,False,18:45:48.36,2025-07-07,0.0,False,1,0.0,DINEIN1,0.0,0,0,-99.99,-10000000000,<NA>,0.0,0,4360,0,0,0,18:45:48.36,0.0,1,0,0.0,0,0,0,18:45:48.36,18:45:48.36
83,Manam,Manam SM Cebu,4361,0.0,0.0,35,0,105539,6,3,<NA>,19:22:31.887,2025-07-07,19:22:31.887,2025-07-07,True,False,3053.12,3053.12,309.37285714285713,-254.2,0,1,DINEIN1,1,False,103.12,0,False,19:22:31.887,2025-07-07,0.0,False,1,0.0,DINEIN1,0.0,0,0,-99.99,-10000000000,<NA>,0.0,0,4361,0,0,0,19:22:31.887,0.0,1,0,0.0,0,0,0,19:22:31.887,19:22:31.887
83,Manam,Manam SM Cebu,4362,0.0,0.0,1,0,105539,4,3,<NA>,19:50:49.967,2025-07-07,19:50:49.967,2025-07-07,True,False,1430.0,1430.0,170.36,-120.67,0,1,DINEIN1,1,False,0.0,0,False,19:50:49.967,2025-07-07,0.0,False,1,0.0,DINEIN1,0.0,0,0,-99.99,-10000000000,<NA>,0.0,0,4362,0,0,0,19:50:49.967,0.0,1,0,0.0,0,0,0,19:50:49.967,19:50:49.967
83,Manam,Manam SM Cebu,4363,0.0,0.0,51,0,105539,6,3,<NA>,19:28:35.747,2025-07-07,19:28:35.747,2025-07-07,True,False,2790.0,2790.0,318.75,-225.78,0,1,DINEIN1,1,False,0.0,0,False,19:28:35.747,2025-07-07,0.0,False,1,0.0,DINEIN1,0.0,0,0,-99.99,-10000000000,<NA>,0.0,0,4363,0,0,0,19:28:35.747,0.0,1,0,0.0,0,0,0,19:28:35.747,19:28:35.747
83,Manam,Manam SM Cebu,4365,0.0,0.0,45,0,105539,3,3,<NA>,20:13:33.363,2025-07-07,20:13:33.363,2025-07-07,True,False,1703.21,1703.21,69.29285714285714,-127.6,0,1,DINEIN1,1,False,230.95,0,False,20:13:33.363,2025-07-07,0.0,False,1,0.0,DINEIN1,0.0,0,0,-99.99,-10000000000,<NA>,0.0,0,4365,0,0,0,20:13:33.363,0.0,1,0,0.0,0,0,0,20:13:33.363,20:13:33.363
83,Manam,Manam SM Cebu,4366,0.0,0.0,50,0,105539,7,3,<NA>,19:41:15.443,2025-07-07,19:41:15.443,2025-07-07,True,False,3922.01,3922.01,377.90142857142854,-303.38,0,1,DINEIN1,1,False,104.98,0,False,19:41:15.443,2025-07-07,0.0,False,1,0.0,DINEIN1,0.0,0,0,-99.99,-10000000000,<NA>,0.0,0,4366,0,0,0,19:41:15.443,0.0,1,0,0.0,0,0,0,19:41:15.443,19:41:15.443
83,Manam,Manam SM Cebu,4369,0.0,0.0,12,0,105539,5,1,<NA>,19:51:25.63,2025-07-07,19:51:25.63,2025-07-07,True,False,2348.57,2348.57,205.71714285714285,-174.85,0,1,DINEIN1,1,False,85.71,0,False,19:51:25.63,2025-07-07,0.0,False,1,0.0,DINEIN1,0.0,0,0,-99.99,-10000000000,<NA>,0.0,0,4369,0,0,0,19:51:25.63,0.0,1,0,0.0,0,0,0,19:51:25.63,19:51:25.63
83,Manam,Manam SM Cebu,4370,0.0,0.0,21,0,105539,2,3,<NA>,19:44:06.56,2025-07-07,19:44:06.56,2025-07-07,True,False,1075.0,1075.0,115.17,-81.58,0,1,DINEIN1,1,False,0.0,0,False,19:44:06.56,2025-07-07,0.0,False,1,0.0,DINEIN1,0.0,0,0,-99.99,-10000000000,<NA>,0.0,0,4370,0,0,0,19:44:06.56,0.0,1,0,0.0,0,0,0,19:44:06.56,19:44:06.56
83,Manam,Manam SM Cebu,4371,0.0,0.0,0,0,105539,0,1,<NA>,14:56:53.017,2025-07-07,14:56:53.017,2025-07-07,True,False,0.0,0.0,0.0,0.0,0,1,ZR-MAN,1,False,0.0,0,False,14:56:53.017,2025-07-07,0.0,False,1,0.0,ZR-MAN,0.0,0,0,-99.99,-10000000000,<NA>,0.0,0,4371,0,0,0,14:56:53.017,0.0,1,0,0.0,0,0,0,14:56:53.017,14:56:53.017
83,Manam,Manam SM Cebu,4373,0.0,0.0,32,0,105539,4,1,<NA>,20:39:01.663,2025-07-07,20:39:01.663,2025-07-07,True,False,1627.76,1627.76,47.408571428571435,-114.18,0,1,DINEIN1,1,False,237.06,0,False,20:39:01.663,2025-07-07,0.0,False,1,0.0,DINEIN1,0.0,0,0,-99.99,-10000000000,<NA>,0.0,0,4373,0,0,0,20:39:01.663,0.0,1,0,0.0,0,0,0,20:39:01.663,20:39:01.663
83,Manam,Manam SM Cebu,4374,0.0,0.0,19,0,105539,5,3,<NA>,20:23:53.383,2025-07-07,20:23:53.383,2025-07-07,True,False,2635.0,2635.0,342.33,-242.48,0,1,DINEIN1,1,False,0.0,0,False,20:23:53.383,2025-07-07,0.0,False,1,0.0,DINEIN1,0.0,0,0,-99.99,-10000000000,<NA>,0.0,0,4374,0,0,0,20:23:53.383,0.0,1,0,0.0,0,0,0,20:23:53.383,20:23:53.383
83,Manam,Manam SM Cebu,4375,0.0,0.0,28,0,105539,3,1,<NA>,20:20:16.697,2025-07-07,20:20:16.697,2025-07-07,True,False,5730.0,5730.0,641.25,-454.22,0,1,DINEIN1,1,False,0.0,0,False,20:20:16.697,2025-07-07,0.0,False,1,0.0,DINEIN1,0.0,0,0,-99.99,-10000000000,<NA>,0.0,0,4375,0,0,0,20:20:16.697,0.0,1,0,0.0,0,0,0,20:20:16.697,20:20:16.697
83,Manam,Manam SM Cebu,4376,0.0,0.0,7,0,105539,3,3,<NA>,20:32:32.003,2025-07-07,20:32:32.003,2025-07-07,True,False,1355.0,1355.0,177.32,-125.6,0,1,DINEIN1,1,False,0.0,0,False,20:32:32.003,2025-07-07,0.0,False,1,0.0,DINEIN1,0.0,0,0,-99.99,-10000000000,<NA>,0.0,0,4376,0,0,0,20:32:32.003,0.0,1,0,0.0,0,0,0,20:32:32.003,20:32:32.003
83,Manam,Manam SM Cebu,4377,0.0,0.0,35,0,105539,3,3,<NA>,20:41:03.553,2025-07-07,20:41:03.553,2025-07-07,True,False,2400.0,2400.0,257.13,-182.14,0,1,DINEIN1,1,False,0.0,0,False,20:41:03.553,2025-07-07,0.0,False,1,0.0,DINEIN1,0.0,0,0,-99.99,-10000000000,<NA>,0.0,0,4377,0,0,0,20:41:03.553,0.0,1,0,0.0,0,0,0,20:41:03.553,20:41:03.553
83,Manam,Manam SM Cebu,4378,0.0,0.0,15,0,100490,2,1,<NA>,20:46:23.59,2025-07-07,20:46:23.59,2025-07-07,True,False,1995.0,1995.0,231.44,-163.93,0,1,DINEIN1,1,False,0.0,0,False,20:46:23.59,2025-07-07,0.0,False,1,0.0,DINEIN1,0.0,0,0,-99.99,-10000000000,<NA>,0.0,0,4378,0,0,0,20:46:23.59,0.0,1,0,0.0,0,0,0,20:46:23.59,20:46:23.59
83,Manam,Manam SM Cebu,4379,0.0,0.0,44,0,100490,4,3,<NA>,20:16:27.567,2025-07-07,20:16:27.567,2025-07-07,True,False,2630.0,2630.0,298.93,-211.74,0,1,DINEIN1,1,False,0.0,0,False,20:16:27.567,2025-07-07,0.0,False,1,0.0,DINEIN1,0.0,0,0,-99.99,-10000000000,<NA>,0.0,0,4379,0,0,0,20:16:27.567,0.0,1,0,0.0,0,0,0,20:16:27.567,20:16:27.567
83,Manam,Manam SM Cebu,4380,0.0,0.0,25,0,100490,4,3,<NA>,20:50:45.503,2025-07-07,20:50:45.503,2025-07-07,True,False,1780.98,1780.98,147.05714285714285,-131.94,0,1,DINEIN1,1,False,81.69,0,False,20:50:45.503,2025-07-07,0.0,False,1,0.0,DINEIN1,0.0,0,0,-99.99,-10000000000,<NA>,0.0,0,4380,0,0,0,20:50:45.503,0.0,1,0,0.0,0,0,0,20:50:45.503,20:50:45.503
83,Manam,Manam SM Cebu,4381,0.0,0.0,20,0,100490,2,1,<NA>,20:49:25.043,2025-07-07,20:49:25.043,2025-07-07,True,False,1035.0,1035.0,110.9,-78.55,0,1,DINEIN1,1,False,0.0,0,False,20:49:25.043,2025-07-07,0.0,False,1,0.0,DINEIN1,0.0,0,0,-99.99,-10000000000,<NA>,0.0,0,4381,0,0,0,20:49:25.043,0.0,1,0,0.0,0,0,0,20:49:25.043,20:49:25.043
83,Manam,Manam SM Cebu,4382,0.0,0.0,23,0,100490,4,3,<NA>,20:43:20.88,2025-07-07,20:43:20.88,2025-07-07,True,False,3735.0,3735.0,448.4,-317.61,0,1,DINEIN1,1,False,0.0,0,False,20:43:20.88,2025-07-07,0.0,False,1,0.0,DINEIN1,0.0,0,0,-99.99,-10000000000,<NA>,0.0,0,4382,0,0,0,20:43:20.88,0.0,1,0,0.0,0,0,0,20:43:20.88,20:43:20.88
83,Manam,Manam SM Cebu,4383,0.0,0.0,1,0,100490,2,1,<NA>,20:33:22.133,2025-07-07,20:33:22.133,2025-07-07,True,False,1415.0,1415.0,170.9,-121.05,0,1,DINEIN1,1,False,0.0,0,False,20:33:22.133,2025-07-07,0.0,False,1,0.0,DINEIN1,0.0,0,0,-99.99,-10000000000,<NA>,0.0,0,4383,0,0,0,20:33:22.133,0.0,1,0,0.0,0,0,0,20:33:22.133,20:33:22.133
83,Manam,Manam SM Cebu,4390,0.0,0.0,0,0,102267,0,12,GRABPWD 60,10:04:27.94,2025-07-08,10:04:27.94,2025-07-08,True,False,493.0,493.0,46.39,0.0,0,1,GRABFOOD,1,False,60.0,0,False,10:04:27.94,2025-07-08,0.0,False,1,0.0,GRABFOOD,0.0,0,0,-99.99,-10000000000,<NA>,0.0,0,4390,0,0,0,10:04:27.94,0.0,1,0,0.0,0,0,0,10:04:27.94,10:04:27.94
83,Manam,Manam SM Cebu,4391,0.0,0.0,0,0,102267,0,12,<NA>,10:06:01.327,2025-07-08,10:06:01.327,2025-07-08,True,False,920.0,920.0,98.57,0.0,0,1,GRABFOOD,1,False,0.0,0,False,10:06:01.327,2025-07-08,0.0,False,1,0.0,GRABFOOD,0.0,0,0,-99.99,-10000000000,<NA>,0.0,0,4391,0,0,0,10:06:01.327,0.0,1,0,0.0,0,0,0,10:06:01.327,10:06:01.327
83,Manam,Manam SM Cebu,4392,0.0,0.0,0,0,102267,0,12,<NA>,10:08:09.337,2025-07-08,10:08:09.337,2025-07-08,True,False,1500.0,1500.0,213.75,0.0,0,1,GRABFOOD,1,False,0.0,0,False,10:08:09.337,2025-07-08,0.0,False,1,0.0,GRABFOOD,0.0,0,0,-99.99,-10000000000,<NA>,0.0,0,4392,0,0,0,10:08:09.337,0.0,1,0,0.0,0,0,0,10:08:09.337,10:08:09.337
83,Manam,Manam SM Cebu,4393,0.0,0.0,0,0,102267,0,12,<NA>,10:15:48.02,2025-07-08,10:15:48.02,2025-07-08,True,False,1500.0,1500.0,213.75,0.0,0,1,GRABFOOD,1,False,0.0,0,False,10:15:48.02,2025-07-08,0.0,False,1,0.0,GRABFOOD,0.0,0,0,-99.99,-10000000000,<NA>,0.0,0,4393,0,0,0,10:15:48.02,0.0,1,0,0.0,0,0,0,10:15:48.02,10:15:48.02
83,Manam,Manam SM Cebu,4394,0.0,0.0,0,0,102267,0,12,<NA>,10:16:36.497,2025-07-08,10:16:36.497,2025-07-08,True,False,288.0,288.0,30.86,0.0,0,1,GRABFOOD,1,False,0.0,0,False,10:16:36.497,2025-07-08,0.0,False,1,0.0,GRABFOOD,0.0,0,0,-99.99,-10000000000,<NA>,0.0,0,4394,0,0,0,10:16:36.497,0.0,1,0,0.0,0,0,0,10:16:36.497,10:16:36.497
83,Manam,Manam SM Cebu,4395,0.0,0.0,0,0,102267,0,12,<NA>,10:17:34.257,2025-07-08,10:17:34.257,2025-07-08,True,False,1092.0,1092.0,146.78,0.0,0,1,GRABFOOD,1,False,0.0,0,False,10:17:34.257,2025-07-08,0.0,False,1,0.0,GRABFOOD,0.0,0,0,-99.99,-10000000000,<NA>,0.0,0,4395,0,0,0,10:17:34.257,0.0,1,0,0.0,0,0,0,10:17:34.257,10:17:34.257
83,Manam,Manam SM Cebu,4397,0.0,0.0,0,0,108011,0,1,<NA>,10:23:07.897,2025-07-08,10:23:07.897,2025-07-08,True,False,680.0,680.0,72.86,0.0,0,1,TAKEOUT,1,False,0.0,0,False,10:23:07.897,2025-07-08,0.0,False,1,0.0,TAKEOUT,0.0,0,0,-99.99,-10000000000,<NA>,0.0,0,4397,0,0,0,10:23:07.897,0.0,1,0,0.0,0,0,0,10:23:07.897,10:23:07.897
83,Manam,Manam SM Cebu,4398,0.0,0.0,0,0,102267,0,10,<NA>,10:46:14.103,2025-07-08,10:46:14.103,2025-07-08,True,False,2110.0,2110.0,226.07,0.0,0,1,FOODPANDA,1,False,0.0,0,False,10:46:14.103,2025-07-08,0.0,False,1,0.0,FOODPANDA,0.0,0,0,-99.99,-10000000000,<NA>,0.0,0,4398,0,0,0,10:46:14.103,0.0,1,0,0.0,0,0,0,10:46:14.103,10:46:14.103
83,Manam,Manam SM Cebu,4399,0.0,0.0,0,0,102267,0,10,<NA>,10:51:05.51,2025-07-08,10:51:05.51,2025-07-08,True,False,2270.0,2270.0,299.47,0.0,0,1,FOODPANDA,1,False,0.0,0,False,10:51:05.51,2025-07-08,0.0,False,1,0.0,FOODPANDA,0.0,0,0,-99.99,-10000000000,<NA>,0.0,0,4399,0,0,0,10:51:05.51,0.0,1,0,0.0,0,0,0,10:51:05.51,10:51:05.51
83,Manam,Manam SM Cebu,4400,0.0,0.0,28,0,102267,1,1,<NA>,10:29:07.437,2025-07-08,10:29:07.437,2025-07-08,True,False,464.29,464.29,0.0,-31.57,0,1,DINEIN1,1,False,92.86,0,False,10:29:07.437,2025-07-08,0.0,False,1,0.0,DINEIN1,0.0,0,0,-99.99,-10000000000,<NA>,0.0,0,4400,0,0,0,10:29:07.437,0.0,1,0,0.0,0,0,0,10:29:07.437,10:29:07.437
83,Manam,Manam SM Cebu,4401,0.0,0.0,21,0,102267,2,1,<NA>,10:42:51.6,2025-07-08,10:42:51.6,2025-07-08,True,False,2325.0,2325.0,249.12,-176.45,0,1,DINEIN1,1,False,0.0,0,False,10:42:51.6,2025-07-08,0.0,False,1,0.0,DINEIN1,0.0,0,0,-99.99,-10000000000,<NA>,0.0,0,4401,0,0,0,10:42:51.6,0.0,1,0,0.0,0,0,0,10:42:51.6,10:42:51.6
83,Manam,Manam SM Cebu,4402,0.0,0.0,34,0,102267,2,3,<NA>,10:25:56.217,2025-07-08,10:25:56.217,2025-07-08,True,False,1445.0,1445.0,154.82,-109.67,0,1,DINEIN1,1,False,0.0,0,False,10:25:56.217,2025-07-08,0.0,False,1,0.0,DINEIN1,0.0,0,0,-99.99,-10000000000,<NA>,0.0,0,4402,0,0,0,10:25:56.217,0.0,1,0,0.0,0,0,0,10:25:56.217,10:25:56.217
83,Manam,Manam SM Cebu,4403,0.0,0.0,20,0,102267,2,3,<NA>,10:32:00.28,2025-07-08,10:32:00.28,2025-07-08,True,False,1930.0,1930.0,206.8,-146.47,0,1,DINEIN1,1,False,0.0,0,False,10:32:00.28,2025-07-08,0.0,False,1,0.0,DINEIN1,0.0,0,0,-99.99,-10000000000,<NA>,0.0,0,4403,0,0,0,10:32:00.28,0.0,1,0,0.0,0,0,0,10:32:00.28,10:32:00.28
83,Manam,Manam SM Cebu,4404,0.0,0.0,43,0,102267,4,3,<NA>,10:45:56.08,2025-07-08,10:45:56.08,2025-07-08,True,False,1566.88,1566.88,129.37857142857143,-116.08,0,1,DINEIN1,1,False,71.88,0,False,10:45:56.08,2025-07-08,0.0,False,1,0.0,DINEIN1,0.0,0,0,-99.99,-10000000000,<NA>,0.0,0,4404,0,0,0,10:45:56.08,0.0,1,0,0.0,0,0,0,10:45:56.08,10:45:56.08
83,Manam,Manam SM Cebu,4405,0.0,0.0,0,0,102267,0,12,<NA>,11:41:35.76,2025-07-08,11:41:35.76,2025-07-08,True,False,933.0,933.0,99.96,0.0,0,1,GRABFOOD,1,False,0.0,0,False,11:41:35.76,2025-07-08,0.0,False,1,0.0,GRABFOOD,0.0,0,0,-99.99,-10000000000,<NA>,0.0,0,4405,0,0,0,11:41:35.76,0.0,1,0,0.0,0,0,0,11:41:35.76,11:41:35.76
83,Manam,Manam SM Cebu,4406,0.0,0.0,0,0,102267,0,12,<NA>,11:44:15.557,2025-07-08,11:44:15.557,2025-07-08,True,False,845.0,845.0,90.53,0.0,0,1,GRABFOOD,1,False,0.0,0,False,11:44:15.557,2025-07-08,0.0,False,1,0.0,GRABFOOD,0.0,0,0,-99.99,-10000000000,<NA>,0.0,0,4406,0,0,0,11:44:15.557,0.0,1,0,0.0,0,0,0,11:44:15.557,11:44:15.557
83,Manam,Manam SM Cebu,4408,0.0,0.0,0,0,102267,0,12,GRABPWD 60,11:49:00.5,2025-07-08,11:49:00.5,2025-07-08,True,False,268.0,268.0,22.29,0.0,0,1,GRABFOOD,1,False,60.0,0,False,11:49:00.5,2025-07-08,0.0,False,1,0.0,GRABFOOD,0.0,0,0,-99.99,-10000000000,<NA>,0.0,0,4408,0,0,0,11:49:00.5,0.0,1,0,0.0,0,0,0,11:49:00.5,11:49:00.5
83,Manam,Manam SM Cebu,4409,0.0,0.0,0,0,102267,0,12,<NA>,11:52:24.803,2025-07-08,11:52:24.803,2025-07-08,True,False,730.0,730.0,78.21,0.0,0,1,GRABFOOD,1,False,0.0,0,False,11:52:24.803,2025-07-08,0.0,False,1,0.0,GRABFOOD,0.0,0,0,-99.99,-10000000000,<NA>,0.0,0,4409,0,0,0,11:52:24.803,0.0,1,0,0.0,0,0,0,11:52:24.803,11:52:24.803
83,Manam,Manam SM Cebu,4410,0.0,0.0,28,0,102267,2,3,<NA>,11:10:59.89,2025-07-08,11:10:59.89,2025-07-08,True,False,924.11,924.11,0.0,-62.84,0,1,DINEIN1,1,False,184.82,0,False,11:10:59.89,2025-07-08,0.0,False,1,0.0,DINEIN1,0.0,0,0,-99.99,-10000000000,<NA>,0.0,0,4410,0,0,0,11:10:59.89,0.0,1,0,0.0,0,0,0,11:10:59.89,11:10:59.89
83,Manam,Manam SM Cebu,4411,0.0,0.0,0,0,102267,0,12,<NA>,11:54:01.35,2025-07-08,11:54:01.35,2025-07-08,True,False,268.0,268.0,28.71,0.0,0,1,GRABFOOD,1,False,0.0,0,False,11:54:01.35,2025-07-08,0.0,False,1,0.0,GRABFOOD,0.0,0,0,-99.99,-10000000000,<NA>,0.0,0,4411,0,0,0,11:54:01.35,0.0,1,0,0.0,0,0,0,11:54:01.35,11:54:01.35
83,Manam,Manam SM Cebu,4412,0.0,0.0,0,0,102267,0,12,<NA>,11:54:42.493,2025-07-08,11:54:42.493,2025-07-08,True,False,931.0,931.0,99.75,0.0,0,1,GRABFOOD,1,False,0.0,0,False,11:54:42.493,2025-07-08,0.0,False,1,0.0,GRABFOOD,0.0,0,0,-99.99,-10000000000,<NA>,0.0,0,4412,0,0,0,11:54:42.493,0.0,1,0,0.0,0,0,0,11:54:42.493,11:54:42.493
83,Manam,Manam SM Cebu,4413,0.0,0.0,0,0,102267,0,12,<NA>,11:56:48.07,2025-07-08,11:56:48.07,2025-07-08,True,False,1357.0,1357.0,145.4,0.0,0,1,GRABFOOD,1,False,0.0,0,False,11:56:48.07,2025-07-08,0.0,False,1,0.0,GRABFOOD,0.0,0,0,-99.99,-10000000000,<NA>,0.0,0,4413,0,0,0,11:56:48.07,0.0,1,0,0.0,0,0,0,11:56:48.07,11:56:48.07
83,Manam,Manam SM Cebu,4414,0.0,0.0,0,0,102267,0,12,<NA>,11:59:56.55,2025-07-08,11:59:56.55,2025-07-08,True,False,205.0,205.0,21.96,0.0,0,1,GRABFOOD,1,False,0.0,0,False,11:59:56.55,2025-07-08,0.0,False,1,0.0,GRABFOOD,0.0,0,0,-99.99,-10000000000,<NA>,0.0,0,4414,0,0,0,11:59:56.55,0.0,1,0,0.0,0,0,0,11:59:56.55,11:59:56.55
83,Manam,Manam SM Cebu,4415,0.0,0.0,30,0,102267,2,1,<NA>,11:35:46.783,2025-07-08,11:35:46.783,2025-07-08,True,False,1165.0,1165.0,124.83,-88.42,0,1,DINEIN1,1,False,0.0,0,False,11:35:46.783,2025-07-08,0.0,False,1,0.0,DINEIN1,0.0,0,0,-99.99,-10000000000,<NA>,0.0,0,4415,0,0,0,11:35:46.783,0.0,1,0,0.0,0,0,0,11:35:46.783,11:35:46.783
83,Manam,Manam SM Cebu,4416,0.0,0.0,10,0,102267,3,3,<NA>,11:05:51.797,2025-07-08,11:05:51.797,2025-07-08,True,False,2855.0,2855.0,362.14,-256.52,0,1,DINEIN1,1,False,0.0,0,False,11:05:51.797,2025-07-08,0.0,False,1,0.0,DINEIN1,0.0,0,0,-99.99,-10000000000,<NA>,0.0,0,4416,0,0,0,11:05:51.797,0.0,1,0,0.0,0,0,0,11:05:51.797,11:05:51.797
83,Manam,Manam SM Cebu,4417,0.0,0.0,12,0,102267,16,3,<NA>,10:52:53.36,2025-07-08,10:52:53.36,2025-07-08,True,False,6061.47,6061.47,860.8514285714286,-768.21,0,1,DINEIN1,1,False,475.67,0,False,10:52:53.36,2025-07-08,0.0,False,1,0.0,DINEIN1,0.0,0,0,-99.99,-10000000000,<NA>,0.0,0,4417,0,0,0,10:52:53.36,0.0,1,0,0.0,0,0,0,10:52:53.36,10:52:53.36
83,Manam,Manam SM Cebu,4418,0.0,0.0,40,0,102267,2,1,<NA>,11:18:27.103,2025-07-08,11:18:27.103,2025-07-08,True,False,785.71,785.71,0.0,-58.89,0,1,DINEIN1,1,False,173.21,0,False,11:18:27.103,2025-07-08,0.0,False,1,0.0,DINEIN1,0.0,0,0,-99.99,-10000000000,<NA>,0.0,0,4418,0,0,0,11:18:27.103,0.0,1,0,0.0,0,0,0,11:18:27.103,11:18:27.103
83,Manam,Manam SM Cebu,4419,0.0,0.0,7,0,102267,3,3,<NA>,10:43:39.37,2025-07-08,10:43:39.37,2025-07-08,True,False,1815.0,1815.0,213.22,-151.03,0,1,DINEIN1,1,False,0.0,0,False,10:43:39.37,2025-07-08,0.0,False,1,0.0,DINEIN1,0.0,0,0,-99.99,-10000000000,<NA>,0.0,0,4419,0,0,0,10:43:39.37,0.0,1,0,0.0,0,0,0,10:43:39.37,10:43:39.37
83,Manam,Manam SM Cebu,4420,0.0,0.0,31,0,102267,4,1,<NA>,11:23:34.707,2025-07-08,11:23:34.707,2025-07-08,True,False,1393.25,1393.25,40.57857142857143,-97.73,0,1,DINEIN1,1,False,202.9,0,False,11:23:34.707,2025-07-08,0.0,False,1,0.0,DINEIN1,0.0,0,0,-99.99,-10000000000,<NA>,0.0,0,4420,0,0,0,11:23:34.707,0.0,1,0,0.0,0,0,0,11:23:34.707,11:23:34.707
83,Manam,Manam SM Cebu,4421,0.0,0.0,21,0,102267,2,1,<NA>,11:44:43.6,2025-07-08,11:44:43.6,2025-07-08,True,False,1196.43,1196.43,0.0,-81.36,0,1,DINEIN1,1,False,239.29,0,False,11:44:43.6,2025-07-08,0.0,False,1,0.0,DINEIN1,0.0,0,0,-99.99,-10000000000,<NA>,0.0,0,4421,0,0,0,11:44:43.6,0.0,1,0,0.0,0,0,0,11:44:43.6,11:44:43.6
83,Manam,Manam SM Cebu,4422,0.0,0.0,34,0,102267,2,1,<NA>,11:13:40.443,2025-07-08,11:13:40.443,2025-07-08,True,False,633.92,633.92,0.0,-43.11,0,1,DINEIN1,1,False,126.79,0,False,11:13:40.443,2025-07-08,0.0,False,1,0.0,DINEIN1,0.0,0,0,-99.99,-10000000000,<NA>,0.0,0,4422,0,0,0,11:13:40.443,0.0,1,0,0.0,0,0,0,11:13:40.443,11:13:40.443
83,Manam,Manam SM Cebu,4423,0.0,0.0,28,0,102267,2,1,<NA>,11:42:33.187,2025-07-08,11:42:33.187,2025-07-08,True,False,1175.0,1175.0,125.9,-89.17,0,1,DINEIN1,1,False,0.0,0,False,11:42:33.187,2025-07-08,0.0,False,1,0.0,DINEIN1,0.0,0,0,-99.99,-10000000000,<NA>,0.0,0,4423,0,0,0,11:42:33.187,0.0,1,0,0.0,0,0,0,11:42:33.187,11:42:33.187
83,Manam,Manam SM Cebu,4424,0.0,0.0,23,0,102267,4,1,<NA>,11:09:33.757,2025-07-08,11:09:33.757,2025-07-08,True,False,4465.0,4465.0,478.4,-338.86,0,1,DINEIN1,1,False,0.0,0,False,11:09:33.757,2025-07-08,0.0,False,1,0.0,DINEIN1,0.0,0,0,-99.99,-10000000000,<NA>,0.0,0,4424,0,0,0,11:09:33.757,0.0,1,0,0.0,0,0,0,11:09:33.757,11:09:33.757
83,Manam,Manam SM Cebu,4425,0.0,0.0,20,0,102267,2,1,<NA>,11:31:39.98,2025-07-08,11:31:39.98,2025-07-08,True,False,1190.0,1190.0,127.5,-90.31,0,1,DINEIN1,1,False,0.0,0,False,11:31:39.98,2025-07-08,0.0,False,1,0.0,DINEIN1,0.0,0,0,-99.99,-10000000000,<NA>,0.0,0,4425,0,0,0,11:31:39.98,0.0,1,0,0.0,0,0,0,11:31:39.98,11:31:39.98
83,Manam,Manam SM Cebu,4426,0.0,0.0,45,0,102267,4,3,<NA>,11:37:59.273,2025-07-08,11:37:59.273,2025-07-08,True,False,880.76,880.76,72.72285714285714,-65.25,0,1,DINEIN1,1,False,40.4,0,False,11:37:59.273,2025-07-08,0.0,False,1,0.0,DINEIN1,0.0,0,0,-99.99,-10000000000,<NA>,0.0,0,4426,0,0,0,11:37:59.273,0.0,1,0,0.0,0,0,0,11:37:59.273,11:37:59.273
83,Manam,Manam SM Cebu,4429,0.0,0.0,27,0,102267,1,3,<NA>,11:34:07.517,2025-07-08,11:34:07.517,2025-07-08,True,False,821.42,821.42,0.0,-55.86,0,1,DINEIN1,1,False,164.28,0,False,11:34:07.517,2025-07-08,0.0,False,1,0.0,DINEIN1,0.0,0,0,-99.99,-10000000000,<NA>,0.0,0,4429,0,0,0,11:34:07.517,0.0,1,0,0.0,0,0,0,11:34:07.517,11:34:07.517
83,Manam,Manam SM Cebu,4432,0.0,0.0,0,0,102267,0,12,GRABPWD 60,12:45:32.247,2025-07-08,12:45:32.247,2025-07-08,True,False,970.0,970.0,97.5,0.0,0,1,GRABFOOD,1,False,60.0,0,False,12:45:32.247,2025-07-08,0.0,False,1,0.0,GRABFOOD,0.0,0,0,-99.99,-10000000000,<NA>,0.0,0,4432,0,0,0,12:45:32.247,0.0,1,0,0.0,0,0,0,12:45:32.247,12:45:32.247
83,Manam,Manam SM Cebu,4433,0.0,0.0,51,0,102267,6,3,<NA>,11:46:35.033,2025-07-08,11:46:35.033,2025-07-08,True,False,2955.0,2955.0,316.61,-224.26,0,1,DINEIN1,1,False,0.0,0,False,11:46:35.033,2025-07-08,0.0,False,1,0.0,DINEIN1,0.0,0,0,-99.99,-10000000000,<NA>,0.0,0,4433,0,0,0,11:46:35.033,0.0,1,0,0.0,0,0,0,11:46:35.033,11:46:35.033
83,Manam,Manam SM Cebu,4434,0.0,0.0,50,0,102267,7,1,<NA>,11:19:11.647,2025-07-08,11:19:11.647,2025-07-08,True,False,4895.0,4895.0,638.03,-451.94,0,1,DINEIN1,1,False,0.0,0,False,11:19:11.647,2025-07-08,0.0,False,1,0.0,DINEIN1,0.0,0,0,-99.99,-10000000000,<NA>,0.0,0,4434,0,0,0,11:19:11.647,0.0,1,0,0.0,0,0,0,11:19:11.647,11:19:11.647
83,Manam,Manam SM Cebu,4435,0.0,0.0,33,0,102267,2,3,<NA>,12:01:50.82,2025-07-08,12:01:50.82,2025-07-08,True,False,1485.0,1485.0,169.29,-119.91,0,1,DINEIN1,1,False,0.0,0,False,12:01:50.82,2025-07-08,0.0,False,1,0.0,DINEIN1,0.0,0,0,-99.99,-10000000000,<NA>,0.0,0,4435,0,0,0,12:01:50.82,0.0,1,0,0.0,0,0,0,12:01:50.82,12:01:50.82
83,Manam,Manam SM Cebu,4436,0.0,0.0,0,0,102267,0,12,<NA>,12:54:10.53,2025-07-08,12:54:10.53,2025-07-08,True,False,650.0,650.0,69.64,0.0,0,1,GRABFOOD,1,False,0.0,0,False,12:54:10.53,2025-07-08,0.0,False,1,0.0,GRABFOOD,0.0,0,0,-99.99,-10000000000,<NA>,0.0,0,4436,0,0,0,12:54:10.53,0.0,1,0,0.0,0,0,0,12:54:10.53,12:54:10.53
83,Manam,Manam SM Cebu,4437,0.0,0.0,0,0,102267,0,12,<NA>,12:56:07.623,2025-07-08,12:56:07.623,2025-07-08,True,False,448.0,448.0,48.0,0.0,0,1,GRABFOOD,1,False,0.0,0,False,12:56:07.623,2025-07-08,0.0,False,1,0.0,GRABFOOD,0.0,0,0,-99.99,-10000000000,<NA>,0.0,0,4437,0,0,0,12:56:07.623,0.0,1,0,0.0,0,0,0,12:56:07.623,12:56:07.623
83,Manam,Manam SM Cebu,4438,0.0,0.0,0,0,105539,0,1,<NA>,12:50:21.473,2025-07-08,12:50:21.473,2025-07-08,True,False,673.5699999999999,673.5699999999999,53.04,0.0,0,1,TAKEOUT,1,False,35.71,0,False,12:50:21.473,2025-07-08,0.0,False,1,0.0,TAKEOUT,0.0,0,0,-99.99,-10000000000,<NA>,0.0,0,4438,0,0,0,12:50:21.473,0.0,1,0,0.0,0,0,0,12:50:21.473,12:50:21.473
83,Manam,Manam SM Cebu,4439,0.0,0.0,0,0,102267,0,12,<NA>,13:01:29.853,2025-07-08,13:01:29.853,2025-07-08,True,False,380.0,380.0,40.71,0.0,0,1,GRABFOOD,1,False,0.0,0,False,13:01:29.853,2025-07-08,0.0,False,1,0.0,GRABFOOD,0.0,0,0,-99.99,-10000000000,<NA>,0.0,0,4439,0,0,0,13:01:29.853,0.0,1,0,0.0,0,0,0,13:01:29.853,13:01:29.853
83,Manam,Manam SM Cebu,4441,0.0,0.0,12,0,102267,4,3,<NA>,12:11:34.21,2025-07-08,12:11:34.21,2025-07-08,True,False,4030.0,4030.0,431.79,-305.85,0,1,DINEIN1,1,False,0.0,0,False,12:11:34.21,2025-07-08,0.0,False,1,0.0,DINEIN1,0.0,0,0,-99.99,-10000000000,<NA>,0.0,0,4441,0,0,0,12:11:34.21,0.0,1,0,0.0,0,0,0,12:11:34.21,12:11:34.21
83,Manam,Manam SM Cebu,4442,0.0,0.0,19,0,102267,4,1,<NA>,12:10:35.367,2025-07-08,12:10:35.367,2025-07-08,True,False,2365.0,2365.0,289.29,-204.91,0,1,DINEIN1,1,False,0.0,0,False,12:10:35.367,2025-07-08,0.0,False,1,0.0,DINEIN1,0.0,0,0,-99.99,-10000000000,<NA>,0.0,0,4442,0,0,0,12:10:35.367,0.0,1,0,0.0,0,0,0,12:10:35.367,12:10:35.367
83,Manam,Manam SM Cebu,4443,0.0,0.0,7,0,102267,2,1,<NA>,12:28:01.547,2025-07-08,12:28:01.547,2025-07-08,True,False,1308.75,1308.75,86.24428571428571,-109.97,0,1,DINEIN1,1,False,143.74,0,False,12:28:01.547,2025-07-08,0.0,False,1,0.0,DINEIN1,0.0,0,0,-99.99,-10000000000,<NA>,0.0,0,4443,0,0,0,12:28:01.547,0.0,1,0,0.0,0,0,0,12:28:01.547,12:28:01.547
83,Manam,Manam SM Cebu,4444,0.0,0.0,0,0,102267,0,12,<NA>,13:07:39.66,2025-07-08,13:07:39.66,2025-07-08,True,False,658.0,658.0,70.5,0.0,0,1,GRABFOOD,1,False,0.0,0,False,13:07:39.66,2025-07-08,0.0,False,1,0.0,GRABFOOD,0.0,0,0,-99.99,-10000000000,<NA>,0.0,0,4444,0,0,0,13:07:39.66,0.0,1,0,0.0,0,0,0,13:07:39.66,13:07:39.66
83,Manam,Manam SM Cebu,4445,0.0,0.0,0,0,102267,0,12,<NA>,13:10:17.63,2025-07-08,13:10:17.63,2025-07-08,True,False,1005.0,1005.0,107.68,0.0,0,1,GRABFOOD,1,False,0.0,0,False,13:10:17.63,2025-07-08,0.0,False,1,0.0,GRABFOOD,0.0,0,0,-99.99,-10000000000,<NA>,0.0,0,4445,0,0,0,13:10:17.63,0.0,1,0,0.0,0,0,0,13:10:17.63,13:10:17.63
83,Manam,Manam SM Cebu,4446,0.0,0.0,0,0,102267,0,12,<NA>,13:12:58.857,2025-07-08,13:12:58.857,2025-07-08,True,False,533.0,533.0,57.11,0.0,0,1,GRABFOOD,1,False,0.0,0,False,13:12:58.857,2025-07-08,0.0,False,1,0.0,GRABFOOD,0.0,0,0,-99.99,-10000000000,<NA>,0.0,0,4446,0,0,0,13:12:58.857,0.0,1,0,0.0,0,0,0,13:12:58.857,13:12:58.857
83,Manam,Manam SM Cebu,4447,0.0,0.0,35,0,102267,2,1,<NA>,12:32:12.707,2025-07-08,12:32:12.707,2025-07-08,True,False,928.57,928.57,0.0,-63.14,0,1,DINEIN1,1,False,185.72,0,False,12:32:12.707,2025-07-08,0.0,False,1,0.0,DINEIN1,0.0,0,0,-99.99,-10000000000,<NA>,0.0,0,4447,0,0,0,12:32:12.707,0.0,1,0,0.0,0,0,0,12:32:12.707,12:32:12.707
83,Manam,Manam SM Cebu,4449,0.0,0.0,0,0,102267,0,12,<NA>,13:17:35.347,2025-07-08,13:17:35.347,2025-07-08,True,False,375.0,375.0,121.61,0.0,0,1,GRABFOOD,1,False,0.0,0,False,13:17:35.347,2025-07-08,0.0,False,1,0.0,GRABFOOD,0.0,0,0,-99.99,-10000000000,<NA>,0.0,0,4449,0,0,0,13:17:35.347,0.0,1,0,0.0,0,0,0,13:17:35.347,13:17:35.347
83,Manam,Manam SM Cebu,4451,0.0,0.0,30,0,102267,4,1,<NA>,12:35:53.187,2025-07-08,12:35:53.187,2025-07-08,True,False,3250.71,3250.71,282.85714285714283,-253.79,0,1,DINEIN1,1,False,157.14,0,False,12:35:53.187,2025-07-08,0.0,False,1,0.0,DINEIN1,0.0,0,0,-99.99,-10000000000,<NA>,0.0,0,4451,0,0,0,12:35:53.187,0.0,1,0,0.0,0,0,0,12:35:53.187,12:35:53.187
83,Manam,Manam SM Cebu,4452,0.0,0.0,20,0,102267,3,3,<NA>,12:43:21.48,2025-07-08,12:43:21.48,2025-07-08,True,False,1673.03,1673.03,123.92857142857142,-122.89,0,1,DINEIN1,1,False,103.27,0,False,12:43:21.48,2025-07-08,0.0,False,1,0.0,DINEIN1,0.0,0,0,-99.99,-10000000000,<NA>,0.0,0,4452,0,0,0,12:43:21.48,0.0,1,0,0.0,0,0,0,12:43:21.48,12:43:21.48
83,Manam,Manam SM Cebu,4453,0.0,0.0,10,0,102267,2,3,<NA>,11:44:01.503,2025-07-08,11:44:01.503,2025-07-08,True,False,3770.0,3770.0,403.94,-286.12,0,1,DINEIN1,1,False,0.0,0,False,11:44:01.503,2025-07-08,0.0,False,1,0.0,DINEIN1,0.0,0,0,-99.99,-10000000000,<NA>,0.0,0,4453,0,0,0,11:44:01.503,0.0,1,0,0.0,0,0,0,11:44:01.503,11:44:01.503
83,Manam,Manam SM Cebu,4454,0.0,0.0,42,0,102267,2,3,<NA>,11:19:50.78,2025-07-08,11:19:50.78,2025-07-08,True,False,884.9,884.9,50.09,-63.86,0,1,DINEIN1,1,False,83.48,0,False,11:19:50.78,2025-07-08,0.0,False,1,0.0,DINEIN1,0.0,0,0,-99.99,-10000000000,<NA>,0.0,0,4454,0,0,0,11:19:50.78,0.0,1,0,0.0,0,0,0,11:19:50.78,11:19:50.78
83,Manam,Manam SM Cebu,4455,0.0,0.0,0,0,102267,0,12,<NA>,13:37:14.127,2025-07-08,13:37:14.127,2025-07-08,True,False,658.0,658.0,70.5,0.0,0,1,GRABFOOD,1,False,0.0,0,False,13:37:14.127,2025-07-08,0.0,False,1,0.0,GRABFOOD,0.0,0,0,-99.99,-10000000000,<NA>,0.0,0,4455,0,0,0,13:37:14.127,0.0,1,0,0.0,0,0,0,13:37:14.127,13:37:14.127
83,Manam,Manam SM Cebu,4456,0.0,0.0,0,0,102267,0,12,<NA>,13:40:02.64,2025-07-08,13:40:02.64,2025-07-08,True,False,268.0,268.0,28.71,0.0,0,1,GRABFOOD,1,False,0.0,0,False,13:40:02.64,2025-07-08,0.0,False,1,0.0,GRABFOOD,0.0,0,0,-99.99,-10000000000,<NA>,0.0,0,4456,0,0,0,13:40:02.64,0.0,1,0,0.0,0,0,0,13:40:02.64,13:40:02.64
83,Manam,Manam SM Cebu,4457,0.0,0.0,51,0,102267,5,3,<NA>,12:49:57.127,2025-07-08,12:49:57.127,2025-07-08,True,False,3987.29,3987.29,304.07142857142856,-330.25,0,1,DINEIN1,1,False,337.86,0,False,12:49:57.127,2025-07-08,0.0,False,1,0.0,DINEIN1,0.0,0,0,-99.99,-10000000000,<NA>,0.0,0,4457,0,0,0,12:49:57.127,0.0,1,0,0.0,0,0,0,12:49:57.127,12:49:57.127
83,Manam,Manam SM Cebu,4458,0.0,0.0,45,0,102267,4,3,<NA>,12:42:35.733,2025-07-08,12:42:35.733,2025-07-08,True,False,2774.6,2774.6,90.13,-217.08,0,1,DINEIN1,1,False,450.67,0,False,12:42:35.733,2025-07-08,0.0,False,1,0.0,DINEIN1,0.0,0,0,-99.99,-10000000000,<NA>,0.0,0,4458,0,0,0,12:42:35.733,0.0,1,0,0.0,0,0,0,12:42:35.733,12:42:35.733
83,Manam,Manam SM Cebu,4459,0.0,0.0,0,0,102267,0,12,<NA>,13:48:51.387,2025-07-08,13:48:51.387,2025-07-08,True,False,546.0,546.0,58.5,0.0,0,1,GRABFOOD,1,False,0.0,0,False,13:48:51.387,2025-07-08,0.0,False,1,0.0,GRABFOOD,0.0,0,0,-99.99,-10000000000,<NA>,0.0,0,4459,0,0,0,13:48:51.387,0.0,1,0,0.0,0,0,0,13:48:51.387,13:48:51.387
83,Manam,Manam SM Cebu,4460,0.0,0.0,1,0,102267,9,1,<NA>,11:35:09.233,2025-07-08,11:35:09.233,2025-07-08,True,False,2803.5699999999997,2803.5699999999997,0.0,-398.29,0,1,DINEIN1,1,False,1171.43,0,False,11:35:09.233,2025-07-08,0.0,False,1,0.0,DINEIN1,0.0,0,0,-99.99,-10000000000,<NA>,0.0,0,4460,0,0,0,11:35:09.233,0.0,1,0,0.0,0,0,0,11:35:09.233,11:35:09.233
83,Manam,Manam SM Cebu,4461,0.0,0.0,1,0,102267,15,1,<NA>,11:35:09.233,2025-07-08,11:35:09.233,2025-07-08,True,False,2855.94,2855.94,95.62428571428573,-338.67,0,1,DINEIN1,1,False,796.88,0,False,11:35:09.233,2025-07-08,0.0,False,1,0.0,DINEIN1,0.0,0,0,-99.99,-10000000000,<NA>,0.0,0,4461,0,0,0,11:35:09.233,0.0,1,0,0.0,0,0,0,11:35:09.233,11:35:09.233
83,Manam,Manam SM Cebu,4462,0.0,0.0,0,0,105539,0,3,<NA>,13:49:13.877,2025-07-08,13:49:13.877,2025-07-08,True,False,190.0,190.0,20.36,0.0,0,1,TAKEOUT,1,False,0.0,0,False,13:49:13.877,2025-07-08,0.0,False,1,0.0,TAKEOUT,0.0,0,0,-99.99,-10000000000,<NA>,0.0,0,4462,0,0,0,13:49:13.877,0.0,1,0,0.0,0,0,0,13:49:13.877,13:49:13.877
83,Manam,Manam SM Cebu,4463,0.0,0.0,40,0,102267,3,3,<NA>,12:35:07.077,2025-07-08,12:35:07.077,2025-07-08,True,False,1597.1399999999999,1597.1399999999999,145.70857142857142,-144.5,0,1,DINEIN1,1,False,121.43,0,False,12:35:07.077,2025-07-08,0.0,False,1,0.0,DINEIN1,0.0,0,0,-99.99,-10000000000,<NA>,0.0,0,4463,0,0,0,12:35:07.077,0.0,1,0,0.0,0,0,0,12:35:07.077,12:35:07.077
83,Manam,Manam SM Cebu,4464,0.0,0.0,0,0,102267,0,12,<NA>,13:55:01.16,2025-07-08,13:55:01.16,2025-07-08,True,False,658.0,658.0,-70.5,0.0,0,1,GRABFOOD,1,False,0.0,0,False,13:55:01.16,2025-07-08,0.0,False,1,0.0,GRABFOOD,0.0,0,0,-99.99,-10000000000,<NA>,0.0,0,4464,0,0,0,13:55:01.16,0.0,1,0,0.0,0,0,0,13:55:01.16,13:55:01.16
83,Manam,Manam SM Cebu,4465,0.0,0.0,0,0,102267,0,12,<NA>,13:58:07.863,2025-07-08,13:58:07.863,2025-07-08,True,False,896.0,896.0,96.0,0.0,0,1,GRABFOOD,1,False,0.0,0,False,13:58:07.863,2025-07-08,0.0,False,1,0.0,GRABFOOD,0.0,0,0,-99.99,-10000000000,<NA>,0.0,0,4465,0,0,0,13:58:07.863,0.0,1,0,0.0,0,0,0,13:58:07.863,13:58:07.863
83,Manam,Manam SM Cebu,4467,0.0,0.0,16,0,102267,4,3,<NA>,13:03:56.93,2025-07-08,13:03:56.93,2025-07-08,True,False,3590.0,3590.0,411.43,-291.43,0,1,DINEIN1,1,False,0.0,0,False,13:03:56.93,2025-07-08,0.0,False,1,0.0,DINEIN1,0.0,0,0,-99.99,-10000000000,<NA>,0.0,0,4467,0,0,0,13:03:56.93,0.0,1,0,0.0,0,0,0,13:03:56.93,13:03:56.93
83,Manam,Manam SM Cebu,4468,0.0,0.0,19,0,102267,2,3,<NA>,13:08:07.003,2025-07-08,13:08:07.003,2025-07-08,True,False,2120.5299999999997,2120.5299999999997,0.0,-173.34,0,1,DINEIN1,1,False,509.82,0,False,13:08:07.003,2025-07-08,0.0,False,1,0.0,DINEIN1,0.0,0,0,-99.99,-10000000000,<NA>,0.0,0,4468,0,0,0,13:08:07.003,0.0,1,0,0.0,0,0,0,13:08:07.003,13:08:07.003
83,Manam,Manam SM Cebu,4469,0.0,0.0,23,0,102267,10,3,<NA>,12:47:48.737,2025-07-08,12:47:48.737,2025-07-08,True,False,7420.0,7420.0,859.84,-609.04,0,1,DINEIN1,1,False,0.0,0,False,12:47:48.737,2025-07-08,0.0,False,1,0.0,DINEIN1,0.0,0,0,-99.99,-10000000000,<NA>,0.0,0,4469,0,0,0,12:47:48.737,0.0,1,0,0.0,0,0,0,12:47:48.737,12:47:48.737
83,Manam,Manam SM Cebu,4470,0.0,0.0,50,0,102267,4,3,<NA>,13:11:13.14,2025-07-08,13:11:13.14,2025-07-08,True,False,3136.25,3136.25,281.2471428571428,-252.35,0,1,DINEIN1,1,False,156.25,0,False,13:11:13.14,2025-07-08,0.0,False,1,0.0,DINEIN1,0.0,0,0,-99.99,-10000000000,<NA>,0.0,0,4470,0,0,0,13:11:13.14,0.0,1,0,0.0,0,0,0,13:11:13.14,13:11:13.14
83,Manam,Manam SM Cebu,4471,0.0,0.0,7,0,102267,3,3,<NA>,13:17:16.313,2025-07-08,13:17:16.313,2025-07-08,True,False,1845.0,1845.0,208.4,-147.61,0,1,DINEIN1,1,False,0.0,0,False,13:17:16.313,2025-07-08,0.0,False,1,0.0,DINEIN1,0.0,0,0,-99.99,-10000000000,<NA>,0.0,0,4471,0,0,0,13:17:16.313,0.0,1,0,0.0,0,0,0,13:17:16.313,13:17:16.313
83,Manam,Manam SM Cebu,4472,0.0,0.0,21,0,102267,4,1,<NA>,12:24:54.553,2025-07-08,12:24:54.553,2025-07-08,True,False,1724.67,1724.67,53.434285714285714,-128.69,0,1,DINEIN1,1,False,267.18,0,False,12:24:54.553,2025-07-08,0.0,False,1,0.0,DINEIN1,0.0,0,0,-99.99,-10000000000,<NA>,0.0,0,4472,0,0,0,12:24:54.553,0.0,1,0,0.0,0,0,0,12:24:54.553,12:24:54.553
83,Manam,Manam SM Cebu,4473,0.0,0.0,0,0,102267,0,12,<NA>,14:11:09.133,2025-07-08,14:11:09.133,2025-07-08,True,False,268.0,268.0,28.71,0.0,0,1,GRABFOOD,1,False,0.0,0,False,14:11:09.133,2025-07-08,0.0,False,1,0.0,GRABFOOD,0.0,0,0,-99.99,-10000000000,<NA>,0.0,0,4473,0,0,0,14:11:09.133,0.0,1,0,0.0,0,0,0,14:11:09.133,14:11:09.133
83,Manam,Manam SM Cebu,4476,0.0,0.0,12,0,102267,2,3,<NA>,13:04:16.2,2025-07-08,13:04:16.2,2025-07-08,True,False,1805.0,1805.0,193.4,-136.99,0,1,DINEIN1,1,False,0.0,0,False,13:04:16.2,2025-07-08,0.0,False,1,0.0,DINEIN1,0.0,0,0,-99.99,-10000000000,<NA>,0.0,0,4476,0,0,0,13:04:16.2,0.0,1,0,0.0,0,0,0,13:04:16.2,13:04:16.2
83,Manam,Manam SM Cebu,4477,0.0,0.0,28,0,102267,3,3,<NA>,12:44:39.143,2025-07-08,12:44:39.143,2025-07-08,True,False,1845.0,1845.0,229.81,-162.79,0,1,DINEIN1,1,False,0.0,0,False,12:44:39.143,2025-07-08,0.0,False,1,0.0,DINEIN1,0.0,0,0,-99.99,-10000000000,<NA>,0.0,0,4477,0,0,0,12:44:39.143,0.0,1,0,0.0,0,0,0,12:44:39.143,12:44:39.143
83,Manam,Manam SM Cebu,4478,0.0,0.0,35,0,102267,4,3,<NA>,13:25:52.873,2025-07-08,13:25:52.873,2025-07-08,True,False,2814.46,2814.46,165.53714285714284,-211.05,0,1,DINEIN1,1,False,275.89,0,False,13:25:52.873,2025-07-08,0.0,False,1,0.0,DINEIN1,0.0,0,0,-99.99,-10000000000,<NA>,0.0,0,4478,0,0,0,13:25:52.873,0.0,1,0,0.0,0,0,0,13:25:52.873,13:25:52.873
83,Manam,Manam SM Cebu,4479,0.0,0.0,30,0,102267,5,1,<NA>,13:29:22.407,2025-07-08,13:29:22.407,2025-07-08,True,False,2802.0699999999997,2802.0699999999997,273.2557142857143,-230.95,0,1,DINEIN1,1,False,113.22,0,False,13:29:22.407,2025-07-08,0.0,False,1,0.0,DINEIN1,0.0,0,0,-99.99,-10000000000,<NA>,0.0,0,4479,0,0,0,13:29:22.407,0.0,1,0,0.0,0,0,0,13:29:22.407,13:29:22.407
83,Manam,Manam SM Cebu,4480,0.0,0.0,0,0,102267,0,12,<NA>,14:31:52.507,2025-07-08,14:31:52.507,2025-07-08,True,False,215.0,215.0,23.04,0.0,0,1,GRABFOOD,1,False,0.0,0,False,14:31:52.507,2025-07-08,0.0,False,1,0.0,GRABFOOD,0.0,0,0,-99.99,-10000000000,<NA>,0.0,0,4480,0,0,0,14:31:52.507,0.0,1,0,0.0,0,0,0,14:31:52.507,14:31:52.507
83,Manam,Manam SM Cebu,4481,0.0,0.0,33,0,102267,2,1,<NA>,12:52:37.517,2025-07-08,12:52:37.517,2025-07-08,True,False,1275.0,1275.0,156.43,-110.8,0,1,DINEIN1,1,False,0.0,0,False,12:52:37.517,2025-07-08,0.0,False,1,0.0,DINEIN1,0.0,0,0,-99.99,-10000000000,<NA>,0.0,0,4481,0,0,0,12:52:37.517,0.0,1,0,0.0,0,0,0,12:52:37.517,12:52:37.517
83,Manam,Manam SM Cebu,4482,0.0,0.0,51,0,102267,6,3,<NA>,13:52:32.293,2025-07-08,13:52:32.293,2025-07-08,True,False,3966.43,3966.43,234.61428571428573,-297.81,0,1,DINEIN1,1,False,389.29,0,False,13:52:32.293,2025-07-08,0.0,False,1,0.0,DINEIN1,0.0,0,0,-99.99,-10000000000,<NA>,0.0,0,4482,0,0,0,13:52:32.293,0.0,1,0,0.0,0,0,0,13:52:32.293,13:52:32.293
83,Manam,Manam SM Cebu,4483,0.0,0.0,20,0,102267,2,3,<NA>,13:45:07.043,2025-07-08,13:45:07.043,2025-07-08,True,False,1055.0,1055.0,113.04,-80.07,0,1,DINEIN1,1,False,0.0,0,False,13:45:07.043,2025-07-08,0.0,False,1,0.0,DINEIN1,0.0,0,0,-99.99,-10000000000,<NA>,0.0,0,4483,0,0,0,13:45:07.043,0.0,1,0,0.0,0,0,0,13:45:07.043,13:45:07.043
83,Manam,Manam SM Cebu,4484,0.0,0.0,1,0,102267,2,3,<NA>,14:22:30.157,2025-07-08,14:22:30.157,2025-07-08,True,False,1190.0,1190.0,127.51,-90.31,0,1,DINEIN1,1,False,0.0,0,False,14:22:30.157,2025-07-08,0.0,False,1,0.0,DINEIN1,0.0,0,0,-99.99,-10000000000,<NA>,0.0,0,4484,0,0,0,14:22:30.157,0.0,1,0,0.0,0,0,0,14:22:30.157,14:22:30.157
83,Manam,Manam SM Cebu,4485,0.0,0.0,0,0,102267,0,12,<NA>,14:57:25.343,2025-07-08,14:57:25.343,2025-07-08,True,False,1291.0,1291.0,138.33,0.0,0,1,GRABFOOD,1,False,0.0,0,False,14:57:25.343,2025-07-08,0.0,False,1,0.0,GRABFOOD,0.0,0,0,-99.99,-10000000000,<NA>,0.0,0,4485,0,0,0,14:57:25.343,0.0,1,0,0.0,0,0,0,14:57:25.343,14:57:25.343
83,Manam,Manam SM Cebu,4486,0.0,0.0,0,0,102267,0,12,<NA>,15:00:55.22,2025-07-08,15:00:55.22,2025-07-08,True,False,566.0,566.0,60.64,0.0,0,1,GRABFOOD,1,False,0.0,0,False,15:00:55.22,2025-07-08,0.0,False,1,0.0,GRABFOOD,0.0,0,0,-99.99,-10000000000,<NA>,0.0,0,4486,0,0,0,15:00:55.22,0.0,1,0,0.0,0,0,0,15:00:55.22,15:00:55.22
83,Manam,Manam SM Cebu,4487,0.0,0.0,3,0,102267,2,3,<NA>,14:32:35.733,2025-07-08,14:32:35.733,2025-07-08,True,False,955.9,955.9,54.11,-68.99,0,1,DINEIN1,1,False,90.18,0,False,14:32:35.733,2025-07-08,0.0,False,1,0.0,DINEIN1,0.0,0,0,-99.99,-10000000000,<NA>,0.0,0,4487,0,0,0,14:32:35.733,0.0,1,0,0.0,0,0,0,14:32:35.733,14:32:35.733
83,Manam,Manam SM Cebu,4488,0.0,0.0,50,0,102267,7,3,<NA>,14:17:50.187,2025-07-08,14:17:50.187,2025-07-08,True,False,1980.0,1980.0,230.9,-163.55,0,1,DINEIN1,1,False,0.0,0,False,14:17:50.187,2025-07-08,0.0,False,1,0.0,DINEIN1,0.0,0,0,-99.99,-10000000000,<NA>,0.0,0,4488,0,0,0,14:17:50.187,0.0,1,0,0.0,0,0,0,14:17:50.187,14:17:50.187
83,Manam,Manam SM Cebu,4489,0.0,0.0,44,0,102267,4,1,<NA>,14:04:42.97,2025-07-08,14:04:42.97,2025-07-08,True,False,2725.7200000000003,2725.7200000000003,154.29,-196.72,0,1,DINEIN1,1,False,257.14,0,False,14:04:42.97,2025-07-08,0.0,False,1,0.0,DINEIN1,0.0,0,0,-99.99,-10000000000,<NA>,0.0,0,4489,0,0,0,14:04:42.97,0.0,1,0,0.0,0,0,0,14:04:42.97,14:04:42.97
83,Manam,Manam SM Cebu,4491,0.0,0.0,0,0,105539,0,1,<NA>,15:07:25.24,2025-07-08,15:07:25.24,2025-07-08,True,False,831.07,831.07,23.04,0.0,0,1,TAKEOUT,1,False,123.21,0,False,15:07:25.24,2025-07-08,0.0,False,1,0.0,TAKEOUT,0.0,0,0,-99.99,-10000000000,<NA>,0.0,0,4491,0,0,0,15:07:25.24,0.0,1,0,0.0,0,0,0,15:07:25.24,15:07:25.24
83,Manam,Manam SM Cebu,4492,0.0,0.0,15,0,102267,10,3,<NA>,14:05:50.417,2025-07-08,14:05:50.417,2025-07-08,True,False,3925.0,3925.0,501.43,-355.18,0,1,DINEIN1,1,False,0.0,0,False,14:05:50.417,2025-07-08,0.0,False,1,0.0,DINEIN1,0.0,0,0,-99.99,-10000000000,<NA>,0.0,0,4492,0,0,0,14:05:50.417,0.0,1,0,0.0,0,0,0,14:05:50.417,14:05:50.417
83,Manam,Manam SM Cebu,4495,0.0,0.0,20,0,102267,2,3,<NA>,14:55:33.607,2025-07-08,14:55:33.607,2025-07-08,True,False,787.9,787.9,54.902857142857144,-70.02,0,1,DINEIN1,1,False,91.52,0,False,14:55:33.607,2025-07-08,0.0,False,1,0.0,DINEIN1,0.0,0,0,-99.99,-10000000000,<NA>,0.0,0,4495,0,0,0,14:55:33.607,0.0,1,0,0.0,0,0,0,14:55:33.607,14:55:33.607
83,Manam,Manam SM Cebu,4496,0.0,0.0,10,0,102267,4,1,<NA>,13:59:19.807,2025-07-08,13:59:19.807,2025-07-08,True,False,2250.0,2250.0,264.65,-187.46,0,1,DINEIN1,1,False,0.0,0,False,13:59:19.807,2025-07-08,0.0,False,1,0.0,DINEIN1,0.0,0,0,-99.99,-10000000000,<NA>,0.0,0,4496,0,0,0,13:59:19.807,0.0,1,0,0.0,0,0,0,13:59:19.807,13:59:19.807
83,Manam,Manam SM Cebu,4497,0.0,0.0,0,0,102267,0,1,<NA>,13:26:42.293,2025-07-08,13:26:42.293,2025-07-08,True,False,0.0,0.0,0.0,0.0,0,1,ZR-COMP +,1,False,0.0,0,False,13:26:42.293,2025-07-08,0.0,False,1,0.0,ZR-COMP +,0.0,0,0,-99.99,-10000000000,<NA>,0.0,0,4497,0,0,0,13:26:42.293,0.0,1,0,0.0,0,0,0,13:26:42.293,13:26:42.293
83,Manam,Manam SM Cebu,4498,0.0,0.0,34,0,102267,2,1,<NA>,14:54:32.487,2025-07-08,14:54:32.487,2025-07-08,True,False,1098.22,1098.22,0.0,-85.3,0,1,DINEIN1,1,False,250.89,0,False,14:54:32.487,2025-07-08,0.0,False,1,0.0,DINEIN1,0.0,0,0,-99.99,-10000000000,<NA>,0.0,0,4498,0,0,0,14:54:32.487,0.0,1,0,0.0,0,0,0,14:54:32.487,14:54:32.487
83,Manam,Manam SM Cebu,4499,0.0,0.0,23,0,102267,4,1,<NA>,14:25:42.007,2025-07-08,14:25:42.007,2025-07-08,True,False,4560.0,4560.0,518.05,-366.94,0,1,DINEIN1,1,False,0.0,0,False,14:25:42.007,2025-07-08,0.0,False,1,0.0,DINEIN1,0.0,0,0,-99.99,-10000000000,<NA>,0.0,0,4499,0,0,0,14:25:42.007,0.0,1,0,0.0,0,0,0,14:25:42.007,14:25:42.007
83,Manam,Manam SM Cebu,4500,0.0,0.0,7,0,102267,6,1,<NA>,15:01:04.093,2025-07-08,15:01:04.093,2025-07-08,True,False,4241.08,4241.08,339.28857142857146,-336.46,0,1,DINEIN1,1,False,282.75,0,False,15:01:04.093,2025-07-08,0.0,False,1,0.0,DINEIN1,0.0,0,0,-99.99,-10000000000,<NA>,0.0,0,4500,0,0,0,15:01:04.093,0.0,1,0,0.0,0,0,0,15:01:04.093,15:01:04.093
83,Manam,Manam SM Cebu,4501,0.0,0.0,21,0,102267,2,3,<NA>,14:51:01.63,2025-07-08,14:51:01.63,2025-07-08,True,False,1154.65,1154.65,65.35,-83.34,0,1,DINEIN1,1,False,108.93,0,False,14:51:01.63,2025-07-08,0.0,False,1,0.0,DINEIN1,0.0,0,0,-99.99,-10000000000,<NA>,0.0,0,4501,0,0,0,14:51:01.63,0.0,1,0,0.0,0,0,0,14:51:01.63,14:51:01.63
83,Manam,Manam SM Cebu,4502,0.0,0.0,6,0,102267,1,1,<NA>,15:22:54.837,2025-07-08,15:22:54.837,2025-07-08,True,False,305.0,305.0,32.68,-23.15,0,1,DINEIN1,1,False,0.0,0,False,15:22:54.837,2025-07-08,0.0,False,1,0.0,DINEIN1,0.0,0,0,-99.99,-10000000000,<NA>,0.0,0,4502,0,0,0,15:22:54.837,0.0,1,0,0.0,0,0,0,15:22:54.837,15:22:54.837
83,Manam,Manam SM Cebu,4504,0.0,0.0,0,0,102267,0,12,<NA>,15:53:10.483,2025-07-08,15:53:10.483,2025-07-08,True,False,1034.0,1034.0,110.79,0.0,0,1,GRABFOOD,1,False,0.0,0,False,15:53:10.483,2025-07-08,0.0,False,1,0.0,GRABFOOD,0.0,0,0,-99.99,-10000000000,<NA>,0.0,0,4504,0,0,0,15:53:10.483,0.0,1,0,0.0,0,0,0,15:53:10.483,15:53:10.483
83,Manam,Manam SM Cebu,4505,0.0,0.0,0,0,102267,0,1,<NA>,15:36:16.293,2025-07-08,15:36:16.293,2025-07-08,True,False,0.0,0.0,0.0,0.0,0,1,ZR-COMP +,1,False,0.0,0,False,15:36:16.293,2025-07-08,0.0,False,1,0.0,ZR-COMP +,0.0,0,0,-99.99,-10000000000,<NA>,0.0,0,4505,0,0,0,15:36:16.293,0.0,1,0,0.0,0,0,0,15:36:16.293,15:36:16.293
83,Manam,Manam SM Cebu,4506,0.0,0.0,33,0,102267,2,1,<NA>,15:02:05.29,2025-07-08,15:02:05.29,2025-07-08,True,False,1015.0,1015.0,129.65,-91.83,0,1,DINEIN1,1,False,0.0,0,False,15:02:05.29,2025-07-08,0.0,False,1,0.0,DINEIN1,0.0,0,0,-99.99,-10000000000,<NA>,0.0,0,4506,0,0,0,15:02:05.29,0.0,1,0,0.0,0,0,0,15:02:05.29,15:02:05.29
83,Manam,Manam SM Cebu,4507,0.0,0.0,1,0,102267,3,1,<NA>,15:24:53.033,2025-07-08,15:24:53.033,2025-07-08,True,False,1450.0,1450.0,185.35,-131.29,0,1,DINEIN1,1,False,0.0,0,False,15:24:53.033,2025-07-08,0.0,False,1,0.0,DINEIN1,0.0,0,0,-99.99,-10000000000,<NA>,0.0,0,4507,0,0,0,15:24:53.033,0.0,1,0,0.0,0,0,0,15:24:53.033,15:24:53.033
83,Manam,Manam SM Cebu,4509,0.0,0.0,4,0,102267,2,1,<NA>,15:34:00.373,2025-07-08,15:34:00.373,2025-07-08,True,False,870.53,870.53,0.0,-59.2,0,1,DINEIN1,1,False,174.11,0,False,15:34:00.373,2025-07-08,0.0,False,1,0.0,DINEIN1,0.0,0,0,-99.99,-10000000000,<NA>,0.0,0,4509,0,0,0,15:34:00.373,0.0,1,0,0.0,0,0,0,15:34:00.373,15:34:00.373
83,Manam,Manam SM Cebu,4510,0.0,0.0,27,0,102267,3,3,<NA>,14:22:51.067,2025-07-08,14:22:51.067,2025-07-08,True,False,2875.0,2875.0,308.03,-218.19,0,1,DINEIN1,1,False,0.0,0,False,14:22:51.067,2025-07-08,0.0,False,1,0.0,DINEIN1,0.0,0,0,-99.99,-10000000000,<NA>,0.0,0,4510,0,0,0,14:22:51.067,0.0,1,0,0.0,0,0,0,14:22:51.067,14:22:51.067
83,Manam,Manam SM Cebu,4511,0.0,0.0,31,0,102267,2,3,<NA>,15:16:51.483,2025-07-08,15:16:51.483,2025-07-08,True,False,1505.0,1505.0,173.03,-122.57,0,1,DINEIN1,1,False,0.0,0,False,15:16:51.483,2025-07-08,0.0,False,1,0.0,DINEIN1,0.0,0,0,-99.99,-10000000000,<NA>,0.0,0,4511,0,0,0,15:16:51.483,0.0,1,0,0.0,0,0,0,15:16:51.483,15:16:51.483
83,Manam,Manam SM Cebu,4512,0.0,0.0,0,0,102267,0,12,<NA>,16:16:42.737,2025-07-08,16:16:42.737,2025-07-08,True,False,288.0,288.0,30.86,0.0,0,1,GRABFOOD,1,False,0.0,0,False,16:16:42.737,2025-07-08,0.0,False,1,0.0,GRABFOOD,0.0,0,0,-99.99,-10000000000,<NA>,0.0,0,4512,0,0,0,16:16:42.737,0.0,1,0,0.0,0,0,0,16:16:42.737,16:16:42.737
83,Manam,Manam SM Cebu,4513,0.0,0.0,20,0,102267,2,1,<NA>,15:50:10.103,2025-07-08,15:50:10.103,2025-07-08,True,False,1420.0,1420.0,152.15,-107.77,0,1,DINEIN1,1,False,0.0,0,False,15:50:10.103,2025-07-08,0.0,False,1,0.0,DINEIN1,0.0,0,0,-99.99,-10000000000,<NA>,0.0,0,4513,0,0,0,15:50:10.103,0.0,1,0,0.0,0,0,0,15:50:10.103,15:50:10.103
83,Manam,Manam SM Cebu,4514,0.0,0.0,0,0,102267,0,12,<NA>,16:20:29.467,2025-07-08,16:20:29.467,2025-07-08,True,False,1545.0,1545.0,165.54,0.0,0,1,GRABFOOD,1,False,0.0,0,False,16:20:29.467,2025-07-08,0.0,False,1,0.0,GRABFOOD,0.0,0,0,-99.99,-10000000000,<NA>,0.0,0,4514,0,0,0,16:20:29.467,0.0,1,0,0.0,0,0,0,16:20:29.467,16:20:29.467
83,Manam,Manam SM Cebu,4515,0.0,0.0,0,0,102267,0,12,<NA>,16:23:04.863,2025-07-08,16:23:04.863,2025-07-08,True,False,268.0,268.0,28.71,0.0,0,1,GRABFOOD,1,False,0.0,0,False,16:23:04.863,2025-07-08,0.0,False,1,0.0,GRABFOOD,0.0,0,0,-99.99,-10000000000,<NA>,0.0,0,4515,0,0,0,16:23:04.863,0.0,1,0,0.0,0,0,0,16:23:04.863,16:23:04.863
83,Manam,Manam SM Cebu,4516,0.0,0.0,12,0,102267,2,3,<NA>,15:38:24.93,2025-07-08,15:38:24.93,2025-07-08,True,False,1035.71,1035.71,0.0,-70.43,0,1,DINEIN1,1,False,207.15,0,False,15:38:24.93,2025-07-08,0.0,False,1,0.0,DINEIN1,0.0,0,0,-99.99,-10000000000,<NA>,0.0,0,4516,0,0,0,15:38:24.93,0.0,1,0,0.0,0,0,0,15:38:24.93,15:38:24.93
83,Manam,Manam SM Cebu,4517,0.0,0.0,0,0,102267,0,12,<NA>,16:40:21.35,2025-07-08,16:40:21.35,2025-07-08,True,False,1140.0,1140.0,122.14,0.0,0,1,GRABFOOD,1,False,0.0,0,False,16:40:21.35,2025-07-08,0.0,False,1,0.0,GRABFOOD,0.0,0,0,-99.99,-10000000000,<NA>,0.0,0,4517,0,0,0,16:40:21.35,0.0,1,0,0.0,0,0,0,16:40:21.35,16:40:21.35
83,Manam,Manam SM Cebu,4519,0.0,0.0,40,0,102267,5,1,<NA>,14:49:08.95,2025-07-08,14:49:08.95,2025-07-08,True,False,3100.0,3100.0,391.62,-277.39,0,1,DINEIN1,1,False,0.0,0,False,14:49:08.95,2025-07-08,0.0,False,1,0.0,DINEIN1,0.0,0,0,-99.99,-10000000000,<NA>,0.0,0,4519,0,0,0,14:49:08.95,0.0,1,0,0.0,0,0,0,14:49:08.95,14:49:08.95
83,Manam,Manam SM Cebu,4520,0.0,0.0,0,0,102267,0,12,<NA>,16:45:24.977,2025-07-08,16:45:24.977,2025-07-08,True,False,290.0,290.0,31.07,0.0,0,1,GRABFOOD,1,False,0.0,0,False,16:45:24.977,2025-07-08,0.0,False,1,0.0,GRABFOOD,0.0,0,0,-99.99,-10000000000,<NA>,0.0,0,4520,0,0,0,16:45:24.977,0.0,1,0,0.0,0,0,0,16:45:24.977,16:45:24.977
83,Manam,Manam SM Cebu,4521,0.0,0.0,6,0,102267,1,1,<NA>,16:13:17.56,2025-07-08,16:13:17.56,2025-07-08,True,False,340.0,340.0,36.43,-25.8,0,1,DINEIN1,1,False,0.0,0,False,16:13:17.56,2025-07-08,0.0,False,1,0.0,DINEIN1,0.0,0,0,-99.99,-10000000000,<NA>,0.0,0,4521,0,0,0,16:13:17.56,0.0,1,0,0.0,0,0,0,16:13:17.56,16:13:17.56
83,Manam,Manam SM Cebu,4522,0.0,0.0,10,0,102267,3,3,<NA>,15:49:32.117,2025-07-08,15:49:32.117,2025-07-08,True,False,1842.32,1842.32,158.29714285714283,-154.06,0,1,DINEIN1,1,False,129.47,0,False,15:49:32.117,2025-07-08,0.0,False,1,0.0,DINEIN1,0.0,0,0,-99.99,-10000000000,<NA>,0.0,0,4522,0,0,0,15:49:32.117,0.0,1,0,0.0,0,0,0,15:49:32.117,15:49:32.117
83,Manam,Manam SM Cebu,4523,0.0,0.0,0,0,102267,0,12,<NA>,16:58:13.73,2025-07-08,16:58:13.73,2025-07-08,True,False,1404.0,1404.0,150.42,0.0,0,1,GRABFOOD,1,False,0.0,0,False,16:58:13.73,2025-07-08,0.0,False,1,0.0,GRABFOOD,0.0,0,0,-99.99,-10000000000,<NA>,0.0,0,4523,0,0,0,16:58:13.73,0.0,1,0,0.0,0,0,0,16:58:13.73,16:58:13.73
83,Manam,Manam SM Cebu,4524,0.0,0.0,0,0,102267,0,12,<NA>,17:00:48.593,2025-07-08,17:00:48.593,2025-07-08,True,False,526.0,526.0,56.36,0.0,0,1,GRABFOOD,1,False,0.0,0,False,17:00:48.593,2025-07-08,0.0,False,1,0.0,GRABFOOD,0.0,0,0,-99.99,-10000000000,<NA>,0.0,0,4524,0,0,0,17:00:48.593,0.0,1,0,0.0,0,0,0,17:00:48.593,17:00:48.593
83,Manam,Manam SM Cebu,4525,0.0,0.0,0,0,102267,0,12,<NA>,17:01:51.99,2025-07-08,17:01:51.99,2025-07-08,True,False,358.0,358.0,38.36,0.0,0,1,GRABFOOD,1,False,0.0,0,False,17:01:51.99,2025-07-08,0.0,False,1,0.0,GRABFOOD,0.0,0,0,-99.99,-10000000000,<NA>,0.0,0,4525,0,0,0,17:01:51.99,0.0,1,0,0.0,0,0,0,17:01:51.99,17:01:51.99
83,Manam,Manam SM Cebu,4526,0.0,0.0,0,0,102267,0,12,<NA>,17:02:29.94,2025-07-08,17:02:29.94,2025-07-08,True,False,320.0,320.0,34.29,0.0,0,1,GRABFOOD,1,False,0.0,0,False,17:02:29.94,2025-07-08,0.0,False,1,0.0,GRABFOOD,0.0,0,0,-99.99,-10000000000,<NA>,0.0,0,4526,0,0,0,17:02:29.94,0.0,1,0,0.0,0,0,0,17:02:29.94,17:02:29.94
83,Manam,Manam SM Cebu,4527,0.0,0.0,22,0,102267,2,3,<NA>,16:29:21.5,2025-07-08,16:29:21.5,2025-07-08,True,False,1165.0,1165.0,136.61,-96.76,0,1,DINEIN1,1,False,0.0,0,False,16:29:21.5,2025-07-08,0.0,False,1,0.0,DINEIN1,0.0,0,0,-99.99,-10000000000,<NA>,0.0,0,4527,0,0,0,16:29:21.5,0.0,1,0,0.0,0,0,0,16:29:21.5,16:29:21.5
83,Manam,Manam SM Cebu,4528,0.0,0.0,33,0,102267,2,3,<NA>,16:38:29.16,2025-07-08,16:38:29.16,2025-07-08,True,False,930.0,930.0,99.64,-70.58,0,1,DINEIN1,1,False,0.0,0,False,16:38:29.16,2025-07-08,0.0,False,1,0.0,DINEIN1,0.0,0,0,-99.99,-10000000000,<NA>,0.0,0,4528,0,0,0,16:38:29.16,0.0,1,0,0.0,0,0,0,16:38:29.16,16:38:29.16
83,Manam,Manam SM Cebu,4529,0.0,0.0,45,0,102267,3,3,<NA>,16:08:14.133,2025-07-08,16:08:14.133,2025-07-08,True,False,1693.3899999999999,1693.3899999999999,135.3542857142857,-134.23,0,1,DINEIN1,1,False,112.8,0,False,16:08:14.133,2025-07-08,0.0,False,1,0.0,DINEIN1,0.0,0,0,-99.99,-10000000000,<NA>,0.0,0,4529,0,0,0,16:08:14.133,0.0,1,0,0.0,0,0,0,16:08:14.133,16:08:14.133
83,Manam,Manam SM Cebu,4531,0.0,0.0,0,0,102267,0,12,<NA>,17:09:58.8,2025-07-08,17:09:58.8,2025-07-08,True,False,800.0,800.0,85.72,0.0,0,1,GRABFOOD,1,False,0.0,0,False,17:09:58.8,2025-07-08,0.0,False,1,0.0,GRABFOOD,0.0,0,0,-99.99,-10000000000,<NA>,0.0,0,4531,0,0,0,17:09:58.8,0.0,1,0,0.0,0,0,0,17:09:58.8,17:09:58.8
83,Manam,Manam SM Cebu,4532,0.0,0.0,0,0,102267,0,12,<NA>,17:12:25.843,2025-07-08,17:12:25.843,2025-07-08,True,False,760.0,760.0,81.43,0.0,0,1,GRABFOOD,1,False,0.0,0,False,17:12:25.843,2025-07-08,0.0,False,1,0.0,GRABFOOD,0.0,0,0,-99.99,-10000000000,<NA>,0.0,0,4532,0,0,0,17:12:25.843,0.0,1,0,0.0,0,0,0,17:12:25.843,17:12:25.843
83,Manam,Manam SM Cebu,4533,0.0,0.0,4,0,102267,3,1,<NA>,16:30:29.523,2025-07-08,16:30:29.523,2025-07-08,True,False,1031.24,1031.24,0.0,-70.12,0,1,DINEIN1,1,False,206.25,0,False,16:30:29.523,2025-07-08,0.0,False,1,0.0,DINEIN1,0.0,0,0,-99.99,-10000000000,<NA>,0.0,0,4533,0,0,0,16:30:29.523,0.0,1,0,0.0,0,0,0,16:30:29.523,16:30:29.523
83,Manam,Manam SM Cebu,4534,0.0,0.0,51,0,102267,4,1,<NA>,16:33:16.377,2025-07-08,16:33:16.377,2025-07-08,True,False,2846.65,2846.65,235.04142857142855,-210.89,0,1,DINEIN1,1,False,130.57,0,False,16:33:16.377,2025-07-08,0.0,False,1,0.0,DINEIN1,0.0,0,0,-99.99,-10000000000,<NA>,0.0,0,4534,0,0,0,16:33:16.377,0.0,1,0,0.0,0,0,0,16:33:16.377,16:33:16.377
83,Manam,Manam SM Cebu,4535,0.0,0.0,7,0,102267,2,3,<NA>,16:44:51.59,2025-07-08,16:44:51.59,2025-07-08,True,False,1173.57,1173.57,66.4342857142857,-84.69,0,1,DINEIN1,1,False,110.71,0,False,16:44:51.59,2025-07-08,0.0,False,1,0.0,DINEIN1,0.0,0,0,-99.99,-10000000000,<NA>,0.0,0,4535,0,0,0,16:44:51.59,0.0,1,0,0.0,0,0,0,16:44:51.59,16:44:51.59
83,Manam,Manam SM Cebu,4536,0.0,0.0,9,0,102267,2,1,<NA>,16:36:57.153,2025-07-08,16:36:57.153,2025-07-08,True,False,885.0,885.0,94.82,-67.17,0,1,DINEIN1,1,False,0.0,0,False,16:36:57.153,2025-07-08,0.0,False,1,0.0,DINEIN1,0.0,0,0,-99.99,-10000000000,<NA>,0.0,0,4536,0,0,0,16:36:57.153,0.0,1,0,0.0,0,0,0,16:36:57.153,16:36:57.153
83,Manam,Manam SM Cebu,4537,0.0,0.0,0,0,102267,0,1,<NA>,08:39:03.467,2025-07-08,08:39:03.467,2025-07-08,True,False,0.0,0.0,0.0,0.0,0,1,ZR-TRAINING,1,False,0.0,0,False,08:39:03.467,2025-07-08,0.0,False,1,0.0,ZR-TRAINING,0.0,0,0,-99.99,-10000000000,<NA>,0.0,0,4537,0,0,0,08:39:03.467,0.0,1,0,0.0,0,0,0,08:39:03.467,08:39:03.467
83,Manam,Manam SM Cebu,4538,0.0,0.0,34,0,102267,4,3,<NA>,16:27:25.31,2025-07-08,16:27:25.31,2025-07-08,True,False,1575.8,1575.8,89.19142857142857,-113.72,0,1,DINEIN1,1,False,148.66,0,False,16:27:25.31,2025-07-08,0.0,False,1,0.0,DINEIN1,0.0,0,0,-99.99,-10000000000,<NA>,0.0,0,4538,0,0,0,16:27:25.31,0.0,1,0,0.0,0,0,0,16:27:25.31,16:27:25.31
83,Manam,Manam SM Cebu,4539,0.0,0.0,0,0,102267,0,1,<NA>,16:28:18.007,2025-07-08,16:28:18.007,2025-07-08,True,False,675.0,675.0,72.32,0.0,0,1,TAKEOUT,1,False,0.0,0,False,16:28:18.007,2025-07-08,0.0,False,1,0.0,TAKEOUT,0.0,0,0,-99.99,-10000000000,<NA>,0.0,0,4539,0,0,0,16:28:18.007,0.0,1,0,0.0,0,0,0,16:28:18.007,16:28:18.007
83,Manam,Manam SM Cebu,4540,0.0,0.0,28,0,102267,2,3,<NA>,16:22:04.86,2025-07-08,16:22:04.86,2025-07-08,True,False,850.0,850.0,91.07,-64.51,0,1,DINEIN1,1,False,0.0,0,False,16:22:04.86,2025-07-08,0.0,False,1,0.0,DINEIN1,0.0,0,0,-99.99,-10000000000,<NA>,0.0,0,4540,0,0,0,16:22:04.86,0.0,1,0,0.0,0,0,0,16:22:04.86,16:22:04.86
83,Manam,Manam SM Cebu,4541,0.0,0.0,0,0,102267,0,1,<NA>,17:36:52.773,2025-07-08,17:36:52.773,2025-07-08,True,False,0.0,0.0,0.0,0.0,0,1,ZR-COMP +,1,False,0.0,0,False,17:36:52.773,2025-07-08,0.0,False,1,0.0,ZR-COMP +,0.0,0,0,-99.99,-10000000000,<NA>,0.0,0,4541,0,0,0,17:36:52.773,0.0,1,0,0.0,0,0,0,17:36:52.773,17:36:52.773
83,Manam,Manam SM Cebu,4542,0.0,0.0,6,0,102267,6,3,<NA>,16:58:03.757,2025-07-08,16:58:03.757,2025-07-08,True,False,830.0,830.0,88.92,-62.99,0,1,DINEIN1,1,False,0.0,0,False,16:58:03.757,2025-07-08,0.0,False,1,0.0,DINEIN1,0.0,0,0,-99.99,-10000000000,<NA>,0.0,0,4542,0,0,0,16:58:03.757,0.0,1,0,0.0,0,0,0,16:58:03.757,16:58:03.757
83,Manam,Manam SM Cebu,4543,0.0,0.0,12,0,102267,2,3,<NA>,16:46:18.32,2025-07-08,16:46:18.32,2025-07-08,True,False,1855.0,1855.0,198.76,-140.78,0,1,DINEIN1,1,False,0.0,0,False,16:46:18.32,2025-07-08,0.0,False,1,0.0,DINEIN1,0.0,0,0,-99.99,-10000000000,<NA>,0.0,0,4543,0,0,0,16:46:18.32,0.0,1,0,0.0,0,0,0,16:46:18.32,16:46:18.32
83,Manam,Manam SM Cebu,4544,0.0,0.0,15,0,102267,4,3,<NA>,16:42:19.793,2025-07-08,16:42:19.793,2025-07-08,True,False,2093.74,2093.74,0.0,-142.37,0,1,DINEIN1,1,False,418.75,0,False,16:42:19.793,2025-07-08,0.0,False,1,0.0,DINEIN1,0.0,0,0,-99.99,-10000000000,<NA>,0.0,0,4544,0,0,0,16:42:19.793,0.0,1,0,0.0,0,0,0,16:42:19.793,16:42:19.793
83,Manam,Manam SM Cebu,4545,0.0,0.0,30,0,102267,2,3,<NA>,16:57:05.807,2025-07-08,16:57:05.807,2025-07-08,True,False,945.0,945.0,101.25,-71.72,0,1,DINEIN1,1,False,0.0,0,False,16:57:05.807,2025-07-08,0.0,False,1,0.0,DINEIN1,0.0,0,0,-99.99,-10000000000,<NA>,0.0,0,4545,0,0,0,16:57:05.807,0.0,1,0,0.0,0,0,0,16:57:05.807,16:57:05.807
83,Manam,Manam SM Cebu,4546,0.0,0.0,16,0,102267,3,3,<NA>,17:02:00.527,2025-07-08,17:02:00.527,2025-07-08,True,False,1320.0,1320.0,141.43,-100.18,0,1,DINEIN1,1,False,0.0,0,False,17:02:00.527,2025-07-08,0.0,False,1,0.0,DINEIN1,0.0,0,0,-99.99,-10000000000,<NA>,0.0,0,4546,0,0,0,17:02:00.527,0.0,1,0,0.0,0,0,0,17:02:00.527,17:02:00.527
83,Manam,Manam SM Cebu,4547,0.0,0.0,0,0,108000,0,1,<NA>,17:44:09.263,2025-07-08,17:44:09.263,2025-07-08,True,False,165.18,165.18,0.0,0.0,0,1,TAKEOUT,1,False,33.04,0,False,17:44:09.263,2025-07-08,0.0,False,1,0.0,TAKEOUT,0.0,0,0,-99.99,-10000000000,<NA>,0.0,0,4547,0,0,0,17:44:09.263,0.0,1,0,0.0,0,0,0,17:44:09.263,17:44:09.263
83,Manam,Manam SM Cebu,4548,0.0,0.0,43,0,102267,2,1,<NA>,16:59:10.993,2025-07-08,16:59:10.993,2025-07-08,True,False,995.0,995.0,106.61,-75.51,0,1,DINEIN1,1,False,0.0,0,False,16:59:10.993,2025-07-08,0.0,False,1,0.0,DINEIN1,0.0,0,0,-99.99,-10000000000,<NA>,0.0,0,4548,0,0,0,16:59:10.993,0.0,1,0,0.0,0,0,0,16:59:10.993,16:59:10.993
83,Manam,Manam SM Cebu,4549,0.0,0.0,31,0,102267,3,3,<NA>,17:05:31.063,2025-07-08,17:05:31.063,2025-07-08,True,False,1843.22,1843.22,70.89,-130.56,0,1,DINEIN1,1,False,236.32,0,False,17:05:31.063,2025-07-08,0.0,False,1,0.0,DINEIN1,0.0,0,0,-99.99,-10000000000,<NA>,0.0,0,4549,0,0,0,17:05:31.063,0.0,1,0,0.0,0,0,0,17:05:31.063,17:05:31.063
83,Manam,Manam SM Cebu,4550,0.0,0.0,0,0,108000,0,3,10% LOYAL,17:38:55.917,2025-07-08,17:38:55.917,2025-07-08,True,False,5550.0,5550.0,693.81,0.0,0,1,TAKEOUT,1,False,719.5,0,False,17:38:55.917,2025-07-08,0.0,False,1,0.0,TAKEOUT,0.0,0,0,-99.99,-10000000000,10468287,0.0,0,4550,0,0,0,17:38:55.917,0.0,1,0,0.0,0,0,0,17:38:55.917,17:38:55.917
83,Manam,Manam SM Cebu,4551,0.0,0.0,11,0,102267,2,1,<NA>,17:04:31.087,2025-07-08,17:04:31.087,2025-07-08,True,False,927.5,927.5,52.498571428571424,-66.94,0,1,DINEIN1,1,False,87.5,0,False,17:04:31.087,2025-07-08,0.0,False,1,0.0,DINEIN1,0.0,0,0,-99.99,-10000000000,<NA>,0.0,0,4551,0,0,0,17:04:31.087,0.0,1,0,0.0,0,0,0,17:04:31.087,17:04:31.087
83,Manam,Manam SM Cebu,4552,0.0,0.0,10,0,102267,2,3,<NA>,17:12:57.177,2025-07-08,17:12:57.177,2025-07-08,True,False,951.1600000000001,951.1600000000001,53.83714285714286,-68.65,0,1,DINEIN1,1,False,89.73,0,False,17:12:57.177,2025-07-08,0.0,False,1,0.0,DINEIN1,0.0,0,0,-99.99,-10000000000,<NA>,0.0,0,4552,0,0,0,17:12:57.177,0.0,1,0,0.0,0,0,0,17:12:57.177,17:12:57.177
83,Manam,Manam SM Cebu,4554,0.0,0.0,42,0,102267,4,3,<NA>,17:15:46.067,2025-07-08,17:15:46.067,2025-07-08,True,False,2500.0,2500.0,286.59,-203.01,0,1,DINEIN1,1,False,0.0,0,False,17:15:46.067,2025-07-08,0.0,False,1,0.0,DINEIN1,0.0,0,0,-99.99,-10000000000,<NA>,0.0,0,4554,0,0,0,17:15:46.067,0.0,1,0,0.0,0,0,0,17:15:46.067,17:15:46.067
83,Manam,Manam SM Cebu,4555,0.0,0.0,19,0,102267,3,3,10% LOYAL,17:05:12.33,2025-07-08,17:05:12.33,2025-07-08,True,False,2450.0,2450.0,236.27,-167.34,0,1,DINEIN1,1,False,245.0,0,False,17:05:12.33,2025-07-08,0.0,False,1,0.0,DINEIN1,0.0,0,0,-99.99,-10000000000,10472184,0.0,0,4555,0,0,0,17:05:12.33,0.0,1,0,0.0,0,0,0,17:05:12.33,17:05:12.33
83,Manam,Manam SM Cebu,4557,0.0,0.0,40,0,102267,2,1,<NA>,17:28:27.45,2025-07-08,17:28:27.45,2025-07-08,True,False,1477.68,1477.68,0.0,-100.48,0,1,DINEIN1,1,False,295.54,0,False,17:28:27.45,2025-07-08,0.0,False,1,0.0,DINEIN1,0.0,0,0,-99.99,-10000000000,<NA>,0.0,0,4557,0,0,0,17:28:27.45,0.0,1,0,0.0,0,0,0,17:28:27.45,17:28:27.45
83,Manam,Manam SM Cebu,4558,0.0,0.0,23,0,102267,9,3,<NA>,17:00:43.787,2025-07-08,17:00:43.787,2025-07-08,True,False,5785.0,5785.0,807.86,-572.23,0,1,DINEIN1,1,False,0.0,0,False,17:00:43.787,2025-07-08,0.0,False,1,0.0,DINEIN1,0.0,0,0,-99.99,-10000000000,<NA>,0.0,0,4558,0,0,0,17:00:43.787,0.0,1,0,0.0,0,0,0,17:00:43.787,17:00:43.787
83,Manam,Manam SM Cebu,4559,0.0,0.0,0,0,102267,0,10,<NA>,18:15:44.99,2025-07-08,18:15:44.99,2025-07-08,True,False,268.0,268.0,28.71,0.0,0,1,FOODPANDA,1,False,0.0,0,False,18:15:44.99,2025-07-08,0.0,False,1,0.0,FOODPANDA,0.0,0,0,-99.99,-10000000000,<NA>,0.0,0,4559,0,0,0,18:15:44.99,0.0,1,0,0.0,0,0,0,18:15:44.99,18:15:44.99
83,Manam,Manam SM Cebu,4560,0.0,0.0,0,0,108000,0,3,<NA>,17:55:25.77,2025-07-08,17:55:25.77,2025-07-08,True,False,1574.29,1574.29,132.32,0.0,0,1,TAKEOUT,1,False,67.86,0,False,17:55:25.77,2025-07-08,0.0,False,1,0.0,TAKEOUT,0.0,0,0,-99.99,-10000000000,<NA>,0.0,0,4560,0,0,0,17:55:25.77,0.0,1,0,0.0,0,0,0,17:55:25.77,17:55:25.77
83,Manam,Manam SM Cebu,4561,0.0,0.0,0,0,102267,0,12,<NA>,18:23:27.22,2025-07-08,18:23:27.22,2025-07-08,True,False,583.0,583.0,62.46,0.0,0,1,GRABFOOD,1,False,0.0,0,False,18:23:27.22,2025-07-08,0.0,False,1,0.0,GRABFOOD,0.0,0,0,-99.99,-10000000000,<NA>,0.0,0,4561,0,0,0,18:23:27.22,0.0,1,0,0.0,0,0,0,18:23:27.22,18:23:27.22
83,Manam,Manam SM Cebu,4562,0.0,0.0,0,0,102267,0,12,<NA>,18:24:31.687,2025-07-08,18:24:31.687,2025-07-08,True,False,625.0,625.0,66.96,0.0,0,1,GRABFOOD,1,False,0.0,0,False,18:24:31.687,2025-07-08,0.0,False,1,0.0,GRABFOOD,0.0,0,0,-99.99,-10000000000,<NA>,0.0,0,4562,0,0,0,18:24:31.687,0.0,1,0,0.0,0,0,0,18:24:31.687,18:24:31.687
83,Manam,Manam SM Cebu,4563,0.0,0.0,45,0,102267,3,1,<NA>,17:33:05.507,2025-07-08,17:33:05.507,2025-07-08,True,False,1145.3600000000001,1145.3600000000001,49.5,-87.15,0,1,DINEIN1,1,False,157.75,0,False,17:33:05.507,2025-07-08,0.0,False,1,0.0,DINEIN1,0.0,0,0,-99.99,-10000000000,<NA>,0.0,0,4563,0,0,0,17:33:05.507,0.0,1,0,0.0,0,0,0,17:33:05.507,17:33:05.507
83,Manam,Manam SM Cebu,4564,0.0,0.0,0,0,102267,0,12,<NA>,18:27:07.17,2025-07-08,18:27:07.17,2025-07-08,True,False,495.0,495.0,53.04,0.0,0,1,GRABFOOD,1,False,0.0,0,False,18:27:07.17,2025-07-08,0.0,False,1,0.0,GRABFOOD,0.0,0,0,-99.99,-10000000000,<NA>,0.0,0,4564,0,0,0,18:27:07.17,0.0,1,0,0.0,0,0,0,18:27:07.17,18:27:07.17
83,Manam,Manam SM Cebu,4565,0.0,0.0,0,0,102267,0,12,<NA>,18:27:52.857,2025-07-08,18:27:52.857,2025-07-08,True,False,556.0,556.0,59.57,0.0,0,1,GRABFOOD,1,False,0.0,0,False,18:27:52.857,2025-07-08,0.0,False,1,0.0,GRABFOOD,0.0,0,0,-99.99,-10000000000,<NA>,0.0,0,4565,0,0,0,18:27:52.857,0.0,1,0,0.0,0,0,0,18:27:52.857,18:27:52.857
83,Manam,Manam SM Cebu,4566,0.0,0.0,0,0,102267,0,12,<NA>,18:28:40.4,2025-07-08,18:28:40.4,2025-07-08,True,False,894.0,894.0,153.21,0.0,0,1,GRABFOOD,1,False,0.0,0,False,18:28:40.4,2025-07-08,0.0,False,1,0.0,GRABFOOD,0.0,0,0,-99.99,-10000000000,<NA>,0.0,0,4566,0,0,0,18:28:40.4,0.0,1,0,0.0,0,0,0,18:28:40.4,18:28:40.4
83,Manam,Manam SM Cebu,4567,0.0,0.0,9,0,102267,2,1,<NA>,17:30:51.987,2025-07-08,17:30:51.987,2025-07-08,True,False,985.0,985.0,105.54,-74.75,0,1,DINEIN1,1,False,0.0,0,False,17:30:51.987,2025-07-08,0.0,False,1,0.0,DINEIN1,0.0,0,0,-99.99,-10000000000,<NA>,0.0,0,4567,0,0,0,17:30:51.987,0.0,1,0,0.0,0,0,0,17:30:51.987,17:30:51.987
83,Manam,Manam SM Cebu,4568,0.0,0.0,0,0,100490,0,1,<NA>,18:23:51.197,2025-07-08,18:23:51.197,2025-07-08,True,False,1770.0,1770.0,205.18,0.0,0,1,TAKEOUT,1,False,0.0,0,False,18:23:51.197,2025-07-08,0.0,False,1,0.0,TAKEOUT,0.0,0,0,-99.99,-10000000000,<NA>,0.0,0,4568,0,0,0,18:23:51.197,0.0,1,0,0.0,0,0,0,18:23:51.197,18:23:51.197
83,Manam,Manam SM Cebu,4569,0.0,0.0,1,0,102267,4,3,<NA>,16:47:12.35,2025-07-08,16:47:12.35,2025-07-08,True,False,1535.0,1535.0,164.47,-116.5,0,1,DINEIN1,1,False,0.0,0,False,16:47:12.35,2025-07-08,0.0,False,1,0.0,DINEIN1,0.0,0,0,-99.99,-10000000000,<NA>,0.0,0,4569,0,0,0,16:47:12.35,0.0,1,0,0.0,0,0,0,16:47:12.35,16:47:12.35
83,Manam,Manam SM Cebu,4571,0.0,0.0,33,0,102267,6,3,<NA>,17:40:58.317,2025-07-08,17:40:58.317,2025-07-08,True,False,4865.0,4865.0,559.83,-396.54,0,1,DINEIN1,1,False,0.0,0,False,17:40:58.317,2025-07-08,0.0,False,1,0.0,DINEIN1,0.0,0,0,-99.99,-10000000000,<NA>,0.0,0,4571,0,0,0,17:40:58.317,0.0,1,0,0.0,0,0,0,17:40:58.317,17:40:58.317
83,Manam,Manam SM Cebu,4572,0.0,0.0,7,0,102267,3,3,<NA>,17:33:42.063,2025-07-08,17:33:42.063,2025-07-08,True,False,1985.0,1985.0,212.68,-150.65,0,1,DINEIN1,1,False,0.0,0,False,17:33:42.063,2025-07-08,0.0,False,1,0.0,DINEIN1,0.0,0,0,-99.99,-10000000000,<NA>,0.0,0,4572,0,0,0,17:33:42.063,0.0,1,0,0.0,0,0,0,17:33:42.063,17:33:42.063
83,Manam,Manam SM Cebu,4573,0.0,0.0,6,0,102267,2,1,<NA>,18:03:34.733,2025-07-08,18:03:34.733,2025-07-08,True,False,1670.0,1670.0,188.57,-133.57,0,1,DINEIN1,1,False,0.0,0,False,18:03:34.733,2025-07-08,0.0,False,1,0.0,DINEIN1,0.0,0,0,-99.99,-10000000000,<NA>,0.0,0,4573,0,0,0,18:03:34.733,0.0,1,0,0.0,0,0,0,18:03:34.733,18:03:34.733
83,Manam,Manam SM Cebu,4574,0.0,0.0,21,0,102267,4,1,<NA>,16:18:17.47,2025-07-08,16:18:17.47,2025-07-08,True,False,3221.34,3221.34,265.98285714285714,-238.64,0,1,DINEIN1,1,False,147.76,0,False,16:18:17.47,2025-07-08,0.0,False,1,0.0,DINEIN1,0.0,0,0,-99.99,-10000000000,<NA>,0.0,0,4574,0,0,0,16:18:17.47,0.0,1,0,0.0,0,0,0,16:18:17.47,16:18:17.47
83,Manam,Manam SM Cebu,4575,0.0,0.0,3,0,102267,10,3,<NA>,17:53:40.147,2025-07-08,17:53:40.147,2025-07-08,True,False,3250.64,3250.64,357.43285714285713,-303.82,0,1,DINEIN1,1,False,148.93,0,False,17:53:40.147,2025-07-08,0.0,False,1,0.0,DINEIN1,0.0,0,0,-99.99,-10000000000,<NA>,0.0,0,4575,0,0,0,17:53:40.147,0.0,1,0,0.0,0,0,0,17:53:40.147,17:53:40.147
83,Manam,Manam SM Cebu,4576,0.0,0.0,19,0,102267,8,3,<NA>,18:12:35.41,2025-07-08,18:12:35.41,2025-07-08,True,False,2490.0,2490.0,266.79,-188.97,0,1,DINEIN1,1,False,0.0,0,False,18:12:35.41,2025-07-08,0.0,False,1,0.0,DINEIN1,0.0,0,0,-99.99,-10000000000,<NA>,0.0,0,4576,0,0,0,18:12:35.41,0.0,1,0,0.0,0,0,0,18:12:35.41,18:12:35.41
83,Manam,Manam SM Cebu,4577,0.0,0.0,22,0,102267,2,3,<NA>,17:29:20.45,2025-07-08,17:29:20.45,2025-07-08,True,False,1755.62,1755.62,99.37571428571428,-126.7,0,1,DINEIN1,1,False,165.62,0,False,17:29:20.45,2025-07-08,0.0,False,1,0.0,DINEIN1,0.0,0,0,-99.99,-10000000000,<NA>,0.0,0,4577,0,0,0,17:29:20.45,0.0,1,0,0.0,0,0,0,17:29:20.45,17:29:20.45
83,Manam,Manam SM Cebu,4578,0.0,0.0,0,0,102267,0,1,<NA>,14:52:33.863,2025-07-08,14:52:33.863,2025-07-08,True,False,0.0,0.0,0.0,0.0,0,1,ZR-MAN,1,False,0.0,0,False,14:52:33.863,2025-07-08,0.0,False,1,0.0,ZR-MAN,0.0,0,0,-99.99,-10000000000,<NA>,0.0,0,4578,0,0,0,14:52:33.863,0.0,1,0,0.0,0,0,0,14:52:33.863,14:52:33.863
83,Manam,Manam SM Cebu,4579,0.0,0.0,23,0,102267,2,1,<NA>,18:25:09.003,2025-07-08,18:25:09.003,2025-07-08,True,False,1235.0,1235.0,132.33,-93.73,0,1,DINEIN1,1,False,0.0,0,False,18:25:09.003,2025-07-08,0.0,False,1,0.0,DINEIN1,0.0,0,0,-99.99,-10000000000,<NA>,0.0,0,4579,0,0,0,18:25:09.003,0.0,1,0,0.0,0,0,0,18:25:09.003,18:25:09.003
83,Manam,Manam SM Cebu,4580,0.0,0.0,12,0,102267,7,3,<NA>,18:00:07.037,2025-07-08,18:00:07.037,2025-07-08,True,False,6538.36,6538.36,609.7985714285714,-489.53,0,1,DINEIN1,1,False,169.39,0,False,18:00:07.037,2025-07-08,0.0,False,1,0.0,DINEIN1,0.0,0,0,-99.99,-10000000000,<NA>,0.0,0,4580,0,0,0,18:00:07.037,0.0,1,0,0.0,0,0,0,18:00:07.037,18:00:07.037
83,Manam,Manam SM Cebu,4581,0.0,0.0,30,0,102267,12,3,<NA>,18:33:28.657,2025-07-08,18:33:28.657,2025-07-08,True,False,6104.01,6104.01,579.9028571428571,-476.49,0,1,DINEIN1,1,False,193.3,0,False,18:33:28.657,2025-07-08,0.0,False,1,0.0,DINEIN1,0.0,0,0,-99.99,-10000000000,<NA>,0.0,0,4581,0,0,0,18:33:28.657,0.0,1,0,0.0,0,0,0,18:33:28.657,18:33:28.657
83,Manam,Manam SM Cebu,4582,0.0,0.0,50,0,102267,4,3,<NA>,16:37:53.29,2025-07-08,16:37:53.29,2025-07-08,True,False,1088.4,1088.4,61.61,-78.55,0,1,DINEIN1,1,False,102.68,0,False,16:37:53.29,2025-07-08,0.0,False,1,0.0,DINEIN1,0.0,0,0,-99.99,-10000000000,<NA>,0.0,0,4582,0,0,0,16:37:53.29,0.0,1,0,0.0,0,0,0,16:37:53.29,16:37:53.29
83,Manam,Manam SM Cebu,4583,0.0,0.0,40,0,102267,15,3,<NA>,18:37:25.997,2025-07-08,18:37:25.997,2025-07-08,True,False,5256.61,5256.61,489.79285714285714,-447.24,0,1,DINEIN1,1,False,296.42,0,False,18:37:25.997,2025-07-08,0.0,False,1,0.0,DINEIN1,0.0,0,0,-99.99,-10000000000,<NA>,0.0,0,4583,0,0,0,18:37:25.997,0.0,1,0,0.0,0,0,0,18:37:25.997,18:37:25.997
83,Manam,Manam SM Cebu,4584,0.0,0.0,45,0,102267,4,3,10% LOYAL,16:37:53.29,2025-07-08,16:37:53.29,2025-07-08,True,False,4975.0,4975.0,554.0,-392.4,0,1,DINEIN1,1,False,574.5,0,False,16:37:53.29,2025-07-08,0.0,False,1,0.0,DINEIN1,0.0,0,0,-99.99,-10000000000,10468191,0.0,0,4584,0,0,0,16:37:53.29,0.0,1,0,0.0,0,0,0,16:37:53.29,16:37:53.29
83,Manam,Manam SM Cebu,4585,0.0,0.0,51,0,102267,7,3,<NA>,17:58:40.11,2025-07-08,17:58:40.11,2025-07-08,True,False,4862.96,4862.96,393.13142857142856,-367.08,0,1,DINEIN1,1,False,261.74,0,False,17:58:40.11,2025-07-08,0.0,False,1,0.0,DINEIN1,0.0,0,0,-99.99,-10000000000,<NA>,0.0,0,4585,0,0,0,17:58:40.11,0.0,1,0,0.0,0,0,0,17:58:40.11,17:58:40.11
83,Manam,Manam SM Cebu,4586,0.0,0.0,35,0,102267,2,3,<NA>,18:59:42.403,2025-07-08,18:59:42.403,2025-07-08,True,False,1280.0,1280.0,137.14,-97.14,0,1,DINEIN1,1,False,0.0,0,False,18:59:42.403,2025-07-08,0.0,False,1,0.0,DINEIN1,0.0,0,0,-99.99,-10000000000,<NA>,0.0,0,4586,0,0,0,18:59:42.403,0.0,1,0,0.0,0,0,0,18:59:42.403,18:59:42.403
83,Manam,Manam SM Cebu,4587,0.0,0.0,24,0,102267,12,3,<NA>,18:38:36.067,2025-07-08,18:38:36.067,2025-07-08,True,False,6144.33,6144.33,915.2642857142856,-821.2,0,1,DINEIN1,1,False,508.48,0,False,18:38:36.067,2025-07-08,0.0,False,1,0.0,DINEIN1,0.0,0,0,-99.99,-10000000000,<NA>,0.0,0,4587,0,0,0,18:38:36.067,0.0,1,0,0.0,0,0,0,18:38:36.067,18:38:36.067
83,Manam,Manam SM Cebu,4588,0.0,0.0,2,0,102267,13,3,<NA>,18:49:18.74,2025-07-08,18:49:18.74,2025-07-08,True,False,7460.0,7460.0,949.8,-672.79,0,1,DINEIN1,1,False,0.0,0,False,18:49:18.74,2025-07-08,0.0,False,1,0.0,DINEIN1,0.0,0,0,-99.99,-10000000000,<NA>,0.0,0,4588,0,0,0,18:49:18.74,0.0,1,0,0.0,0,0,0,18:49:18.74,18:49:18.74
83,Manam,Manam SM Cebu,4589,0.0,0.0,20,0,102267,15,3,<NA>,19:15:14.097,2025-07-08,19:15:14.097,2025-07-08,True,False,3520.0,3520.0,797.14,-564.64,0,1,DINEIN1,1,False,0.0,0,False,19:15:14.097,2025-07-08,0.0,False,1,0.0,DINEIN1,0.0,0,0,-99.99,-10000000000,<NA>,0.0,0,4589,0,0,0,19:15:14.097,0.0,1,0,0.0,0,0,0,19:15:14.097,19:15:14.097
83,Manam,Manam SM Cebu,4590,0.0,0.0,10,0,102267,2,3,<NA>,18:30:30.507,2025-07-08,18:30:30.507,2025-07-08,True,False,835.0,835.0,121.07,-85.76,0,1,DINEIN1,1,False,0.0,0,False,18:30:30.507,2025-07-08,0.0,False,1,0.0,DINEIN1,0.0,0,0,-99.99,-10000000000,<NA>,0.0,0,4590,0,0,0,18:30:30.507,0.0,1,0,0.0,0,0,0,18:30:30.507,18:30:30.507
83,Manam,Manam SM Cebu,4591,0.0,0.0,15,0,102267,2,3,<NA>,19:45:55.367,2025-07-08,19:45:55.367,2025-07-08,True,False,1165.0,1165.0,145.72,-103.21,0,1,DINEIN1,1,False,0.0,0,False,19:45:55.367,2025-07-08,0.0,False,1,0.0,DINEIN1,0.0,0,0,-99.99,-10000000000,<NA>,0.0,0,4591,0,0,0,19:45:55.367,0.0,1,0,0.0,0,0,0,19:45:55.367,19:45:55.367
83,Manam,Manam SM Cebu,4592,0.0,0.0,7,0,102267,6,3,<NA>,18:45:09.527,2025-07-08,18:45:09.527,2025-07-08,True,False,3697.3199999999997,3697.3199999999997,363.39714285714285,-298.58,0,1,DINEIN1,1,False,121.13,0,False,18:45:09.527,2025-07-08,0.0,False,1,0.0,DINEIN1,0.0,0,0,-99.99,-10000000000,<NA>,0.0,0,4592,0,0,0,18:45:09.527,0.0,1,0,0.0,0,0,0,18:45:09.527,18:45:09.527
83,Manam,Manam SM Cebu,4593,0.0,0.0,12,0,102267,4,3,<NA>,19:33:11.653,2025-07-08,19:33:11.653,2025-07-08,True,False,1795.0,1795.0,229.83,-162.79,0,1,DINEIN1,1,False,0.0,0,False,19:33:11.653,2025-07-08,0.0,False,1,0.0,DINEIN1,0.0,0,0,-99.99,-10000000000,<NA>,0.0,0,4593,0,0,0,19:33:11.653,0.0,1,0,0.0,0,0,0,19:33:11.653,19:33:11.653
83,Manam,Manam SM Cebu,4594,0.0,0.0,0,0,102267,0,12,<NA>,20:30:27.763,2025-07-08,20:30:27.763,2025-07-08,True,False,731.0,731.0,78.32,0.0,0,1,GRABFOOD,1,False,0.0,0,False,20:30:27.763,2025-07-08,0.0,False,1,0.0,GRABFOOD,0.0,0,0,-99.99,-10000000000,<NA>,0.0,0,4594,0,0,0,20:30:27.763,0.0,1,0,0.0,0,0,0,20:30:27.763,20:30:27.763
83,Manam,Manam SM Cebu,4595,0.0,0.0,19,0,102267,8,3,<NA>,19:11:17.897,2025-07-08,19:11:17.897,2025-07-08,True,False,5561.3,5561.3,526.2314285714285,-467.55,0,1,DINEIN1,1,False,289.51,0,False,19:11:17.897,2025-07-08,0.0,False,1,0.0,DINEIN1,0.0,0,0,-99.99,-10000000000,<NA>,0.0,0,4595,0,0,0,19:11:17.897,0.0,1,0,0.0,0,0,0,19:11:17.897,19:11:17.897
83,Manam,Manam SM Cebu,4596,0.0,0.0,0,0,102267,0,12,<NA>,20:36:57.973,2025-07-08,20:36:57.973,2025-07-08,True,False,665.0,665.0,71.25,0.0,0,1,GRABFOOD,1,False,0.0,0,False,20:36:57.973,2025-07-08,0.0,False,1,0.0,GRABFOOD,0.0,0,0,-99.99,-10000000000,<NA>,0.0,0,4596,0,0,0,20:36:57.973,0.0,1,0,0.0,0,0,0,20:36:57.973,20:36:57.973
83,Manam,Manam SM Cebu,4597,0.0,0.0,0,0,102267,0,12,<NA>,20:38:57.357,2025-07-08,20:38:57.357,2025-07-08,True,False,395.0,395.0,42.32,0.0,0,1,GRABFOOD,1,False,0.0,0,False,20:38:57.357,2025-07-08,0.0,False,1,0.0,GRABFOOD,0.0,0,0,-99.99,-10000000000,<NA>,0.0,0,4597,0,0,0,20:38:57.357,0.0,1,0,0.0,0,0,0,20:38:57.357,20:38:57.357
83,Manam,Manam SM Cebu,4598,0.0,0.0,0,0,103836,0,3,<NA>,20:16:10.873,2025-07-08,20:16:10.873,2025-07-08,True,False,394.82,394.82,19.82,0.0,0,1,TAKEOUT,1,False,41.96,0,False,20:16:10.873,2025-07-08,0.0,False,1,0.0,TAKEOUT,0.0,0,0,-99.99,-10000000000,<NA>,0.0,0,4598,0,0,0,20:16:10.873,0.0,1,0,0.0,0,0,0,20:16:10.873,20:16:10.873
83,Manam,Manam SM Cebu,4599,0.0,0.0,32,0,102267,4,1,<NA>,20:00:33.123,2025-07-08,20:00:33.123,2025-07-08,True,False,1375.0,1375.0,147.32,-104.35,0,1,DINEIN1,1,False,0.0,0,False,20:00:33.123,2025-07-08,0.0,False,1,0.0,DINEIN1,0.0,0,0,-99.99,-10000000000,<NA>,0.0,0,4599,0,0,0,20:00:33.123,0.0,1,0,0.0,0,0,0,20:00:33.123,20:00:33.123
83,Manam,Manam SM Cebu,4600,0.0,0.0,0,0,103836,0,3,<NA>,20:49:15.69,2025-07-08,20:49:15.69,2025-07-08,True,False,425.0,425.0,45.54,0.0,0,1,TAKEOUT,1,False,0.0,0,False,20:49:15.69,2025-07-08,0.0,False,1,0.0,TAKEOUT,0.0,0,0,-99.99,-10000000000,<NA>,0.0,0,4600,0,0,0,20:49:15.69,0.0,1,0,0.0,0,0,0,20:49:15.69,20:49:15.69
83,Manam,Manam SM Cebu,4601,0.0,0.0,33,0,102267,3,3,<NA>,19:50:51.653,2025-07-08,19:50:51.653,2025-07-08,True,False,2112.5,2112.5,81.24857142857142,-149.63,0,1,DINEIN1,1,False,270.84,0,False,19:50:51.653,2025-07-08,0.0,False,1,0.0,DINEIN1,0.0,0,0,-99.99,-10000000000,<NA>,0.0,0,4601,0,0,0,19:50:51.653,0.0,1,0,0.0,0,0,0,19:50:51.653,19:50:51.653
83,Manam,Manam SM Cebu,4602,0.0,0.0,51,0,102267,7,1,<NA>,20:03:28.14,2025-07-08,20:03:28.14,2025-07-08,True,False,4033.94,4033.94,340.71714285714285,-318.07,0,1,DINEIN1,1,False,226.78,0,False,20:03:28.14,2025-07-08,0.0,False,1,0.0,DINEIN1,0.0,0,0,-99.99,-10000000000,<NA>,0.0,0,4602,0,0,0,20:03:28.14,0.0,1,0,0.0,0,0,0,20:03:28.14,20:03:28.14
83,Manam,Manam SM Cebu,4603,0.0,0.0,1,0,102267,3,3,<NA>,20:09:45.053,2025-07-08,20:09:45.053,2025-07-08,True,False,2275.0,2275.0,243.76,-172.66,0,1,DINEIN1,1,False,0.0,0,False,20:09:45.053,2025-07-08,0.0,False,1,0.0,DINEIN1,0.0,0,0,-99.99,-10000000000,<NA>,0.0,0,4603,0,0,0,20:09:45.053,0.0,1,0,0.0,0,0,0,20:09:45.053,20:09:45.053
83,Manam,Manam SM Cebu,4604,0.0,0.0,45,0,102267,9,3,<NA>,19:56:06.4,2025-07-08,19:56:06.4,2025-07-08,True,False,7420.48,7420.48,680.8328571428572,-592.49,0,1,DINEIN1,1,False,324.21,0,False,19:56:06.4,2025-07-08,0.0,False,1,0.0,DINEIN1,0.0,0,0,-99.99,-10000000000,<NA>,0.0,0,4604,0,0,0,19:56:06.4,0.0,1,0,0.0,0,0,0,19:56:06.4,19:56:06.4
83,Manam,Manam SM Cebu,4605,0.0,0.0,4,0,102267,4,3,<NA>,20:19:32.46,2025-07-08,20:19:32.46,2025-07-08,True,False,3065.0,3065.0,366.96,-259.93,0,1,DINEIN1,1,False,0.0,0,False,20:19:32.46,2025-07-08,0.0,False,1,0.0,DINEIN1,0.0,0,0,-99.99,-10000000000,<NA>,0.0,0,4605,0,0,0,20:19:32.46,0.0,1,0,0.0,0,0,0,20:19:32.46,20:19:32.46
83,Manam,Manam SM Cebu,4606,0.0,0.0,9,0,102267,2,1,<NA>,20:26:06.607,2025-07-08,20:26:06.607,2025-07-08,True,False,1112.05,1112.05,62.94285714285714,-80.26,0,1,DINEIN1,1,False,104.91,0,False,20:26:06.607,2025-07-08,0.0,False,1,0.0,DINEIN1,0.0,0,0,-99.99,-10000000000,<NA>,0.0,0,4606,0,0,0,20:26:06.607,0.0,1,0,0.0,0,0,0,20:26:06.607,20:26:06.607
83,Manam,Manam SM Cebu,4607,0.0,0.0,50,0,102267,16,3,<NA>,19:39:40.67,2025-07-08,19:39:40.67,2025-07-08,True,False,6013.37,6013.37,571.4014285714286,-451.01,0,1,DINEIN1,1,False,136.05,0,False,19:39:40.67,2025-07-08,0.0,False,1,0.0,DINEIN1,0.0,0,0,-99.99,-10000000000,<NA>,0.0,0,4607,0,0,0,19:39:40.67,0.0,1,0,0.0,0,0,0,19:39:40.67,19:39:40.67
83,Manam,Manam SM Cebu,4608,0.0,0.0,20,0,102267,3,3,<NA>,20:29:33.563,2025-07-08,20:29:33.563,2025-07-08,True,False,1365.0,1365.0,155.36,-110.04,0,1,DINEIN1,1,False,0.0,0,False,20:29:33.563,2025-07-08,0.0,False,1,0.0,DINEIN1,0.0,0,0,-99.99,-10000000000,<NA>,0.0,0,4608,0,0,0,20:29:33.563,0.0,1,0,0.0,0,0,0,20:29:33.563,20:29:33.563
83,Manam,Manam SM Cebu,4609,0.0,0.0,28,0,102267,10,3,<NA>,20:11:08.24,2025-07-08,20:11:08.24,2025-07-08,True,False,4122.5,4122.5,450.0042857142857,-382.5,0,1,DINEIN1,1,False,187.5,0,False,20:11:08.24,2025-07-08,0.0,False,1,0.0,DINEIN1,0.0,0,0,-99.99,-10000000000,<NA>,0.0,0,4609,0,0,0,20:11:08.24,0.0,1,0,0.0,0,0,0,20:11:08.24,20:11:08.24
83,Manam,Manam SM Cebu,4610,0.0,0.0,11,0,102267,3,3,<NA>,20:43:37.95,2025-07-08,20:43:37.95,2025-07-08,True,False,680.0,680.0,72.85,-51.61,0,1,DINEIN1,1,False,0.0,0,False,20:43:37.95,2025-07-08,0.0,False,1,0.0,DINEIN1,0.0,0,0,-99.99,-10000000000,<NA>,0.0,0,4610,0,0,0,20:43:37.95,0.0,1,0,0.0,0,0,0,20:43:37.95,20:43:37.95
83,Manam,Manam SM Cebu,4611,0.0,0.0,10,0,102267,2,3,<NA>,20:41:17.373,2025-07-08,20:41:17.373,2025-07-08,True,False,1590.0,1590.0,181.07,-128.26,0,1,DINEIN1,1,False,0.0,0,False,20:41:17.373,2025-07-08,0.0,False,1,0.0,DINEIN1,0.0,0,0,-99.99,-10000000000,<NA>,0.0,0,4611,0,0,0,20:41:17.373,0.0,1,0,0.0,0,0,0,20:41:17.373,20:41:17.373
83,Manam,Manam SM Cebu,4612,0.0,0.0,7,0,102267,4,3,<NA>,20:21:15.403,2025-07-08,20:21:15.403,2025-07-08,True,False,1800.0,1800.0,212.68,-150.65,0,1,DINEIN1,1,False,0.0,0,False,20:21:15.403,2025-07-08,0.0,False,1,0.0,DINEIN1,0.0,0,0,-99.99,-10000000000,<NA>,0.0,0,4612,0,0,0,20:21:15.403,0.0,1,0,0.0,0,0,0,20:21:15.403,20:21:15.403
83,Manam,Manam SM Cebu,4613,0.0,0.0,33,0,102267,3,1,<NA>,20:54:22.963,2025-07-08,20:54:22.963,2025-07-08,True,False,1775.0,1775.0,190.18,-134.71,0,1,DINEIN1,1,False,0.0,0,False,20:54:22.963,2025-07-08,0.0,False,1,0.0,DINEIN1,0.0,0,0,-99.99,-10000000000,<NA>,0.0,0,4613,0,0,0,20:54:22.963,0.0,1,0,0.0,0,0,0,20:54:22.963,20:54:22.963
83,Manam,Manam SM Cebu,4614,0.0,0.0,0,0,100490,0,1,<NA>,21:31:01.523,2025-07-08,21:31:01.523,2025-07-08,True,False,105.0,105.0,11.25,0.0,0,1,TAKEOUT,1,False,0.0,0,False,21:31:01.523,2025-07-08,0.0,False,1,0.0,TAKEOUT,0.0,0,0,-99.99,-10000000000,<NA>,0.0,0,4614,0,0,0,21:31:01.523,0.0,1,0,0.0,0,0,0,21:31:01.523,21:31:01.523
83,Manam,Manam SM Cebu,4615,0.0,0.0,21,0,102267,2,1,<NA>,20:55:11.31,2025-07-08,20:55:11.31,2025-07-08,True,False,2980.0,2980.0,319.31,-226.16,0,1,DINEIN1,1,False,0.0,0,False,20:55:11.31,2025-07-08,0.0,False,1,0.0,DINEIN1,0.0,0,0,-99.99,-10000000000,<NA>,0.0,0,4615,0,0,0,20:55:11.31,0.0,1,0,0.0,0,0,0,20:55:11.31,20:55:11.31
83,Manam,Manam SM Cebu,4616,0.0,0.0,23,0,102267,4,3,<NA>,20:56:51.73,2025-07-08,20:56:51.73,2025-07-08,True,False,2795.0,2795.0,299.47,-212.12,0,1,DINEIN1,1,False,0.0,0,False,20:56:51.73,2025-07-08,0.0,False,1,0.0,DINEIN1,0.0,0,0,-99.99,-10000000000,<NA>,0.0,0,4616,0,0,0,20:56:51.73,0.0,1,0,0.0,0,0,0,20:56:51.73,20:56:51.73
83,Manam,Manam SM Cebu,4617,0.0,0.0,42,0,102267,4,3,<NA>,20:57:44.307,2025-07-08,20:57:44.307,2025-07-08,True,False,2715.26,2715.26,224.18857142857144,-201.16,0,1,DINEIN1,1,False,124.55,0,False,20:57:44.307,2025-07-08,0.0,False,1,0.0,DINEIN1,0.0,0,0,-99.99,-10000000000,<NA>,0.0,0,4617,0,0,0,20:57:44.307,0.0,1,0,0.0,0,0,0,20:57:44.307,20:57:44.307
83,Manam,Manam SM Cebu,4618,0.0,0.0,15,0,102267,3,3,<NA>,20:51:30.743,2025-07-08,20:51:30.743,2025-07-08,True,False,1945.0,1945.0,208.4,-147.61,0,1,DINEIN1,1,False,0.0,0,False,20:51:30.743,2025-07-08,0.0,False,1,0.0,DINEIN1,0.0,0,0,-99.99,-10000000000,<NA>,0.0,0,4618,0,0,0,20:51:30.743,0.0,1,0,0.0,0,0,0,20:51:30.743,20:51:30.743
83,Manam,Manam SM Cebu,4619,0.0,0.0,17,0,102267,6,3,<NA>,21:04:34.02,2025-07-08,21:04:34.02,2025-07-08,True,False,2835.0,2835.0,315.54,-223.5,0,1,DINEIN1,1,False,0.0,0,False,21:04:34.02,2025-07-08,0.0,False,1,0.0,DINEIN1,0.0,0,0,-99.99,-10000000000,<NA>,0.0,0,4619,0,0,0,21:04:34.02,0.0,1,0,0.0,0,0,0,21:04:34.02,21:04:34.02
83,Manam,Manam SM Cebu,4624,0.0,0.0,0,0,102267,0,12,<NA>,10:06:22.117,2025-07-09,10:06:22.117,2025-07-09,True,False,1640.0,1640.0,175.71,0.0,0,1,GRABFOOD,1,False,0.0,0,False,10:06:22.117,2025-07-09,0.0,False,1,0.0,GRABFOOD,0.0,0,0,-99.99,-10000000000,<NA>,0.0,0,4624,0,0,0,10:06:22.117,0.0,1,0,0.0,0,0,0,10:06:22.117,10:06:22.117
83,Manam,Manam SM Cebu,4625,0.0,0.0,0,0,102267,0,12,<NA>,10:09:30.717,2025-07-09,10:09:30.717,2025-07-09,True,False,828.0,828.0,88.71,0.0,0,1,GRABFOOD,1,False,0.0,0,False,10:09:30.717,2025-07-09,0.0,False,1,0.0,GRABFOOD,0.0,0,0,-99.99,-10000000000,<NA>,0.0,0,4625,0,0,0,10:09:30.717,0.0,1,0,0.0,0,0,0,10:09:30.717,10:09:30.717
83,Manam,Manam SM Cebu,4626,0.0,0.0,0,0,102267,0,12,<NA>,10:11:06.807,2025-07-09,10:11:06.807,2025-07-09,True,False,1200.0,1200.0,128.56,0.0,0,1,GRABFOOD,1,False,0.0,0,False,10:11:06.807,2025-07-09,0.0,False,1,0.0,GRABFOOD,0.0,0,0,-99.99,-10000000000,<NA>,0.0,0,4626,0,0,0,10:11:06.807,0.0,1,0,0.0,0,0,0,10:11:06.807,10:11:06.807
83,Manam,Manam SM Cebu,4627,0.0,0.0,0,0,102267,0,12,<NA>,10:16:22.263,2025-07-09,10:16:22.263,2025-07-09,True,False,365.0,365.0,39.11,0.0,0,1,GRABFOOD,1,False,0.0,0,False,10:16:22.263,2025-07-09,0.0,False,1,0.0,GRABFOOD,0.0,0,0,-99.99,-10000000000,<NA>,0.0,0,4627,0,0,0,10:16:22.263,0.0,1,0,0.0,0,0,0,10:16:22.263,10:16:22.263
83,Manam,Manam SM Cebu,4628,0.0,0.0,0,0,102267,0,10,<NA>,10:19:05.68,2025-07-09,10:19:05.68,2025-07-09,True,False,660.0,660.0,70.71,0.0,0,1,FOODPANDA,1,False,0.0,0,False,10:19:05.68,2025-07-09,0.0,False,1,0.0,FOODPANDA,0.0,0,0,-99.99,-10000000000,<NA>,0.0,0,4628,0,0,0,10:19:05.68,0.0,1,0,0.0,0,0,0,10:19:05.68,10:19:05.68
83,Manam,Manam SM Cebu,4629,0.0,0.0,0,0,102267,0,12,<NA>,10:22:47.887,2025-07-09,10:22:47.887,2025-07-09,True,False,480.0,480.0,51.43,0.0,0,1,GRABFOOD,1,False,0.0,0,False,10:22:47.887,2025-07-09,0.0,False,1,0.0,GRABFOOD,0.0,0,0,-99.99,-10000000000,<NA>,0.0,0,4629,0,0,0,10:22:47.887,0.0,1,0,0.0,0,0,0,10:22:47.887,10:22:47.887
83,Manam,Manam SM Cebu,4630,0.0,0.0,0,0,102267,0,10,<NA>,10:32:33.433,2025-07-09,10:32:33.433,2025-07-09,True,False,1132.0,1132.0,545.79,0.0,0,1,FOODPANDA,1,False,0.0,0,False,10:32:33.433,2025-07-09,0.0,False,1,0.0,FOODPANDA,0.0,0,0,-99.99,-10000000000,<NA>,0.0,0,4630,0,0,0,10:32:33.433,0.0,1,0,0.0,0,0,0,10:32:33.433,10:32:33.433
83,Manam,Manam SM Cebu,4631,0.0,0.0,0,0,108013,0,3,<NA>,10:47:23.04,2025-07-09,10:47:23.04,2025-07-09,True,False,765.0,765.0,81.96,0.0,0,1,TAKEOUT,1,False,0.0,0,False,10:47:23.04,2025-07-09,0.0,False,1,0.0,TAKEOUT,0.0,0,0,-99.99,-10000000000,<NA>,0.0,0,4631,0,0,0,10:47:23.04,0.0,1,0,0.0,0,0,0,10:47:23.04,10:47:23.04
83,Manam,Manam SM Cebu,4632,0.0,0.0,32,0,102267,2,3,<NA>,10:12:21.743,2025-07-09,10:12:21.743,2025-07-09,True,False,1180.0,1180.0,135.53,-96.0,0,1,DINEIN1,1,False,0.0,0,False,10:12:21.743,2025-07-09,0.0,False,1,0.0,DINEIN1,0.0,0,0,-99.99,-10000000000,<NA>,0.0,0,4632,0,0,0,10:12:21.743,0.0,1,0,0.0,0,0,0,10:12:21.743,10:12:21.743
83,Manam,Manam SM Cebu,4633,0.0,0.0,0,0,103836,0,3,<NA>,10:59:53.25,2025-07-09,10:59:53.25,2025-07-09,True,False,1015.0,1015.0,108.75,0.0,0,1,TAKEOUT,1,False,0.0,0,False,10:59:53.25,2025-07-09,0.0,False,1,0.0,TAKEOUT,0.0,0,0,-99.99,-10000000000,<NA>,0.0,0,4633,0,0,0,10:59:53.25,0.0,1,0,0.0,0,0,0,10:59:53.25,10:59:53.25
83,Manam,Manam SM Cebu,4634,0.0,0.0,0,0,103836,0,3,<NA>,11:01:14.067,2025-07-09,11:01:14.067,2025-07-09,True,False,1720.0,1720.0,184.28,0.0,0,1,TAKEOUT,1,False,0.0,0,False,11:01:14.067,2025-07-09,0.0,False,1,0.0,TAKEOUT,0.0,0,0,-99.99,-10000000000,<NA>,0.0,0,4634,0,0,0,11:01:14.067,0.0,1,0,0.0,0,0,0,11:01:14.067,11:01:14.067
83,Manam,Manam SM Cebu,4635,0.0,0.0,0,0,103836,0,3,<NA>,11:02:57.51,2025-07-09,11:02:57.51,2025-07-09,True,False,2620.0,2620.0,311.79,0.0,0,1,TAKEOUT,1,False,0.0,0,False,11:02:57.51,2025-07-09,0.0,False,1,0.0,TAKEOUT,0.0,0,0,-99.99,-10000000000,<NA>,0.0,0,4635,0,0,0,11:02:57.51,0.0,1,0,0.0,0,0,0,11:02:57.51,11:02:57.51
83,Manam,Manam SM Cebu,4636,0.0,0.0,28,0,102267,2,3,<NA>,10:12:44.33,2025-07-09,10:12:44.33,2025-07-09,True,False,1550.0,1550.0,184.82,-130.92,0,1,DINEIN1,1,False,0.0,0,False,10:12:44.33,2025-07-09,0.0,False,1,0.0,DINEIN1,0.0,0,0,-99.99,-10000000000,<NA>,0.0,0,4636,0,0,0,10:12:44.33,0.0,1,0,0.0,0,0,0,10:12:44.33,10:12:44.33
83,Manam,Manam SM Cebu,4637,0.0,0.0,0,0,102267,0,10,<NA>,11:10:42.947,2025-07-09,11:10:42.947,2025-07-09,True,False,475.0,475.0,50.89,0.0,0,1,FOODPANDA,1,False,0.0,0,False,11:10:42.947,2025-07-09,0.0,False,1,0.0,FOODPANDA,0.0,0,0,-99.99,-10000000000,<NA>,0.0,0,4637,0,0,0,11:10:42.947,0.0,1,0,0.0,0,0,0,11:10:42.947,11:10:42.947
83,Manam,Manam SM Cebu,4638,0.0,0.0,34,0,102267,3,1,<NA>,10:31:20.167,2025-07-09,10:31:20.167,2025-07-09,True,False,2454.11,2454.11,181.79714285714283,-180.27,0,1,DINEIN1,1,False,151.49,0,False,10:31:20.167,2025-07-09,0.0,False,1,0.0,DINEIN1,0.0,0,0,-99.99,-10000000000,<NA>,0.0,0,4638,0,0,0,10:31:20.167,0.0,1,0,0.0,0,0,0,10:31:20.167,10:31:20.167
83,Manam,Manam SM Cebu,4639,0.0,0.0,0,0,102267,0,10,<NA>,11:26:33.977,2025-07-09,11:26:33.977,2025-07-09,True,False,268.0,268.0,28.71,0.0,0,1,FOODPANDA,1,False,0.0,0,False,11:26:33.977,2025-07-09,0.0,False,1,0.0,FOODPANDA,0.0,0,0,-99.99,-10000000000,<NA>,0.0,0,4639,0,0,0,11:26:33.977,0.0,1,0,0.0,0,0,0,11:26:33.977,11:26:33.977
83,Manam,Manam SM Cebu,4640,0.0,0.0,0,0,102267,0,10,<NA>,11:53:30.057,2025-07-09,11:53:30.057,2025-07-09,True,False,943.0,943.0,101.03,0.0,0,1,FOODPANDA,1,False,0.0,0,False,11:53:30.057,2025-07-09,0.0,False,1,0.0,FOODPANDA,0.0,0,0,-99.99,-10000000000,<NA>,0.0,0,4640,0,0,0,11:53:30.057,0.0,1,0,0.0,0,0,0,11:53:30.057,11:53:30.057
83,Manam,Manam SM Cebu,4641,0.0,0.0,28,0,102267,3,1,<NA>,11:24:58.007,2025-07-09,11:24:58.007,2025-07-09,True,False,887.14,887.14,65.71428571428571,-65.17,0,1,DINEIN1,1,False,54.76,0,False,11:24:58.007,2025-07-09,0.0,False,1,0.0,DINEIN1,0.0,0,0,-99.99,-10000000000,<NA>,0.0,0,4641,0,0,0,11:24:58.007,0.0,1,0,0.0,0,0,0,11:24:58.007,11:24:58.007
83,Manam,Manam SM Cebu,4642,0.0,0.0,32,0,102267,2,3,<NA>,11:19:40.507,2025-07-09,11:19:40.507,2025-07-09,True,False,1220.0,1220.0,143.58,-101.7,0,1,DINEIN1,1,False,0.0,0,False,11:19:40.507,2025-07-09,0.0,False,1,0.0,DINEIN1,0.0,0,0,-99.99,-10000000000,<NA>,0.0,0,4642,0,0,0,11:19:40.507,0.0,1,0,0.0,0,0,0,11:19:40.507,11:19:40.507
83,Manam,Manam SM Cebu,4643,0.0,0.0,42,0,102267,2,1,<NA>,10:58:27.49,2025-07-09,10:58:27.49,2025-07-09,True,False,1320.0,1320.0,151.08,-107.01,0,1,DINEIN1,1,False,0.0,0,False,10:58:27.49,2025-07-09,0.0,False,1,0.0,DINEIN1,0.0,0,0,-99.99,-10000000000,<NA>,0.0,0,4643,0,0,0,10:58:27.49,0.0,1,0,0.0,0,0,0,10:58:27.49,10:58:27.49
83,Manam,Manam SM Cebu,4644,0.0,0.0,10,0,102267,4,3,<NA>,11:25:38.863,2025-07-09,11:25:38.863,2025-07-09,True,False,2157.14,2157.14,192.8542857142857,-173.04,0,1,DINEIN1,1,False,107.14,0,False,11:25:38.863,2025-07-09,0.0,False,1,0.0,DINEIN1,0.0,0,0,-99.99,-10000000000,<NA>,0.0,0,4644,0,0,0,11:25:38.863,0.0,1,0,0.0,0,0,0,11:25:38.863,11:25:38.863
83,Manam,Manam SM Cebu,4645,0.0,0.0,51,0,102267,5,1,<NA>,11:09:19.777,2025-07-09,11:09:19.777,2025-07-09,True,False,2645.0,2645.0,283.39,-200.74,0,1,DINEIN1,1,False,0.0,0,False,11:09:19.777,2025-07-09,0.0,False,1,0.0,DINEIN1,0.0,0,0,-99.99,-10000000000,<NA>,0.0,0,4645,0,0,0,11:09:19.777,0.0,1,0,0.0,0,0,0,11:09:19.777,11:09:19.777
83,Manam,Manam SM Cebu,4646,0.0,0.0,7,0,102267,3,1,<NA>,11:20:39.473,2025-07-09,11:20:39.473,2025-07-09,True,False,1655.0,1655.0,177.33,-125.6,0,1,DINEIN1,1,False,0.0,0,False,11:20:39.473,2025-07-09,0.0,False,1,0.0,DINEIN1,0.0,0,0,-99.99,-10000000000,<NA>,0.0,0,4646,0,0,0,11:20:39.473,0.0,1,0,0.0,0,0,0,11:20:39.473,11:20:39.473
83,Manam,Manam SM Cebu,4648,0.0,0.0,19,0,102267,5,1,<NA>,11:15:48.593,2025-07-09,11:15:48.593,2025-07-09,True,False,2880.0,2880.0,370.19,-262.21,0,1,DINEIN1,1,False,0.0,0,False,11:15:48.593,2025-07-09,0.0,False,1,0.0,DINEIN1,0.0,0,0,-99.99,-10000000000,<NA>,0.0,0,4648,0,0,0,11:15:48.593,0.0,1,0,0.0,0,0,0,11:15:48.593,11:15:48.593
83,Manam,Manam SM Cebu,4650,0.0,0.0,9,0,102267,2,1,<NA>,11:31:13.627,2025-07-09,11:31:13.627,2025-07-09,True,False,825.0,825.0,97.49,-69.06,0,1,DINEIN1,1,False,0.0,0,False,11:31:13.627,2025-07-09,0.0,False,1,0.0,DINEIN1,0.0,0,0,-99.99,-10000000000,<NA>,0.0,0,4650,0,0,0,11:31:13.627,0.0,1,0,0.0,0,0,0,11:31:13.627,11:31:13.627
83,Manam,Manam SM Cebu,4651,0.0,0.0,3,0,102267,2,1,<NA>,11:32:31.603,2025-07-09,11:32:31.603,2025-07-09,True,False,910.71,910.71,0.0,-61.93,0,1,DINEIN1,1,False,182.14,0,False,11:32:31.603,2025-07-09,0.0,False,1,0.0,DINEIN1,0.0,0,0,-99.99,-10000000000,<NA>,0.0,0,4651,0,0,0,11:32:31.603,0.0,1,0,0.0,0,0,0,11:32:31.603,11:32:31.603
83,Manam,Manam SM Cebu,4652,0.0,0.0,35,0,102267,2,1,<NA>,11:28:55.79,2025-07-09,11:28:55.79,2025-07-09,True,False,1400.0,1400.0,159.11,-112.7,0,1,DINEIN1,1,False,0.0,0,False,11:28:55.79,2025-07-09,0.0,False,1,0.0,DINEIN1,0.0,0,0,-99.99,-10000000000,<NA>,0.0,0,4652,0,0,0,11:28:55.79,0.0,1,0,0.0,0,0,0,11:28:55.79,11:28:55.79
83,Manam,Manam SM Cebu,4653,0.0,0.0,1,0,102267,4,1,10% LOYAL,11:23:44.567,2025-07-09,11:23:44.567,2025-07-09,True,False,1645.0,1645.0,158.63,-112.36,0,1,DINEIN1,1,False,164.5,0,False,11:23:44.567,2025-07-09,0.0,False,1,0.0,DINEIN1,0.0,0,0,-99.99,-10000000000,10472123,0.0,0,4653,0,0,0,11:23:44.567,0.0,1,0,0.0,0,0,0,11:23:44.567,11:23:44.567
83,Manam,Manam SM Cebu,4654,0.0,0.0,4,0,102267,4,1,<NA>,10:48:46.01,2025-07-09,10:48:46.01,2025-07-09,True,False,4037.95,4037.95,341.52,-306.42,0,1,DINEIN1,1,False,189.74,0,False,10:48:46.01,2025-07-09,0.0,False,1,0.0,DINEIN1,0.0,0,0,-99.99,-10000000000,<NA>,0.0,0,4654,0,0,0,10:48:46.01,0.0,1,0,0.0,0,0,0,10:48:46.01,10:48:46.01
83,Manam,Manam SM Cebu,4655,0.0,0.0,12,0,102267,2,3,<NA>,11:36:12.667,2025-07-09,11:36:12.667,2025-07-09,True,False,598.21,598.21,0.0,-40.68,0,1,DINEIN1,1,False,119.64,0,False,11:36:12.667,2025-07-09,0.0,False,1,0.0,DINEIN1,0.0,0,0,-99.99,-10000000000,<NA>,0.0,0,4655,0,0,0,11:36:12.667,0.0,1,0,0.0,0,0,0,11:36:12.667,11:36:12.667
83,Manam,Manam SM Cebu,4656,0.0,0.0,43,0,102267,6,3,10% LOYAL,10:07:42.257,2025-07-09,10:07:42.257,2025-07-09,True,False,3320.0,3320.0,374.64,-265.36,0,1,DINEIN1,1,False,388.5,0,False,10:07:42.257,2025-07-09,0.0,False,1,0.0,DINEIN1,0.0,0,0,-99.99,-10000000000,10468497,0.0,0,4656,0,0,0,10:07:42.257,0.0,1,0,0.0,0,0,0,10:07:42.257,10:07:42.257
83,Manam,Manam SM Cebu,4657,0.0,0.0,0,0,103836,0,10,<NA>,12:26:05.577,2025-07-09,12:26:05.577,2025-07-09,True,False,790.0,790.0,84.65,0.0,0,1,FOODPANDA,1,False,0.0,0,False,12:26:05.577,2025-07-09,0.0,False,1,0.0,FOODPANDA,0.0,0,0,-99.99,-10000000000,<NA>,0.0,0,4657,0,0,0,12:26:05.577,0.0,1,0,0.0,0,0,0,12:26:05.577,12:26:05.577
83,Manam,Manam SM Cebu,4658,0.0,0.0,25,0,102267,8,3,<NA>,10:54:50.367,2025-07-09,10:54:50.367,2025-07-09,True,False,5128.21,5128.21,445.18,-399.42,0,1,DINEIN1,1,False,247.32,0,False,10:54:50.367,2025-07-09,0.0,False,1,0.0,DINEIN1,0.0,0,0,-99.99,-10000000000,<NA>,0.0,0,4658,0,0,0,10:54:50.367,0.0,1,0,0.0,0,0,0,10:54:50.367,10:54:50.367
83,Manam,Manam SM Cebu,4659,0.0,0.0,33,0,102267,2,3,<NA>,11:46:26.723,2025-07-09,11:46:26.723,2025-07-09,True,False,897.32,897.32,0.0,-66.18,0,1,DINEIN1,1,False,194.65,0,False,11:46:26.723,2025-07-09,0.0,False,1,0.0,DINEIN1,0.0,0,0,-99.99,-10000000000,<NA>,0.0,0,4659,0,0,0,11:46:26.723,0.0,1,0,0.0,0,0,0,11:46:26.723,11:46:26.723
83,Manam,Manam SM Cebu,4660,0.0,0.0,20,0,102267,8,3,10% LOYAL,10:37:59,2025-07-09,10:37:59,2025-07-09,True,False,6710.0,6710.0,1142.2,-809.06,0,1,DINEIN1,1,False,1184.5,0,False,10:37:59,2025-07-09,0.0,False,1,0.0,DINEIN1,0.0,0,0,-99.99,-10000000000,10472363,0.0,0,4660,0,0,0,10:37:59,0.0,1,0,0.0,0,0,0,10:37:59,10:37:59
83,Manam,Manam SM Cebu,4661,0.0,0.0,40,0,102267,3,3,<NA>,11:12:44.91,2025-07-09,11:12:44.91,2025-07-09,True,False,2489.65,2489.65,191.1457142857143,-189.13,0,1,DINEIN1,1,False,158.93,0,False,11:12:44.91,2025-07-09,0.0,False,1,0.0,DINEIN1,0.0,0,0,-99.99,-10000000000,<NA>,0.0,0,4661,0,0,0,11:12:44.91,0.0,1,0,0.0,0,0,0,11:12:44.91,11:12:44.91
83,Manam,Manam SM Cebu,4662,0.0,0.0,50,0,102267,5,3,<NA>,10:56:44.897,2025-07-09,10:56:44.897,2025-07-09,True,False,2381.7,2381.7,55.82142857142857,-166.07,0,1,DINEIN1,1,False,372.13,0,False,10:56:44.897,2025-07-09,0.0,False,1,0.0,DINEIN1,0.0,0,0,-99.99,-10000000000,<NA>,0.0,0,4662,0,0,0,10:56:44.897,0.0,1,0,0.0,0,0,0,10:56:44.897,10:56:44.897
83,Manam,Manam SM Cebu,4663,0.0,0.0,28,0,102267,3,7,<NA>,12:03:10.41,2025-07-09,12:03:10.41,2025-07-09,True,False,1451.43,1451.43,59.285714285714285,-109.18,0,1,DINEIN1,1,False,197.63,0,False,12:03:10.41,2025-07-09,0.0,False,1,0.0,DINEIN1,0.0,0,0,-99.99,-10000000000,<NA>,0.0,0,4663,0,0,0,12:03:10.41,0.0,1,0,0.0,0,0,0,12:03:10.41,12:03:10.41
83,Manam,Manam SM Cebu,4664,0.0,0.0,0,0,103836,0,1,<NA>,12:45:34.417,2025-07-09,12:45:34.417,2025-07-09,True,False,200.0,200.0,21.43,0.0,0,1,TAKEOUT,1,False,0.0,0,False,12:45:34.417,2025-07-09,0.0,False,1,0.0,TAKEOUT,0.0,0,0,-99.99,-10000000000,<NA>,0.0,0,4664,0,0,0,12:45:34.417,0.0,1,0,0.0,0,0,0,12:45:34.417,12:45:34.417
83,Manam,Manam SM Cebu,4665,0.0,0.0,14,0,102267,5,3,<NA>,11:33:55.003,2025-07-09,11:33:55.003,2025-07-09,True,False,2640.33,2640.33,66.0,-196.35,0,1,DINEIN1,1,False,440.0,0,False,11:33:55.003,2025-07-09,0.0,False,1,0.0,DINEIN1,0.0,0,0,-99.99,-10000000000,<NA>,0.0,0,4665,0,0,0,11:33:55.003,0.0,1,0,0.0,0,0,0,11:33:55.003,11:33:55.003
83,Manam,Manam SM Cebu,4666,0.0,0.0,10,0,102267,3,3,<NA>,12:10:23.287,2025-07-09,12:10:23.287,2025-07-09,True,False,2235.0,2235.0,273.75,-193.91,0,1,DINEIN1,1,False,0.0,0,False,12:10:23.287,2025-07-09,0.0,False,1,0.0,DINEIN1,0.0,0,0,-99.99,-10000000000,<NA>,0.0,0,4666,0,0,0,12:10:23.287,0.0,1,0,0.0,0,0,0,12:10:23.287,12:10:23.287
83,Manam,Manam SM Cebu,4667,0.0,0.0,0,0,102267,0,10,<NA>,12:59:54.4,2025-07-09,12:59:54.4,2025-07-09,True,False,515.0,515.0,55.18,0.0,0,1,FOODPANDA,1,False,0.0,0,False,12:59:54.4,2025-07-09,0.0,False,1,0.0,FOODPANDA,0.0,0,0,-99.99,-10000000000,<NA>,0.0,0,4667,0,0,0,12:59:54.4,0.0,1,0,0.0,0,0,0,12:59:54.4,12:59:54.4
83,Manam,Manam SM Cebu,4668,0.0,0.0,0,0,102267,0,10,<NA>,13:01:33.733,2025-07-09,13:01:33.733,2025-07-09,True,False,318.0,318.0,34.07,0.0,0,1,FOODPANDA,1,False,0.0,0,False,13:01:33.733,2025-07-09,0.0,False,1,0.0,FOODPANDA,0.0,0,0,-99.99,-10000000000,<NA>,0.0,0,4668,0,0,0,13:01:33.733,0.0,1,0,0.0,0,0,0,13:01:33.733,13:01:33.733
83,Manam,Manam SM Cebu,4669,0.0,0.0,51,0,102267,10,1,<NA>,12:00:47.087,2025-07-09,12:00:47.087,2025-07-09,True,False,6935.0,6935.0,869.99,-616.25,0,1,DINEIN1,1,False,0.0,0,False,12:00:47.087,2025-07-09,0.0,False,1,0.0,DINEIN1,0.0,0,0,-99.99,-10000000000,<NA>,0.0,0,4669,0,0,0,12:00:47.087,0.0,1,0,0.0,0,0,0,12:00:47.087,12:00:47.087
83,Manam,Manam SM Cebu,4670,0.0,0.0,0,0,102267,0,12,<NA>,13:05:15.397,2025-07-09,13:05:15.397,2025-07-09,True,False,268.0,268.0,229.71,0.0,0,1,GRABFOOD,1,False,0.0,0,False,13:05:15.397,2025-07-09,0.0,False,1,0.0,GRABFOOD,0.0,0,0,-99.99,-10000000000,<NA>,0.0,0,4670,0,0,0,13:05:15.397,0.0,1,0,0.0,0,0,0,13:05:15.397,13:05:15.397
83,Manam,Manam SM Cebu,4671,0.0,0.0,0,0,102267,0,12,<NA>,13:07:36.013,2025-07-09,13:07:36.013,2025-07-09,True,False,540.0,540.0,57.86,0.0,0,1,GRABFOOD,1,False,0.0,0,False,13:07:36.013,2025-07-09,0.0,False,1,0.0,GRABFOOD,0.0,0,0,-99.99,-10000000000,<NA>,0.0,0,4671,0,0,0,13:07:36.013,0.0,1,0,0.0,0,0,0,13:07:36.013,13:07:36.013
83,Manam,Manam SM Cebu,4672,0.0,0.0,0,0,102267,0,10,<NA>,13:13:00.62,2025-07-09,13:13:00.62,2025-07-09,True,False,630.0,630.0,67.5,0.0,0,1,FOODPANDA,1,False,0.0,0,False,13:13:00.62,2025-07-09,0.0,False,1,0.0,FOODPANDA,0.0,0,0,-99.99,-10000000000,<NA>,0.0,0,4672,0,0,0,13:13:00.62,0.0,1,0,0.0,0,0,0,13:13:00.62,13:13:00.62
83,Manam,Manam SM Cebu,4673,0.0,0.0,0,0,102267,0,10,<NA>,13:18:27.677,2025-07-09,13:18:27.677,2025-07-09,True,False,1104.0,1104.0,118.28,0.0,0,1,FOODPANDA,1,False,0.0,0,False,13:18:27.677,2025-07-09,0.0,False,1,0.0,FOODPANDA,0.0,0,0,-99.99,-10000000000,<NA>,0.0,0,4673,0,0,0,13:18:27.677,0.0,1,0,0.0,0,0,0,13:18:27.677,13:18:27.677
83,Manam,Manam SM Cebu,4674,0.0,0.0,35,0,102267,2,3,<NA>,12:31:16.507,2025-07-09,12:31:16.507,2025-07-09,True,False,1130.0,1130.0,131.26,-92.97,0,1,DINEIN1,1,False,0.0,0,False,12:31:16.507,2025-07-09,0.0,False,1,0.0,DINEIN1,0.0,0,0,-99.99,-10000000000,<NA>,0.0,0,4674,0,0,0,12:31:16.507,0.0,1,0,0.0,0,0,0,12:31:16.507,12:31:16.507
83,Manam,Manam SM Cebu,4675,0.0,0.0,8,0,102267,4,3,<NA>,12:27:52.52,2025-07-09,12:27:52.52,2025-07-09,True,False,2772.7200000000003,2772.7200000000003,80.75714285714287,-194.49,0,1,DINEIN1,1,False,403.79,0,False,12:27:52.52,2025-07-09,0.0,False,1,0.0,DINEIN1,0.0,0,0,-99.99,-10000000000,<NA>,0.0,0,4675,0,0,0,12:27:52.52,0.0,1,0,0.0,0,0,0,12:27:52.52,12:27:52.52
83,Manam,Manam SM Cebu,4676,0.0,0.0,0,0,102267,0,12,<NA>,13:30:08.807,2025-07-09,13:30:08.807,2025-07-09,True,False,1270.0,1270.0,136.06,0.0,0,1,GRABFOOD,1,False,0.0,0,False,13:30:08.807,2025-07-09,0.0,False,1,0.0,GRABFOOD,0.0,0,0,-99.99,-10000000000,<NA>,0.0,0,4676,0,0,0,13:30:08.807,0.0,1,0,0.0,0,0,0,13:30:08.807,13:30:08.807
83,Manam,Manam SM Cebu,4677,0.0,0.0,0,0,103836,0,1,<NA>,13:33:34.387,2025-07-09,13:33:34.387,2025-07-09,True,False,145.0,145.0,15.54,0.0,0,1,TAKEOUT,1,False,0.0,0,False,13:33:34.387,2025-07-09,0.0,False,1,0.0,TAKEOUT,0.0,0,0,-99.99,-10000000000,<NA>,0.0,0,4677,0,0,0,13:33:34.387,0.0,1,0,0.0,0,0,0,13:33:34.387,13:33:34.387
83,Manam,Manam SM Cebu,4678,0.0,0.0,1,0,102267,4,1,<NA>,12:38:16.84,2025-07-09,12:38:16.84,2025-07-09,True,False,3015.0,3015.0,334.82,-237.17,0,1,DINEIN1,1,False,0.0,0,False,12:38:16.84,2025-07-09,0.0,False,1,0.0,DINEIN1,0.0,0,0,-99.99,-10000000000,<NA>,0.0,0,4678,0,0,0,12:38:16.84,0.0,1,0,0.0,0,0,0,12:38:16.84,12:38:16.84
83,Manam,Manam SM Cebu,4679,0.0,0.0,45,0,102267,10,3,<NA>,12:32:13.797,2025-07-09,12:32:13.797,2025-07-09,True,False,3765.68,3765.68,522.9657142857143,-567.99,0,1,DINEIN1,1,False,581.07,0,False,12:32:13.797,2025-07-09,0.0,False,1,0.0,DINEIN1,0.0,0,0,-99.99,-10000000000,<NA>,0.0,0,4679,0,0,0,12:32:13.797,0.0,1,0,0.0,0,0,0,12:32:13.797,12:32:13.797
83,Manam,Manam SM Cebu,4680,0.0,0.0,4,0,102267,3,3,<NA>,12:40:11.237,2025-07-09,12:40:11.237,2025-07-09,True,False,1475.0,1475.0,176.79,-125.22,0,1,DINEIN1,1,False,0.0,0,False,12:40:11.237,2025-07-09,0.0,False,1,0.0,DINEIN1,0.0,0,0,-99.99,-10000000000,<NA>,0.0,0,4680,0,0,0,12:40:11.237,0.0,1,0,0.0,0,0,0,12:40:11.237,12:40:11.237
83,Manam,Manam SM Cebu,4681,0.0,0.0,32,0,102267,3,3,<NA>,12:29:18.173,2025-07-09,12:29:18.173,2025-07-09,True,False,2615.0,2615.0,280.18,-198.46,0,1,DINEIN1,1,False,0.0,0,False,12:29:18.173,2025-07-09,0.0,False,1,0.0,DINEIN1,0.0,0,0,-99.99,-10000000000,<NA>,0.0,0,4681,0,0,0,12:29:18.173,0.0,1,0,0.0,0,0,0,12:29:18.173,12:29:18.173
83,Manam,Manam SM Cebu,4682,0.0,0.0,20,0,102267,3,3,<NA>,12:44:32.417,2025-07-09,12:44:32.417,2025-07-09,True,False,1076.78,1076.78,107.22857142857141,-105.54,0,1,DINEIN1,1,False,88.69,0,False,12:44:32.417,2025-07-09,0.0,False,1,0.0,DINEIN1,0.0,0,0,-99.99,-10000000000,<NA>,0.0,0,4682,0,0,0,12:44:32.417,0.0,1,0,0.0,0,0,0,12:44:32.417,12:44:32.417
83,Manam,Manam SM Cebu,4683,0.0,0.0,33,0,102267,2,3,<NA>,13:03:34.203,2025-07-09,13:03:34.203,2025-07-09,True,False,685.0,685.0,73.39,-51.99,0,1,DINEIN1,1,False,0.0,0,False,13:03:34.203,2025-07-09,0.0,False,1,0.0,DINEIN1,0.0,0,0,-99.99,-10000000000,<NA>,0.0,0,4683,0,0,0,13:03:34.203,0.0,1,0,0.0,0,0,0,13:03:34.203,13:03:34.203
83,Manam,Manam SM Cebu,4684,0.0,0.0,42,0,102267,4,3,<NA>,12:41:36.577,2025-07-09,12:41:36.577,2025-07-09,True,False,3235.0,3235.0,360.55,-255.38,0,1,DINEIN1,1,False,0.0,0,False,12:41:36.577,2025-07-09,0.0,False,1,0.0,DINEIN1,0.0,0,0,-99.99,-10000000000,<NA>,0.0,0,4684,0,0,0,12:41:36.577,0.0,1,0,0.0,0,0,0,12:41:36.577,12:41:36.577
83,Manam,Manam SM Cebu,4685,0.0,0.0,10,0,102267,3,3,<NA>,12:59:49.84,2025-07-09,12:59:49.84,2025-07-09,True,False,1267.5,1267.5,48.751428571428576,-89.78,0,1,DINEIN1,1,False,162.5,0,False,12:59:49.84,2025-07-09,0.0,False,1,0.0,DINEIN1,0.0,0,0,-99.99,-10000000000,<NA>,0.0,0,4685,0,0,0,12:59:49.84,0.0,1,0,0.0,0,0,0,12:59:49.84,12:59:49.84
83,Manam,Manam SM Cebu,4686,0.0,0.0,28,0,102267,10,3,<NA>,12:48:35.987,2025-07-09,12:48:35.987,2025-07-09,True,False,6551.47,6551.47,667.9242857142857,-725.45,0,1,DINEIN1,1,False,742.15,0,False,12:48:35.987,2025-07-09,0.0,False,1,0.0,DINEIN1,0.0,0,0,-99.99,-10000000000,<NA>,0.0,0,4686,0,0,0,12:48:35.987,0.0,1,0,0.0,0,0,0,12:48:35.987,12:48:35.987
83,Manam,Manam SM Cebu,4687,0.0,0.0,19,0,102267,7,3,<NA>,12:23:08.807,2025-07-09,12:23:08.807,2025-07-09,True,False,6129.72,6129.72,571.6857142857142,-458.93,0,1,DINEIN1,1,False,158.8,0,False,12:23:08.807,2025-07-09,0.0,False,1,0.0,DINEIN1,0.0,0,0,-99.99,-10000000000,<NA>,0.0,0,4687,0,0,0,12:23:08.807,0.0,1,0,0.0,0,0,0,12:23:08.807,12:23:08.807
83,Manam,Manam SM Cebu,4688,0.0,0.0,14,0,102267,2,3,<NA>,13:22:37.983,2025-07-09,13:22:37.983,2025-07-09,True,False,1812.5,1812.5,0.0,-128.71,0,1,DINEIN1,1,False,378.57,0,False,13:22:37.983,2025-07-09,0.0,False,1,0.0,DINEIN1,0.0,0,0,-99.99,-10000000000,<NA>,0.0,0,4688,0,0,0,13:22:37.983,0.0,1,0,0.0,0,0,0,13:22:37.983,13:22:37.983
83,Manam,Manam SM Cebu,4689,0.0,0.0,11,0,102267,2,3,<NA>,13:01:48.427,2025-07-09,13:01:48.427,2025-07-09,True,False,1780.0,1780.0,190.72,-135.09,0,1,DINEIN1,1,False,0.0,0,False,13:01:48.427,2025-07-09,0.0,False,1,0.0,DINEIN1,0.0,0,0,-99.99,-10000000000,<NA>,0.0,0,4689,0,0,0,13:01:48.427,0.0,1,0,0.0,0,0,0,13:01:48.427,13:01:48.427
83,Manam,Manam SM Cebu,4690,0.0,0.0,35,0,102267,4,3,<NA>,13:30:44.28,2025-07-09,13:30:44.28,2025-07-09,True,False,1825.0,1825.0,214.3,-151.79,0,1,DINEIN1,1,False,0.0,0,False,13:30:44.28,2025-07-09,0.0,False,1,0.0,DINEIN1,0.0,0,0,-99.99,-10000000000,<NA>,0.0,0,4690,0,0,0,13:30:44.28,0.0,1,0,0.0,0,0,0,13:30:44.28,13:30:44.28
83,Manam,Manam SM Cebu,4691,0.0,0.0,51,0,102267,13,3,<NA>,13:35:56.02,2025-07-09,13:35:56.02,2025-07-09,True,False,8298.49,8298.49,1079.6085714285714,-945.77,0,1,DINEIN1,1,False,538.39,0,False,13:35:56.02,2025-07-09,0.0,False,1,0.0,DINEIN1,0.0,0,0,-99.99,-10000000000,<NA>,0.0,0,4691,0,0,0,13:35:56.02,0.0,1,0,0.0,0,0,0,13:35:56.02,13:35:56.02
83,Manam,Manam SM Cebu,4692,0.0,0.0,21,0,102267,5,1,<NA>,12:43:40.75,2025-07-09,12:43:40.75,2025-07-09,True,False,3370.14,3370.14,239.78285714285713,-260.44,0,1,DINEIN1,1,False,266.43,0,False,12:43:40.75,2025-07-09,0.0,False,1,0.0,DINEIN1,0.0,0,0,-99.99,-10000000000,<NA>,0.0,0,4692,0,0,0,12:43:40.75,0.0,1,0,0.0,0,0,0,12:43:40.75,12:43:40.75
83,Manam,Manam SM Cebu,4693,0.0,0.0,7,0,102267,3,3,<NA>,13:27:45.297,2025-07-09,13:27:45.297,2025-07-09,True,False,2015.0,2015.0,77.50428571428571,-142.73,0,1,DINEIN1,1,False,258.34,0,False,13:27:45.297,2025-07-09,0.0,False,1,0.0,DINEIN1,0.0,0,0,-99.99,-10000000000,<NA>,0.0,0,4693,0,0,0,13:27:45.297,0.0,1,0,0.0,0,0,0,13:27:45.297,13:27:45.297
83,Manam,Manam SM Cebu,4695,0.0,0.0,20,0,102267,2,1,<NA>,13:54:23.513,2025-07-09,13:54:23.513,2025-07-09,True,False,1145.0,1145.0,69.10428571428571,-88.11,0,1,DINEIN1,1,False,115.19,0,False,13:54:23.513,2025-07-09,0.0,False,1,0.0,DINEIN1,0.0,0,0,-99.99,-10000000000,<NA>,0.0,0,4695,0,0,0,13:54:23.513,0.0,1,0,0.0,0,0,0,13:54:23.513,13:54:23.513
83,Manam,Manam SM Cebu,4696,0.0,0.0,50,0,102267,8,3,<NA>,12:53:49.273,2025-07-09,12:53:49.273,2025-07-09,True,False,6266.34,6266.34,373.65428571428566,-476.42,0,1,DINEIN1,1,False,622.77,0,False,12:53:49.273,2025-07-09,0.0,False,1,0.0,DINEIN1,0.0,0,0,-99.99,-10000000000,<NA>,0.0,0,4696,0,0,0,12:53:49.273,0.0,1,0,0.0,0,0,0,12:53:49.273,12:53:49.273
83,Manam,Manam SM Cebu,4697,0.0,0.0,4,0,102267,2,1,<NA>,14:02:15.517,2025-07-09,14:02:15.517,2025-07-09,True,False,1470.0,1470.0,169.28,-119.91,0,1,DINEIN1,1,False,0.0,0,False,14:02:15.517,2025-07-09,0.0,False,1,0.0,DINEIN1,0.0,0,0,-99.99,-10000000000,<NA>,0.0,0,4697,0,0,0,14:02:15.517,0.0,1,0,0.0,0,0,0,14:02:15.517,14:02:15.517
83,Manam,Manam SM Cebu,4698,0.0,0.0,30,0,102267,2,3,<NA>,14:21:31.463,2025-07-09,14:21:31.463,2025-07-09,True,False,1100.0,1100.0,117.85,-83.48,0,1,DINEIN1,1,False,0.0,0,False,14:21:31.463,2025-07-09,0.0,False,1,0.0,DINEIN1,0.0,0,0,-99.99,-10000000000,<NA>,0.0,0,4698,0,0,0,14:21:31.463,0.0,1,0,0.0,0,0,0,14:21:31.463,14:21:31.463
83,Manam,Manam SM Cebu,4699,0.0,0.0,45,0,102267,4,1,<NA>,14:19:25.88,2025-07-09,14:19:25.88,2025-07-09,True,False,1655.0,1655.0,206.25,-146.09,0,1,DINEIN1,1,False,0.0,0,False,14:19:25.88,2025-07-09,0.0,False,1,0.0,DINEIN1,0.0,0,0,-99.99,-10000000000,<NA>,0.0,0,4699,0,0,0,14:19:25.88,0.0,1,0,0.0,0,0,0,14:19:25.88,14:19:25.88
83,Manam,Manam SM Cebu,4700,0.0,0.0,1,0,102267,2,3,<NA>,14:01:02.983,2025-07-09,14:01:02.983,2025-07-09,True,False,2640.0,2640.0,282.86,-200.36,0,1,DINEIN1,1,False,0.0,0,False,14:01:02.983,2025-07-09,0.0,False,1,0.0,DINEIN1,0.0,0,0,-99.99,-10000000000,<NA>,0.0,0,4700,0,0,0,14:01:02.983,0.0,1,0,0.0,0,0,0,14:01:02.983,14:01:02.983
83,Manam,Manam SM Cebu,4701,0.0,0.0,43,0,102267,1,3,PWD-SOLO,14:25:58.307,2025-07-09,14:25:58.307,2025-07-09,True,False,339.28571,339.28571,0.0,-23.07,0,1,DINEIN1,1,False,67.86,0,False,14:25:58.307,2025-07-09,0.0,False,1,0.0,DINEIN1,0.0,0,0,-99.99,-10000000000,<NA>,0.0,0,4701,0,0,0,14:25:58.307,0.0,1,0,0.0,0,0,0,14:25:58.307,14:25:58.307
83,Manam,Manam SM Cebu,4702,0.0,0.0,35,0,102267,2,3,<NA>,14:29:21.667,2025-07-09,14:29:21.667,2025-07-09,True,False,1150.0,1150.0,151.61,-107.39,0,1,DINEIN1,1,False,0.0,0,False,14:29:21.667,2025-07-09,0.0,False,1,0.0,DINEIN1,0.0,0,0,-99.99,-10000000000,<NA>,0.0,0,4702,0,0,0,14:29:21.667,0.0,1,0,0.0,0,0,0,14:29:21.667,14:29:21.667
83,Manam,Manam SM Cebu,4703,0.0,0.0,10,0,102267,3,3,<NA>,14:22:14.623,2025-07-09,14:22:14.623,2025-07-09,True,False,1885.18,1885.18,139.64285714285714,-138.48,0,1,DINEIN1,1,False,116.37,0,False,14:22:14.623,2025-07-09,0.0,False,1,0.0,DINEIN1,0.0,0,0,-99.99,-10000000000,<NA>,0.0,0,4703,0,0,0,14:22:14.623,0.0,1,0,0.0,0,0,0,14:22:14.623,14:22:14.623
83,Manam,Manam SM Cebu,4704,0.0,0.0,32,0,102267,2,3,<NA>,14:03:15.863,2025-07-09,14:03:15.863,2025-07-09,True,False,1515.0,1515.0,178.38,-126.36,0,1,DINEIN1,1,False,0.0,0,False,14:03:15.863,2025-07-09,0.0,False,1,0.0,DINEIN1,0.0,0,0,-99.99,-10000000000,<NA>,0.0,0,4704,0,0,0,14:03:15.863,0.0,1,0,0.0,0,0,0,14:03:15.863,14:03:15.863
83,Manam,Manam SM Cebu,4705,0.0,0.0,0,0,102267,0,12,<NA>,15:39:06.843,2025-07-09,15:39:06.843,2025-07-09,True,False,215.0,215.0,23.04,0.0,0,1,GRABFOOD,1,False,0.0,0,False,15:39:06.843,2025-07-09,0.0,False,1,0.0,GRABFOOD,0.0,0,0,-99.99,-10000000000,<NA>,0.0,0,4705,0,0,0,15:39:06.843,0.0,1,0,0.0,0,0,0,15:39:06.843,15:39:06.843
83,Manam,Manam SM Cebu,4706,0.0,0.0,33,0,102267,0,3,<NA>,14:29:21.667,2025-07-09,14:29:21.667,2025-07-09,True,False,980.0,980.0,105.0,-74.38,0,1,DINEIN1,1,False,0.0,0,False,14:29:21.667,2025-07-09,0.0,False,1,0.0,DINEIN1,0.0,0,0,-99.99,-10000000000,<NA>,0.0,0,4706,0,0,0,14:29:21.667,0.0,1,0,0.0,0,0,0,14:29:21.667,14:29:21.667
83,Manam,Manam SM Cebu,4707,0.0,0.0,0,0,102267,0,12,<NA>,15:41:02.877,2025-07-09,15:41:02.877,2025-07-09,True,False,365.0,365.0,39.11,0.0,0,1,GRABFOOD,1,False,0.0,0,False,15:41:02.877,2025-07-09,0.0,False,1,0.0,GRABFOOD,0.0,0,0,-99.99,-10000000000,<NA>,0.0,0,4707,0,0,0,15:41:02.877,0.0,1,0,0.0,0,0,0,15:41:02.877,15:41:02.877
83,Manam,Manam SM Cebu,4708,0.0,0.0,4,0,102267,2,3,<NA>,15:10:50.113,2025-07-09,15:10:50.113,2025-07-09,True,False,595.0,595.0,63.75,-45.16,0,1,DINEIN1,1,False,0.0,0,False,15:10:50.113,2025-07-09,0.0,False,1,0.0,DINEIN1,0.0,0,0,-99.99,-10000000000,<NA>,0.0,0,4708,0,0,0,15:10:50.113,0.0,1,0,0.0,0,0,0,15:10:50.113,15:10:50.113
83,Manam,Manam SM Cebu,4709,0.0,0.0,23,0,102267,2,1,<NA>,15:16:50.903,2025-07-09,15:16:50.903,2025-07-09,True,False,1205.35,1205.35,0.0,-89.25,0,1,DINEIN1,1,False,262.5,0,False,15:16:50.903,2025-07-09,0.0,False,1,0.0,DINEIN1,0.0,0,0,-99.99,-10000000000,<NA>,0.0,0,4709,0,0,0,15:16:50.903,0.0,1,0,0.0,0,0,0,15:16:50.903,15:16:50.903
83,Manam,Manam SM Cebu,4710,0.0,0.0,25,0,102267,2,3,<NA>,15:24:42.247,2025-07-09,15:24:42.247,2025-07-09,True,False,740.0,740.0,88.39,-62.61,0,1,DINEIN1,1,False,0.0,0,False,15:24:42.247,2025-07-09,0.0,False,1,0.0,DINEIN1,0.0,0,0,-99.99,-10000000000,<NA>,0.0,0,4710,0,0,0,15:24:42.247,0.0,1,0,0.0,0,0,0,15:24:42.247,15:24:42.247
83,Manam,Manam SM Cebu,4711,0.0,0.0,20,0,102267,4,1,<NA>,15:20:13.85,2025-07-09,15:20:13.85,2025-07-09,True,False,2465.0,2465.0,320.36,-226.92,0,1,DINEIN1,1,False,0.0,0,False,15:20:13.85,2025-07-09,0.0,False,1,0.0,DINEIN1,0.0,0,0,-99.99,-10000000000,<NA>,0.0,0,4711,0,0,0,15:20:13.85,0.0,1,0,0.0,0,0,0,15:20:13.85,15:20:13.85
83,Manam,Manam SM Cebu,4712,0.0,0.0,0,0,102267,0,12,<NA>,16:09:59.237,2025-07-09,16:09:59.237,2025-07-09,True,False,1025.0,1025.0,109.82,0.0,0,1,GRABFOOD,1,False,0.0,0,False,16:09:59.237,2025-07-09,0.0,False,1,0.0,GRABFOOD,0.0,0,0,-99.99,-10000000000,<NA>,0.0,0,4712,0,0,0,16:09:59.237,0.0,1,0,0.0,0,0,0,16:09:59.237,16:09:59.237
83,Manam,Manam SM Cebu,4713,0.0,0.0,26,0,102267,7,3,<NA>,15:23:17.317,2025-07-09,15:23:17.317,2025-07-09,True,False,4540.0,4540.0,556.07,-393.88,0,1,DINEIN1,1,False,0.0,0,False,15:23:17.317,2025-07-09,0.0,False,1,0.0,DINEIN1,0.0,0,0,-99.99,-10000000000,<NA>,0.0,0,4713,0,0,0,15:23:17.317,0.0,1,0,0.0,0,0,0,15:23:17.317,15:23:17.317
83,Manam,Manam SM Cebu,4714,0.0,0.0,0,0,102267,0,12,<NA>,16:13:00.06,2025-07-09,16:13:00.06,2025-07-09,True,False,650.0,650.0,69.64,0.0,0,1,GRABFOOD,1,False,0.0,0,False,16:13:00.06,2025-07-09,0.0,False,1,0.0,GRABFOOD,0.0,0,0,-99.99,-10000000000,<NA>,0.0,0,4714,0,0,0,16:13:00.06,0.0,1,0,0.0,0,0,0,16:13:00.06,16:13:00.06
83,Manam,Manam SM Cebu,4715,0.0,0.0,0,0,102267,0,10,<NA>,16:15:06.823,2025-07-09,16:15:06.823,2025-07-09,True,False,761.0,761.0,81.53,0.0,0,1,FOODPANDA,1,False,0.0,0,False,16:15:06.823,2025-07-09,0.0,False,1,0.0,FOODPANDA,0.0,0,0,-99.99,-10000000000,<NA>,0.0,0,4715,0,0,0,16:15:06.823,0.0,1,0,0.0,0,0,0,16:15:06.823,16:15:06.823
83,Manam,Manam SM Cebu,4716,0.0,0.0,6,0,102267,2,3,<NA>,15:21:16.443,2025-07-09,15:21:16.443,2025-07-09,True,False,998.48,998.48,56.51571428571429,-72.06,0,1,DINEIN1,1,False,94.21,0,False,15:21:16.443,2025-07-09,0.0,False,1,0.0,DINEIN1,0.0,0,0,-99.99,-10000000000,<NA>,0.0,0,4716,0,0,0,15:21:16.443,0.0,1,0,0.0,0,0,0,15:21:16.443,15:21:16.443
83,Manam,Manam SM Cebu,4717,0.0,0.0,0,0,102267,0,12,<NA>,16:23:03.093,2025-07-09,16:23:03.093,2025-07-09,True,False,215.0,215.0,23.04,0.0,0,1,GRABFOOD,1,False,0.0,0,False,16:23:03.093,2025-07-09,0.0,False,1,0.0,GRABFOOD,0.0,0,0,-99.99,-10000000000,<NA>,0.0,0,4717,0,0,0,16:23:03.093,0.0,1,0,0.0,0,0,0,16:23:03.093,16:23:03.093
83,Manam,Manam SM Cebu,4718,0.0,0.0,0,0,102267,0,12,<NA>,16:25:05.883,2025-07-09,16:25:05.883,2025-07-09,True,False,740.0,740.0,79.29,0.0,0,1,GRABFOOD,1,False,0.0,0,False,16:25:05.883,2025-07-09,0.0,False,1,0.0,GRABFOOD,0.0,0,0,-99.99,-10000000000,<NA>,0.0,0,4718,0,0,0,16:25:05.883,0.0,1,0,0.0,0,0,0,16:25:05.883,16:25:05.883
83,Manam,Manam SM Cebu,4719,0.0,0.0,0,0,102267,0,12,<NA>,16:32:28.773,2025-07-09,16:32:28.773,2025-07-09,True,False,1030.0,1030.0,110.35,0.0,0,1,GRABFOOD,1,False,0.0,0,False,16:32:28.773,2025-07-09,0.0,False,1,0.0,GRABFOOD,0.0,0,0,-99.99,-10000000000,<NA>,0.0,0,4719,0,0,0,16:32:28.773,0.0,1,0,0.0,0,0,0,16:32:28.773,16:32:28.773
83,Manam,Manam SM Cebu,4720,0.0,0.0,0,0,102267,0,1,<NA>,08:13:20.687,2025-07-09,08:13:20.687,2025-07-09,True,False,0.0,0.0,0.0,0.0,0,1,ZR-TRAINING,1,False,0.0,0,False,08:13:20.687,2025-07-09,0.0,False,1,0.0,ZR-TRAINING,0.0,0,0,-99.99,-10000000000,<NA>,0.0,0,4720,0,0,0,08:13:20.687,0.0,1,0,0.0,0,0,0,08:13:20.687,08:13:20.687
83,Manam,Manam SM Cebu,4721,0.0,0.0,7,0,102267,3,3,<NA>,15:53:33.88,2025-07-09,15:53:33.88,2025-07-09,True,False,2126.25,2126.25,157.50428571428571,-156.19,0,1,DINEIN1,1,False,131.25,0,False,15:53:33.88,2025-07-09,0.0,False,1,0.0,DINEIN1,0.0,0,0,-99.99,-10000000000,<NA>,0.0,0,4721,0,0,0,15:53:33.88,0.0,1,0,0.0,0,0,0,15:53:33.88,15:53:33.88
83,Manam,Manam SM Cebu,4722,0.0,0.0,35,0,102267,2,3,<NA>,15:49:20.923,2025-07-09,15:49:20.923,2025-07-09,True,False,1258.93,1258.93,80.36571428571429,-102.46,0,1,DINEIN1,1,False,133.93,0,False,15:49:20.923,2025-07-09,0.0,False,1,0.0,DINEIN1,0.0,0,0,-99.99,-10000000000,<NA>,0.0,0,4722,0,0,0,15:49:20.923,0.0,1,0,0.0,0,0,0,15:49:20.923,15:49:20.923
83,Manam,Manam SM Cebu,4723,0.0,0.0,0,0,102267,0,12,<NA>,16:44:01.837,2025-07-09,16:44:01.837,2025-07-09,True,False,586.0,586.0,62.79,0.0,0,1,GRABFOOD,1,False,0.0,0,False,16:44:01.837,2025-07-09,0.0,False,1,0.0,GRABFOOD,0.0,0,0,-99.99,-10000000000,<NA>,0.0,0,4723,0,0,0,16:44:01.837,0.0,1,0,0.0,0,0,0,16:44:01.837,16:44:01.837
83,Manam,Manam SM Cebu,4724,0.0,0.0,0,0,102267,0,12,<NA>,16:45:24.337,2025-07-09,16:45:24.337,2025-07-09,True,False,268.0,268.0,28.71,0.0,0,1,GRABFOOD,1,False,0.0,0,False,16:45:24.337,2025-07-09,0.0,False,1,0.0,GRABFOOD,0.0,0,0,-99.99,-10000000000,<NA>,0.0,0,4724,0,0,0,16:45:24.337,0.0,1,0,0.0,0,0,0,16:45:24.337,16:45:24.337
83,Manam,Manam SM Cebu,4725,0.0,0.0,0,0,102267,0,12,<NA>,16:48:57.883,2025-07-09,16:48:57.883,2025-07-09,True,False,308.0,308.0,33.0,0.0,0,1,GRABFOOD,1,False,0.0,0,False,16:48:57.883,2025-07-09,0.0,False,1,0.0,GRABFOOD,0.0,0,0,-99.99,-10000000000,<NA>,0.0,0,4725,0,0,0,16:48:57.883,0.0,1,0,0.0,0,0,0,16:48:57.883,16:48:57.883
83,Manam,Manam SM Cebu,4726,0.0,0.0,10,0,102267,2,3,<NA>,16:12:37.123,2025-07-09,16:12:37.123,2025-07-09,True,False,1625.0,1625.0,184.82,-130.92,0,1,DINEIN1,1,False,0.0,0,False,16:12:37.123,2025-07-09,0.0,False,1,0.0,DINEIN1,0.0,0,0,-99.99,-10000000000,<NA>,0.0,0,4726,0,0,0,16:12:37.123,0.0,1,0,0.0,0,0,0,16:12:37.123,16:12:37.123
83,Manam,Manam SM Cebu,4727,0.0,0.0,0,0,102267,0,12,<NA>,16:50:43.443,2025-07-09,16:50:43.443,2025-07-09,True,False,318.0,318.0,34.07,0.0,0,1,GRABFOOD,1,False,0.0,0,False,16:50:43.443,2025-07-09,0.0,False,1,0.0,GRABFOOD,0.0,0,0,-99.99,-10000000000,<NA>,0.0,0,4727,0,0,0,16:50:43.443,0.0,1,0,0.0,0,0,0,16:50:43.443,16:50:43.443
83,Manam,Manam SM Cebu,4728,0.0,0.0,0,0,102267,0,12,<NA>,16:54:20.587,2025-07-09,16:54:20.587,2025-07-09,True,False,278.0,278.0,29.79,0.0,0,1,GRABFOOD,1,False,0.0,0,False,16:54:20.587,2025-07-09,0.0,False,1,0.0,GRABFOOD,0.0,0,0,-99.99,-10000000000,<NA>,0.0,0,4728,0,0,0,16:54:20.587,0.0,1,0,0.0,0,0,0,16:54:20.587,16:54:20.587
83,Manam,Manam SM Cebu,4729,0.0,0.0,33,0,102267,1,1,<NA>,16:14:35.773,2025-07-09,16:14:35.773,2025-07-09,True,False,695.0,695.0,74.46,-52.75,0,1,DINEIN1,1,False,0.0,0,False,16:14:35.773,2025-07-09,0.0,False,1,0.0,DINEIN1,0.0,0,0,-99.99,-10000000000,<NA>,0.0,0,4729,0,0,0,16:14:35.773,0.0,1,0,0.0,0,0,0,16:14:35.773,16:14:35.773
83,Manam,Manam SM Cebu,4730,0.0,0.0,50,0,102267,7,3,<NA>,16:16:56.727,2025-07-09,16:16:56.727,2025-07-09,True,False,3911.49,3911.49,308.8,-288.73,0,1,DINEIN1,1,False,205.87,0,False,16:16:56.727,2025-07-09,0.0,False,1,0.0,DINEIN1,0.0,0,0,-99.99,-10000000000,<NA>,0.0,0,4730,0,0,0,16:16:56.727,0.0,1,0,0.0,0,0,0,16:16:56.727,16:16:56.727
83,Manam,Manam SM Cebu,4731,0.0,0.0,19,0,102267,2,3,<NA>,16:35:58.83,2025-07-09,16:35:58.83,2025-07-09,True,False,1835.0,1835.0,196.62,-139.26,0,1,DINEIN1,1,False,0.0,0,False,16:35:58.83,2025-07-09,0.0,False,1,0.0,DINEIN1,0.0,0,0,-99.99,-10000000000,<NA>,0.0,0,4731,0,0,0,16:35:58.83,0.0,1,0,0.0,0,0,0,16:35:58.83,16:35:58.83
83,Manam,Manam SM Cebu,4733,0.0,0.0,28,0,102267,2,1,<NA>,16:34:46.347,2025-07-09,16:34:46.347,2025-07-09,True,False,2170.0,2170.0,232.5,-164.69,0,1,DINEIN1,1,False,0.0,0,False,16:34:46.347,2025-07-09,0.0,False,1,0.0,DINEIN1,0.0,0,0,-99.99,-10000000000,<NA>,0.0,0,4733,0,0,0,16:34:46.347,0.0,1,0,0.0,0,0,0,16:34:46.347,16:34:46.347
83,Manam,Manam SM Cebu,4734,0.0,0.0,0,0,108002,0,1,<NA>,17:22:00.273,2025-07-09,17:22:00.273,2025-07-09,True,False,190.0,190.0,40.71,0.0,0,1,TAKEOUT,1,False,0.0,0,False,17:22:00.273,2025-07-09,0.0,False,1,0.0,TAKEOUT,0.0,0,0,-99.99,-10000000000,<NA>,0.0,0,4734,0,0,0,17:22:00.273,0.0,1,0,0.0,0,0,0,17:22:00.273,17:22:00.273
83,Manam,Manam SM Cebu,4735,0.0,0.0,0,0,108013,0,3,<NA>,16:53:09.15,2025-07-09,16:53:09.15,2025-07-09,True,False,550.0,550.0,58.93,0.0,0,1,TAKEOUT,1,False,0.0,0,False,16:53:09.15,2025-07-09,0.0,False,1,0.0,TAKEOUT,0.0,0,0,-99.99,-10000000000,<NA>,0.0,0,4735,0,0,0,16:53:09.15,0.0,1,0,0.0,0,0,0,16:53:09.15,16:53:09.15
83,Manam,Manam SM Cebu,4736,0.0,0.0,0,0,108002,0,3,<NA>,17:25:05.9,2025-07-09,17:25:05.9,2025-07-09,True,False,3018.21,3018.21,272.68,0.0,0,1,TAKEOUT,1,False,94.64,0,False,17:25:05.9,2025-07-09,0.0,False,1,0.0,TAKEOUT,0.0,0,0,-99.99,-10000000000,<NA>,0.0,0,4736,0,0,0,17:25:05.9,0.0,1,0,0.0,0,0,0,17:25:05.9,17:25:05.9
83,Manam,Manam SM Cebu,4737,0.0,0.0,52,0,102267,2,3,<NA>,16:25:18.257,2025-07-09,16:25:18.257,2025-07-09,True,False,1880.0,1880.0,213.21,-151.03,0,1,DINEIN1,1,False,0.0,0,False,16:25:18.257,2025-07-09,0.0,False,1,0.0,DINEIN1,0.0,0,0,-99.99,-10000000000,<NA>,0.0,0,4737,0,0,0,16:25:18.257,0.0,1,0,0.0,0,0,0,16:25:18.257,16:25:18.257
83,Manam,Manam SM Cebu,4738,0.0,0.0,32,0,102267,2,1,<NA>,16:49:47.407,2025-07-09,16:49:47.407,2025-07-09,True,False,575.0,575.0,61.61,-43.64,0,1,DINEIN1,1,False,0.0,0,False,16:49:47.407,2025-07-09,0.0,False,1,0.0,DINEIN1,0.0,0,0,-99.99,-10000000000,<NA>,0.0,0,4738,0,0,0,16:49:47.407,0.0,1,0,0.0,0,0,0,16:49:47.407,16:49:47.407
83,Manam,Manam SM Cebu,4739,0.0,0.0,26,0,102267,4,3,<NA>,16:52:58.2,2025-07-09,16:52:58.2,2025-07-09,True,False,1805.0,1805.0,193.39,-136.99,0,1,DINEIN1,1,False,0.0,0,False,16:52:58.2,2025-07-09,0.0,False,1,0.0,DINEIN1,0.0,0,0,-99.99,-10000000000,<NA>,0.0,0,4739,0,0,0,16:52:58.2,0.0,1,0,0.0,0,0,0,16:52:58.2,16:52:58.2
83,Manam,Manam SM Cebu,4740,0.0,0.0,20,0,102267,3,3,<NA>,16:32:13.08,2025-07-09,16:32:13.08,2025-07-09,True,False,1920.0,1920.0,205.71,-145.71,0,1,DINEIN1,1,False,0.0,0,False,16:32:13.08,2025-07-09,0.0,False,1,0.0,DINEIN1,0.0,0,0,-99.99,-10000000000,<NA>,0.0,0,4740,0,0,0,16:32:13.08,0.0,1,0,0.0,0,0,0,16:32:13.08,16:32:13.08
83,Manam,Manam SM Cebu,4741,0.0,0.0,21,0,102267,4,3,<NA>,16:56:08.367,2025-07-09,16:56:08.367,2025-07-09,True,False,1258.75,1258.75,71.25714285714285,-90.85,0,1,DINEIN1,1,False,118.75,0,False,16:56:08.367,2025-07-09,0.0,False,1,0.0,DINEIN1,0.0,0,0,-99.99,-10000000000,<NA>,0.0,0,4741,0,0,0,16:56:08.367,0.0,1,0,0.0,0,0,0,16:56:08.367,16:56:08.367
83,Manam,Manam SM Cebu,4742,0.0,0.0,30,0,102267,2,3,<NA>,16:32:48.633,2025-07-09,16:32:48.633,2025-07-09,True,False,2096.34,2096.34,118.66285714285713,-151.29,0,1,DINEIN1,1,False,197.77,0,False,16:32:48.633,2025-07-09,0.0,False,1,0.0,DINEIN1,0.0,0,0,-99.99,-10000000000,<NA>,0.0,0,4742,0,0,0,16:32:48.633,0.0,1,0,0.0,0,0,0,16:32:48.633,16:32:48.633
83,Manam,Manam SM Cebu,4743,0.0,0.0,44,0,102267,4,3,<NA>,15:57:58.987,2025-07-09,15:57:58.987,2025-07-09,True,False,1817.19,1817.19,178.79857142857142,-160.42,0,1,DINEIN1,1,False,99.33,0,False,15:57:58.987,2025-07-09,0.0,False,1,0.0,DINEIN1,0.0,0,0,-99.99,-10000000000,<NA>,0.0,0,4743,0,0,0,15:57:58.987,0.0,1,0,0.0,0,0,0,15:57:58.987,15:57:58.987
83,Manam,Manam SM Cebu,4744,0.0,0.0,7,0,102267,4,1,<NA>,17:07:31.08,2025-07-09,17:07:31.08,2025-07-09,True,False,2097.2799999999997,2097.2799999999997,173.16857142857143,-155.37,0,1,DINEIN1,1,False,96.2,0,False,17:07:31.08,2025-07-09,0.0,False,1,0.0,DINEIN1,0.0,0,0,-99.99,-10000000000,<NA>,0.0,0,4744,0,0,0,17:07:31.08,0.0,1,0,0.0,0,0,0,17:07:31.08,17:07:31.08
83,Manam,Manam SM Cebu,4745,0.0,0.0,10,0,102267,2,3,<NA>,17:10:26.743,2025-07-09,17:10:26.743,2025-07-09,True,False,1455.0,1455.0,155.89,-110.42,0,1,DINEIN1,1,False,0.0,0,False,17:10:26.743,2025-07-09,0.0,False,1,0.0,DINEIN1,0.0,0,0,-99.99,-10000000000,<NA>,0.0,0,4745,0,0,0,17:10:26.743,0.0,1,0,0.0,0,0,0,17:10:26.743,17:10:26.743
83,Manam,Manam SM Cebu,4746,0.0,0.0,9,0,102267,2,3,<NA>,17:16:35.717,2025-07-09,17:16:35.717,2025-07-09,True,False,1110.0,1110.0,118.93,-84.24,0,1,DINEIN1,1,False,0.0,0,False,17:16:35.717,2025-07-09,0.0,False,1,0.0,DINEIN1,0.0,0,0,-99.99,-10000000000,<NA>,0.0,0,4746,0,0,0,17:16:35.717,0.0,1,0,0.0,0,0,0,17:16:35.717,17:16:35.717
83,Manam,Manam SM Cebu,4747,0.0,0.0,4,0,102267,6,1,<NA>,16:38:44.277,2025-07-09,16:38:44.277,2025-07-09,True,False,2573.12,2573.12,151.87428571428572,-193.64,0,1,DINEIN1,1,False,253.12,0,False,16:38:44.277,2025-07-09,0.0,False,1,0.0,DINEIN1,0.0,0,0,-99.99,-10000000000,<NA>,0.0,0,4747,0,0,0,16:38:44.277,0.0,1,0,0.0,0,0,0,16:38:44.277,16:38:44.277
83,Manam,Manam SM Cebu,4748,0.0,0.0,40,0,102267,6,3,<NA>,17:10:55.877,2025-07-09,17:10:55.877,2025-07-09,True,False,2860.0,2860.0,306.43,-217.05,0,1,DINEIN1,1,False,0.0,0,False,17:10:55.877,2025-07-09,0.0,False,1,0.0,DINEIN1,0.0,0,0,-99.99,-10000000000,<NA>,0.0,0,4748,0,0,0,17:10:55.877,0.0,1,0,0.0,0,0,0,17:10:55.877,17:10:55.877
83,Manam,Manam SM Cebu,4749,0.0,0.0,12,0,102267,4,3,<NA>,17:09:02.153,2025-07-09,17:09:02.153,2025-07-09,True,False,1935.0,1935.0,207.32,-146.85,0,1,DINEIN1,1,False,0.0,0,False,17:09:02.153,2025-07-09,0.0,False,1,0.0,DINEIN1,0.0,0,0,-99.99,-10000000000,<NA>,0.0,0,4749,0,0,0,17:09:02.153,0.0,1,0,0.0,0,0,0,17:09:02.153,17:09:02.153
83,Manam,Manam SM Cebu,4750,0.0,0.0,3,0,102267,2,3,10% LOYAL,17:37:11.373,2025-07-09,17:37:11.373,2025-07-09,True,False,995.0,995.0,104.15,-73.77,0,1,DINEIN1,1,False,108.0,0,False,17:37:11.373,2025-07-09,0.0,False,1,0.0,DINEIN1,0.0,0,0,-99.99,-10000000000,10468176,0.0,0,4750,0,0,0,17:37:11.373,0.0,1,0,0.0,0,0,0,17:37:11.373,17:37:11.373
83,Manam,Manam SM Cebu,4751,0.0,0.0,34,0,102267,3,1,<NA>,17:09:32.917,2025-07-09,17:09:32.917,2025-07-09,True,False,1990.0,1990.0,213.21,-151.03,0,1,DINEIN1,1,False,0.0,0,False,17:09:32.917,2025-07-09,0.0,False,1,0.0,DINEIN1,0.0,0,0,-99.99,-10000000000,<NA>,0.0,0,4751,0,0,0,17:09:32.917,0.0,1,0,0.0,0,0,0,17:09:32.917,17:09:32.917
83,Manam,Manam SM Cebu,4752,0.0,0.0,0,0,102267,0,10,<NA>,18:08:17.907,2025-07-09,18:08:17.907,2025-07-09,True,False,2065.0,2065.0,221.25,0.0,0,1,FOODPANDA,1,False,0.0,0,False,18:08:17.907,2025-07-09,0.0,False,1,0.0,FOODPANDA,0.0,0,0,-99.99,-10000000000,<NA>,0.0,0,4752,0,0,0,18:08:17.907,0.0,1,0,0.0,0,0,0,18:08:17.907,18:08:17.907
83,Manam,Manam SM Cebu,4753,0.0,0.0,17,0,102267,2,1,500 LOYAL,17:02:15.367,2025-07-09,17:02:15.367,2025-07-09,True,False,975.0,975.0,69.65,-49.33,0,1,DINEIN1,1,False,500.0,0,False,17:02:15.367,2025-07-09,0.0,False,1,0.0,DINEIN1,0.0,0,0,-99.99,-10000000000,10472101,0.0,0,4753,0,0,0,17:02:15.367,0.0,1,0,0.0,0,0,0,17:02:15.367,17:02:15.367
83,Manam,Manam SM Cebu,4754,0.0,0.0,1,0,102267,3,3,<NA>,17:17:02.25,2025-07-09,17:17:02.25,2025-07-09,True,False,1663.4,1663.4,123.22,-122.19,0,1,DINEIN1,1,False,102.68,0,False,17:17:02.25,2025-07-09,0.0,False,1,0.0,DINEIN1,0.0,0,0,-99.99,-10000000000,<NA>,0.0,0,4754,0,0,0,17:17:02.25,0.0,1,0,0.0,0,0,0,17:17:02.25,17:17:02.25
83,Manam,Manam SM Cebu,4755,0.0,0.0,26,0,102267,4,1,<NA>,17:41:37.217,2025-07-09,17:41:37.217,2025-07-09,True,False,1765.0,1765.0,189.12,-133.95,0,1,DINEIN1,1,False,0.0,0,False,17:41:37.217,2025-07-09,0.0,False,1,0.0,DINEIN1,0.0,0,0,-99.99,-10000000000,<NA>,0.0,0,4755,0,0,0,17:41:37.217,0.0,1,0,0.0,0,0,0,17:41:37.217,17:41:37.217
83,Manam,Manam SM Cebu,4756,0.0,0.0,15,0,102267,2,1,<NA>,17:31:12.51,2025-07-09,17:31:12.51,2025-07-09,True,False,1130.98,1130.98,64.01857142857143,-81.63,0,1,DINEIN1,1,False,106.7,0,False,17:31:12.51,2025-07-09,0.0,False,1,0.0,DINEIN1,0.0,0,0,-99.99,-10000000000,<NA>,0.0,0,4756,0,0,0,17:31:12.51,0.0,1,0,0.0,0,0,0,17:31:12.51,17:31:12.51
83,Manam,Manam SM Cebu,4758,0.0,0.0,0,0,102267,0,10,<NA>,18:29:17.623,2025-07-09,18:29:17.623,2025-07-09,True,False,278.0,278.0,29.79,0.0,0,1,FOODPANDA,1,False,0.0,0,False,18:29:17.623,2025-07-09,0.0,False,1,0.0,FOODPANDA,0.0,0,0,-99.99,-10000000000,<NA>,0.0,0,4758,0,0,0,18:29:17.623,0.0,1,0,0.0,0,0,0,18:29:17.623,18:29:17.623
83,Manam,Manam SM Cebu,4759,0.0,0.0,19,0,102267,2,3,<NA>,17:28:47.55,2025-07-09,17:28:47.55,2025-07-09,True,False,1873.93,1873.93,106.07,-135.24,0,1,DINEIN1,1,False,176.79,0,False,17:28:47.55,2025-07-09,0.0,False,1,0.0,DINEIN1,0.0,0,0,-99.99,-10000000000,<NA>,0.0,0,4759,0,0,0,17:28:47.55,0.0,1,0,0.0,0,0,0,17:28:47.55,17:28:47.55
83,Manam,Manam SM Cebu,4760,0.0,0.0,23,0,102267,4,1,<NA>,17:18:36.077,2025-07-09,17:18:36.077,2025-07-09,True,False,1774.55,1774.55,100.45142857142856,-128.07,0,1,DINEIN1,1,False,167.41,0,False,17:18:36.077,2025-07-09,0.0,False,1,0.0,DINEIN1,0.0,0,0,-99.99,-10000000000,<NA>,0.0,0,4760,0,0,0,17:18:36.077,0.0,1,0,0.0,0,0,0,17:18:36.077,17:18:36.077
83,Manam,Manam SM Cebu,4761,0.0,0.0,28,0,102267,2,1,<NA>,17:46:43.737,2025-07-09,17:46:43.737,2025-07-09,True,False,1370.0,1370.0,146.79,-103.97,0,1,DINEIN1,1,False,0.0,0,False,17:46:43.737,2025-07-09,0.0,False,1,0.0,DINEIN1,0.0,0,0,-99.99,-10000000000,<NA>,0.0,0,4761,0,0,0,17:46:43.737,0.0,1,0,0.0,0,0,0,17:46:43.737,17:46:43.737
83,Manam,Manam SM Cebu,4762,0.0,0.0,50,0,102267,7,3,10% LOYAL,17:35:28.877,2025-07-09,17:35:28.877,2025-07-09,True,False,5705.0,5705.0,550.14,-389.67,0,1,DINEIN1,1,False,570.5,0,False,17:35:28.877,2025-07-09,0.0,False,1,0.0,DINEIN1,0.0,0,0,-99.99,-10000000000,10469067,0.0,0,4762,0,0,0,17:35:28.877,0.0,1,0,0.0,0,0,0,17:35:28.877,17:35:28.877
83,Manam,Manam SM Cebu,4763,0.0,0.0,21,0,102267,4,3,<NA>,17:48:28.673,2025-07-09,17:48:28.673,2025-07-09,True,False,1897.77,1897.77,156.70142857142855,-140.59,0,1,DINEIN1,1,False,87.05,0,False,17:48:28.673,2025-07-09,0.0,False,1,0.0,DINEIN1,0.0,0,0,-99.99,-10000000000,<NA>,0.0,0,4763,0,0,0,17:48:28.673,0.0,1,0,0.0,0,0,0,17:48:28.673,17:48:28.673
83,Manam,Manam SM Cebu,4764,0.0,0.0,9,0,102267,2,3,<NA>,17:58:01.483,2025-07-09,17:58:01.483,2025-07-09,True,False,616.0699999999999,616.0699999999999,0.0,-41.89,0,1,DINEIN1,1,False,123.21,0,False,17:58:01.483,2025-07-09,0.0,False,1,0.0,DINEIN1,0.0,0,0,-99.99,-10000000000,<NA>,0.0,0,4764,0,0,0,17:58:01.483,0.0,1,0,0.0,0,0,0,17:58:01.483,17:58:01.483
83,Manam,Manam SM Cebu,4765,0.0,0.0,10,0,102267,11,3,<NA>,17:58:45.283,2025-07-09,17:58:45.283,2025-07-09,True,False,4412.74,4412.74,522.56,-399.76,0,1,DINEIN1,1,False,87.09,0,False,17:58:45.283,2025-07-09,0.0,False,1,0.0,DINEIN1,0.0,0,0,-99.99,-10000000000,<NA>,0.0,0,4765,0,0,0,17:58:45.283,0.0,1,0,0.0,0,0,0,17:58:45.283,17:58:45.283
83,Manam,Manam SM Cebu,4766,0.0,0.0,7,0,102267,4,1,<NA>,18:04:24.21,2025-07-09,18:04:24.21,2025-07-09,True,False,2175.13,2175.13,179.59285714285713,-161.14,0,1,DINEIN1,1,False,99.78,0,False,18:04:24.21,2025-07-09,0.0,False,1,0.0,DINEIN1,0.0,0,0,-99.99,-10000000000,<NA>,0.0,0,4766,0,0,0,18:04:24.21,0.0,1,0,0.0,0,0,0,18:04:24.21,18:04:24.21
83,Manam,Manam SM Cebu,4767,0.0,0.0,0,0,102267,0,12,<NA>,19:00:33.43,2025-07-09,19:00:33.43,2025-07-09,True,False,278.0,278.0,29.79,0.0,0,1,GRABFOOD,1,False,0.0,0,False,19:00:33.43,2025-07-09,0.0,False,1,0.0,GRABFOOD,0.0,0,0,-99.99,-10000000000,<NA>,0.0,0,4767,0,0,0,19:00:33.43,0.0,1,0,0.0,0,0,0,19:00:33.43,19:00:33.43
83,Manam,Manam SM Cebu,4768,0.0,0.0,0,0,102267,0,12,<NA>,19:01:12.737,2025-07-09,19:01:12.737,2025-07-09,True,False,1015.0,1015.0,108.76,0.0,0,1,GRABFOOD,1,False,0.0,0,False,19:01:12.737,2025-07-09,0.0,False,1,0.0,GRABFOOD,0.0,0,0,-99.99,-10000000000,<NA>,0.0,0,4768,0,0,0,19:01:12.737,0.0,1,0,0.0,0,0,0,19:01:12.737,19:01:12.737
83,Manam,Manam SM Cebu,4769,0.0,0.0,0,0,102267,0,12,<NA>,19:02:27.273,2025-07-09,19:02:27.273,2025-07-09,True,False,548.0,548.0,58.71,0.0,0,1,GRABFOOD,1,False,0.0,0,False,19:02:27.273,2025-07-09,0.0,False,1,0.0,GRABFOOD,0.0,0,0,-99.99,-10000000000,<NA>,0.0,0,4769,0,0,0,19:02:27.273,0.0,1,0,0.0,0,0,0,19:02:27.273,19:02:27.273
83,Manam,Manam SM Cebu,4771,0.0,0.0,51,0,102267,6,3,<NA>,17:49:44.543,2025-07-09,17:49:44.543,2025-07-09,True,False,5740.53,5740.53,432.50571428571425,-428.89,0,1,DINEIN1,1,False,360.43,0,False,17:49:44.543,2025-07-09,0.0,False,1,0.0,DINEIN1,0.0,0,0,-99.99,-10000000000,<NA>,0.0,0,4771,0,0,0,17:49:44.543,0.0,1,0,0.0,0,0,0,17:49:44.543,17:49:44.543
83,Manam,Manam SM Cebu,4772,0.0,0.0,0,0,102267,0,12,<NA>,19:09:41.86,2025-07-09,19:09:41.86,2025-07-09,True,False,540.0,540.0,57.85,0.0,0,1,GRABFOOD,1,False,0.0,0,False,19:09:41.86,2025-07-09,0.0,False,1,0.0,GRABFOOD,0.0,0,0,-99.99,-10000000000,<NA>,0.0,0,4772,0,0,0,19:09:41.86,0.0,1,0,0.0,0,0,0,19:09:41.86,19:09:41.86
83,Manam,Manam SM Cebu,4773,0.0,0.0,30,0,102267,6,3,<NA>,17:49:25.707,2025-07-09,17:49:25.707,2025-07-09,True,False,3147.14,3147.14,214.34428571428572,-265.02,0,1,DINEIN1,1,False,346.43,0,False,17:49:25.707,2025-07-09,0.0,False,1,0.0,DINEIN1,0.0,0,0,-99.99,-10000000000,<NA>,0.0,0,4773,0,0,0,17:49:25.707,0.0,1,0,0.0,0,0,0,17:49:25.707,17:49:25.707
83,Manam,Manam SM Cebu,4774,0.0,0.0,1,0,102267,3,3,<NA>,18:28:49.727,2025-07-09,18:28:49.727,2025-07-09,True,False,2570.0,2570.0,295.18,-209.08,0,1,DINEIN1,1,False,0.0,0,False,18:28:49.727,2025-07-09,0.0,False,1,0.0,DINEIN1,0.0,0,0,-99.99,-10000000000,<NA>,0.0,0,4774,0,0,0,18:28:49.727,0.0,1,0,0.0,0,0,0,18:28:49.727,18:28:49.727
83,Manam,Manam SM Cebu,4775,0.0,0.0,0,0,102267,0,10,<NA>,19:14:29.673,2025-07-09,19:14:29.673,2025-07-09,True,False,875.0,875.0,93.75,0.0,0,1,FOODPANDA,1,False,0.0,0,False,19:14:29.673,2025-07-09,0.0,False,1,0.0,FOODPANDA,0.0,0,0,-99.99,-10000000000,<NA>,0.0,0,4775,0,0,0,19:14:29.673,0.0,1,0,0.0,0,0,0,19:14:29.673,19:14:29.673
83,Manam,Manam SM Cebu,4776,0.0,0.0,35,0,102267,2,1,<NA>,18:17:25.463,2025-07-09,18:17:25.463,2025-07-09,True,False,857.1299999999999,857.1299999999999,0.0,-74.07,0,1,DINEIN1,1,False,217.86,0,False,18:17:25.463,2025-07-09,0.0,False,1,0.0,DINEIN1,0.0,0,0,-99.99,-10000000000,<NA>,0.0,0,4776,0,0,0,18:17:25.463,0.0,1,0,0.0,0,0,0,18:17:25.463,18:17:25.463
83,Manam,Manam SM Cebu,4777,0.0,0.0,20,0,102267,3,3,<NA>,18:12:30.18,2025-07-09,18:12:30.18,2025-07-09,True,False,2605.0,2605.0,297.85,-210.98,0,1,DINEIN1,1,False,0.0,0,False,18:12:30.18,2025-07-09,0.0,False,1,0.0,DINEIN1,0.0,0,0,-99.99,-10000000000,<NA>,0.0,0,4777,0,0,0,18:12:30.18,0.0,1,0,0.0,0,0,0,18:12:30.18,18:12:30.18
83,Manam,Manam SM Cebu,4778,0.0,0.0,28,0,102267,8,1,<NA>,18:36:18.093,2025-07-09,18:36:18.093,2025-07-09,True,False,4515.0,4515.0,730.18,-517.21,0,1,DINEIN1,1,False,0.0,0,False,18:36:18.093,2025-07-09,0.0,False,1,0.0,DINEIN1,0.0,0,0,-99.99,-10000000000,<NA>,0.0,0,4778,0,0,0,18:36:18.093,0.0,1,0,0.0,0,0,0,18:36:18.093,18:36:18.093
83,Manam,Manam SM Cebu,4779,0.0,0.0,33,0,102267,2,3,<NA>,18:13:41.933,2025-07-09,18:13:41.933,2025-07-09,True,False,935.0,935.0,100.17,-70.96,0,1,DINEIN1,1,False,0.0,0,False,18:13:41.933,2025-07-09,0.0,False,1,0.0,DINEIN1,0.0,0,0,-99.99,-10000000000,<NA>,0.0,0,4779,0,0,0,18:13:41.933,0.0,1,0,0.0,0,0,0,18:13:41.933,18:13:41.933
83,Manam,Manam SM Cebu,4780,0.0,0.0,43,0,102267,5,3,<NA>,18:08:25.613,2025-07-09,18:08:25.613,2025-07-09,True,False,7570.0,7570.0,973.41,-689.49,0,1,DINEIN1,1,False,0.0,0,False,18:08:25.613,2025-07-09,0.0,False,1,0.0,DINEIN1,0.0,0,0,-99.99,-10000000000,<NA>,0.0,0,4780,0,0,0,18:08:25.613,0.0,1,0,0.0,0,0,0,18:08:25.613,18:08:25.613
83,Manam,Manam SM Cebu,4781,0.0,0.0,16,0,102267,10,3,<NA>,18:30:05.733,2025-07-09,18:30:05.733,2025-07-09,True,False,4860.25,4860.25,631.1471428571429,-532.58,0,1,DINEIN1,1,False,261.07,0,False,18:30:05.733,2025-07-09,0.0,False,1,0.0,DINEIN1,0.0,0,0,-99.99,-10000000000,<NA>,0.0,0,4781,0,0,0,18:30:05.733,0.0,1,0,0.0,0,0,0,18:30:05.733,18:30:05.733
83,Manam,Manam SM Cebu,4782,0.0,0.0,0,0,105539,0,3,<NA>,19:37:54.663,2025-07-09,19:37:54.663,2025-07-09,True,False,3755.0,3755.0,433.39,0.0,0,1,TAKEOUT,1,False,0.0,0,False,19:37:54.663,2025-07-09,0.0,False,1,0.0,TAKEOUT,0.0,0,0,-99.99,-10000000000,<NA>,0.0,0,4782,0,0,0,19:37:54.663,0.0,1,0,0.0,0,0,0,19:37:54.663,19:37:54.663
83,Manam,Manam SM Cebu,4783,0.0,0.0,21,0,102267,4,3,<NA>,18:44:21.143,2025-07-09,18:44:21.143,2025-07-09,True,False,2520.0,2520.0,287.15,-203.39,0,1,DINEIN1,1,False,0.0,0,False,18:44:21.143,2025-07-09,0.0,False,1,0.0,DINEIN1,0.0,0,0,-99.99,-10000000000,<NA>,0.0,0,4783,0,0,0,18:44:21.143,0.0,1,0,0.0,0,0,0,18:44:21.143,18:44:21.143
83,Manam,Manam SM Cebu,4784,0.0,0.0,23,0,102267,3,3,<NA>,18:48:11.247,2025-07-09,18:48:11.247,2025-07-09,True,False,1870.0,1870.0,200.35,-141.92,0,1,DINEIN1,1,False,0.0,0,False,18:48:11.247,2025-07-09,0.0,False,1,0.0,DINEIN1,0.0,0,0,-99.99,-10000000000,<NA>,0.0,0,4784,0,0,0,18:48:11.247,0.0,1,0,0.0,0,0,0,18:48:11.247,18:48:11.247
83,Manam,Manam SM Cebu,4785,0.0,0.0,40,0,102267,5,3,<NA>,18:24:13.907,2025-07-09,18:24:13.907,2025-07-09,True,False,3155.89,3155.89,276.4242857142857,-234.96,0,1,DINEIN1,1,False,115.18,0,False,18:24:13.907,2025-07-09,0.0,False,1,0.0,DINEIN1,0.0,0,0,-99.99,-10000000000,<NA>,0.0,0,4785,0,0,0,18:24:13.907,0.0,1,0,0.0,0,0,0,18:24:13.907,18:24:13.907
83,Manam,Manam SM Cebu,4786,0.0,0.0,4,0,102267,5,3,<NA>,18:15:12.723,2025-07-09,18:15:12.723,2025-07-09,True,False,7390.0,7390.0,804.63,-569.96,0,1,DINEIN1,1,False,0.0,0,False,18:15:12.723,2025-07-09,0.0,False,1,0.0,DINEIN1,0.0,0,0,-99.99,-10000000000,<NA>,0.0,0,4786,0,0,0,18:15:12.723,0.0,1,0,0.0,0,0,0,18:15:12.723,18:15:12.723
83,Manam,Manam SM Cebu,4787,0.0,0.0,20,0,102267,2,3,<NA>,19:12:06.193,2025-07-09,19:12:06.193,2025-07-09,True,False,2120.0,2120.0,243.22,-172.28,0,1,DINEIN1,1,False,0.0,0,False,19:12:06.193,2025-07-09,0.0,False,1,0.0,DINEIN1,0.0,0,0,-99.99,-10000000000,<NA>,0.0,0,4787,0,0,0,19:12:06.193,0.0,1,0,0.0,0,0,0,19:12:06.193,19:12:06.193
83,Manam,Manam SM Cebu,4788,0.0,0.0,0,0,105539,0,3,<NA>,20:00:39.127,2025-07-09,20:00:39.127,2025-07-09,True,False,930.0,930.0,99.64,0.0,0,1,TAKEOUT,1,False,0.0,0,False,20:00:39.127,2025-07-09,0.0,False,1,0.0,TAKEOUT,0.0,0,0,-99.99,-10000000000,<NA>,0.0,0,4788,0,0,0,20:00:39.127,0.0,1,0,0.0,0,0,0,20:00:39.127,20:00:39.127
83,Manam,Manam SM Cebu,4789,0.0,0.0,50,0,102267,6,3,<NA>,18:49:31.703,2025-07-09,18:49:31.703,2025-07-09,True,False,3345.0,3345.0,358.39,-253.86,0,1,DINEIN1,1,False,0.0,0,False,18:49:31.703,2025-07-09,0.0,False,1,0.0,DINEIN1,0.0,0,0,-99.99,-10000000000,<NA>,0.0,0,4789,0,0,0,18:49:31.703,0.0,1,0,0.0,0,0,0,18:49:31.703,18:49:31.703
83,Manam,Manam SM Cebu,4790,0.0,0.0,10,0,102267,10,1,<NA>,18:57:33.683,2025-07-09,18:57:33.683,2025-07-09,True,False,7738.85,7738.85,556.72,-604.65,0,1,DINEIN1,1,False,618.57,0,False,18:57:33.683,2025-07-09,0.0,False,1,0.0,DINEIN1,0.0,0,0,-99.99,-10000000000,<NA>,0.0,0,4790,0,0,0,18:57:33.683,0.0,1,0,0.0,0,0,0,18:57:33.683,18:57:33.683
83,Manam,Manam SM Cebu,4791,0.0,0.0,16,0,103836,2,3,<NA>,20:01:23.76,2025-07-09,20:01:23.76,2025-07-09,True,False,655.0,655.0,70.18,-49.71,0,1,DINEIN1,1,False,0.0,0,False,20:01:23.76,2025-07-09,0.0,False,1,0.0,DINEIN1,0.0,0,0,-99.99,-10000000000,<NA>,0.0,0,4791,0,0,0,20:01:23.76,0.0,1,0,0.0,0,0,0,20:01:23.76,20:01:23.76
83,Manam,Manam SM Cebu,4792,0.0,0.0,7,0,103836,4,1,<NA>,19:07:45.82,2025-07-09,19:07:45.82,2025-07-09,True,False,2825.0,2825.0,321.96,-228.06,0,1,DINEIN1,1,False,0.0,0,False,19:07:45.82,2025-07-09,0.0,False,1,0.0,DINEIN1,0.0,0,0,-99.99,-10000000000,<NA>,0.0,0,4792,0,0,0,19:07:45.82,0.0,1,0,0.0,0,0,0,19:07:45.82,19:07:45.82
83,Manam,Manam SM Cebu,4793,0.0,0.0,1,0,103836,4,3,<NA>,19:40:41.513,2025-07-09,19:40:41.513,2025-07-09,True,False,1640.0,1640.0,186.44,-132.05,0,1,DINEIN1,1,False,0.0,0,False,19:40:41.513,2025-07-09,0.0,False,1,0.0,DINEIN1,0.0,0,0,-99.99,-10000000000,<NA>,0.0,0,4793,0,0,0,19:40:41.513,0.0,1,0,0.0,0,0,0,19:40:41.513,19:40:41.513
83,Manam,Manam SM Cebu,4794,0.0,0.0,30,0,103836,6,3,<NA>,19:15:18.017,2025-07-09,19:15:18.017,2025-07-09,True,False,4710.0,4710.0,571.06,-404.51,0,1,DINEIN1,1,False,0.0,0,False,19:15:18.017,2025-07-09,0.0,False,1,0.0,DINEIN1,0.0,0,0,-99.99,-10000000000,<NA>,0.0,0,4794,0,0,0,19:15:18.017,0.0,1,0,0.0,0,0,0,19:15:18.017,19:15:18.017
83,Manam,Manam SM Cebu,4795,0.0,0.0,43,0,103836,3,1,<NA>,19:44:44.86,2025-07-09,19:44:44.86,2025-07-09,True,False,2375.0,2375.0,273.22,-193.53,0,1,DINEIN1,1,False,0.0,0,False,19:44:44.86,2025-07-09,0.0,False,1,0.0,DINEIN1,0.0,0,0,-99.99,-10000000000,<NA>,0.0,0,4795,0,0,0,19:44:44.86,0.0,1,0,0.0,0,0,0,19:44:44.86,19:44:44.86
83,Manam,Manam SM Cebu,4796,0.0,0.0,52,0,103836,2,1,<NA>,19:21:13.987,2025-07-09,19:21:13.987,2025-07-09,True,False,1015.0,1015.0,108.75,-77.03,0,1,DINEIN1,1,False,0.0,0,False,19:21:13.987,2025-07-09,0.0,False,1,0.0,DINEIN1,0.0,0,0,-99.99,-10000000000,<NA>,0.0,0,4796,0,0,0,19:21:13.987,0.0,1,0,0.0,0,0,0,19:21:13.987,19:21:13.987
83,Manam,Manam SM Cebu,4797,0.0,0.0,51,0,103836,2,3,<NA>,19:19:37.427,2025-07-09,19:19:37.427,2025-07-09,True,False,1895.0,1895.0,203.04,-143.82,0,1,DINEIN1,1,False,0.0,0,False,19:19:37.427,2025-07-09,0.0,False,1,0.0,DINEIN1,0.0,0,0,-99.99,-10000000000,<NA>,0.0,0,4797,0,0,0,19:19:37.427,0.0,1,0,0.0,0,0,0,19:19:37.427,19:19:37.427
83,Manam,Manam SM Cebu,4798,0.0,0.0,0,0,103836,0,1,<NA>,14:17:58.68,2025-07-09,14:17:58.68,2025-07-09,True,False,0.0,0.0,0.0,0.0,0,1,ZR-MAN,1,False,0.0,0,False,14:17:58.68,2025-07-09,0.0,False,1,0.0,ZR-MAN,0.0,0,0,-99.99,-10000000000,<NA>,0.0,0,4798,0,0,0,14:17:58.68,0.0,1,0,0.0,0,0,0,14:17:58.68,14:17:58.68
83,Manam,Manam SM Cebu,4799,0.0,0.0,18,0,103836,2,1,<NA>,20:00:39.927,2025-07-09,20:00:39.927,2025-07-09,True,False,1017.4100000000001,1017.4100000000001,57.58714285714286,-73.42,0,1,DINEIN1,1,False,95.98,0,False,20:00:39.927,2025-07-09,0.0,False,1,0.0,DINEIN1,0.0,0,0,-99.99,-10000000000,<NA>,0.0,0,4799,0,0,0,20:00:39.927,0.0,1,0,0.0,0,0,0,20:00:39.927,20:00:39.927
83,Manam,Manam SM Cebu,4800,0.0,0.0,35,0,103836,3,3,<NA>,19:27:40.553,2025-07-09,19:27:40.553,2025-07-09,True,False,3140.0,3140.0,336.42,-238.3,0,1,DINEIN1,1,False,0.0,0,False,19:27:40.553,2025-07-09,0.0,False,1,0.0,DINEIN1,0.0,0,0,-99.99,-10000000000,<NA>,0.0,0,4800,0,0,0,19:27:40.553,0.0,1,0,0.0,0,0,0,19:27:40.553,19:27:40.553
83,Manam,Manam SM Cebu,4801,0.0,0.0,20,0,103836,2,3,<NA>,20:13:34.747,2025-07-09,20:13:34.747,2025-07-09,True,False,1291.87,1291.87,73.12285714285714,-93.24,0,1,DINEIN1,1,False,121.87,0,False,20:13:34.747,2025-07-09,0.0,False,1,0.0,DINEIN1,0.0,0,0,-99.99,-10000000000,<NA>,0.0,0,4801,0,0,0,20:13:34.747,0.0,1,0,0.0,0,0,0,20:13:34.747,20:13:34.747
83,Manam,Manam SM Cebu,4803,0.0,0.0,19,0,103836,3,3,10% LOYAL,19:58:55.63,2025-07-09,19:58:55.63,2025-07-09,True,False,2445.0,2445.0,235.78,-167.0,0,1,DINEIN1,1,False,244.5,0,False,19:58:55.63,2025-07-09,0.0,False,1,0.0,DINEIN1,0.0,0,0,-99.99,-10000000000,10468341,0.0,0,4803,0,0,0,19:58:55.63,0.0,1,0,0.0,0,0,0,19:58:55.63,19:58:55.63
83,Manam,Manam SM Cebu,4804,0.0,0.0,4,0,103836,4,1,<NA>,20:14:54.1,2025-07-09,20:14:54.1,2025-07-09,True,False,6190.0,6190.0,699.1,-495.2,0,1,DINEIN1,1,False,0.0,0,False,20:14:54.1,2025-07-09,0.0,False,1,0.0,DINEIN1,0.0,0,0,-99.99,-10000000000,<NA>,0.0,0,4804,0,0,0,20:14:54.1,0.0,1,0,0.0,0,0,0,20:14:54.1,20:14:54.1
83,Manam,Manam SM Cebu,4805,0.0,0.0,28,0,103836,12,3,<NA>,19:47:24.16,2025-07-09,19:47:24.16,2025-07-09,True,False,5160.98,5160.98,608.04,-674.11,0,1,DINEIN1,1,False,720.98,0,False,19:47:24.16,2025-07-09,0.0,False,1,0.0,DINEIN1,0.0,0,0,-99.99,-10000000000,<NA>,0.0,0,4805,0,0,0,19:47:24.16,0.0,1,0,0.0,0,0,0,19:47:24.16,19:47:24.16
83,Manam,Manam SM Cebu,4806,0.0,0.0,10,0,103836,8,3,<NA>,20:24:51.363,2025-07-09,20:24:51.363,2025-07-09,True,False,4028.8199999999997,4028.8199999999997,393.2871428571429,-310.41,0,1,DINEIN1,1,False,93.64,0,False,20:24:51.363,2025-07-09,0.0,False,1,0.0,DINEIN1,0.0,0,0,-99.99,-10000000000,<NA>,0.0,0,4806,0,0,0,20:24:51.363,0.0,1,0,0.0,0,0,0,20:24:51.363,20:24:51.363
83,Manam,Manam SM Cebu,4807,0.0,0.0,40,0,103836,5,3,<NA>,20:09:07.687,2025-07-09,20:09:07.687,2025-07-09,True,False,3385.85,3385.85,296.57142857142856,-252.08,0,1,DINEIN1,1,False,123.57,0,False,20:09:07.687,2025-07-09,0.0,False,1,0.0,DINEIN1,0.0,0,0,-99.99,-10000000000,<NA>,0.0,0,4807,0,0,0,20:09:07.687,0.0,1,0,0.0,0,0,0,20:09:07.687,20:09:07.687
83,Manam,Manam SM Cebu,4808,0.0,0.0,50,0,103836,7,3,<NA>,20:18:58,2025-07-09,20:18:58,2025-07-09,True,False,5082.09,5082.09,512.4514285714286,-411.38,0,1,DINEIN1,1,False,142.35,0,False,20:18:58,2025-07-09,0.0,False,1,0.0,DINEIN1,0.0,0,0,-99.99,-10000000000,<NA>,0.0,0,4808,0,0,0,20:18:58,0.0,1,0,0.0,0,0,0,20:18:58,20:18:58
83,Manam,Manam SM Cebu,4809,0.0,0.0,21,0,103836,3,3,<NA>,19:50:47.067,2025-07-09,19:50:47.067,2025-07-09,True,False,2260.0,2260.0,259.3,-183.66,0,1,DINEIN1,1,False,0.0,0,False,19:50:47.067,2025-07-09,0.0,False,1,0.0,DINEIN1,0.0,0,0,-99.99,-10000000000,<NA>,0.0,0,4809,0,0,0,19:50:47.067,0.0,1,0,0.0,0,0,0,19:50:47.067,19:50:47.067
83,Manam,Manam SM Cebu,4810,0.0,0.0,32,0,103836,2,1,<NA>,20:43:01.453,2025-07-09,20:43:01.453,2025-07-09,True,False,1190.0,1190.0,127.5,-90.31,0,1,DINEIN1,1,False,0.0,0,False,20:43:01.453,2025-07-09,0.0,False,1,0.0,DINEIN1,0.0,0,0,-99.99,-10000000000,<NA>,0.0,0,4810,0,0,0,20:43:01.453,0.0,1,0,0.0,0,0,0,20:43:01.453,20:43:01.453
83,Manam,Manam SM Cebu,4811,0.0,0.0,1,0,103836,4,3,<NA>,20:30:08.497,2025-07-09,20:30:08.497,2025-07-09,True,False,2800.0,2800.0,300.0,-212.5,0,1,DINEIN1,1,False,0.0,0,False,20:30:08.497,2025-07-09,0.0,False,1,0.0,DINEIN1,0.0,0,0,-99.99,-10000000000,<NA>,0.0,0,4811,0,0,0,20:30:08.497,0.0,1,0,0.0,0,0,0,20:30:08.497,20:30:08.497
83,Manam,Manam SM Cebu,4812,0.0,0.0,45,0,103836,4,3,<NA>,17:39:55.97,2025-07-09,17:39:55.97,2025-07-09,True,False,1705.0,1705.0,182.68,-129.4,0,1,DINEIN1,1,False,0.0,0,False,17:39:55.97,2025-07-09,0.0,False,1,0.0,DINEIN1,0.0,0,0,-99.99,-10000000000,<NA>,0.0,0,4812,0,0,0,17:39:55.97,0.0,1,0,0.0,0,0,0,17:39:55.97,17:39:55.97
83,Manam,Manam SM Cebu,4813,0.0,0.0,9,0,103836,2,3,<NA>,20:33:48.167,2025-07-09,20:33:48.167,2025-07-09,True,False,1040.0,1040.0,131.8,-93.35,0,1,DINEIN1,1,False,0.0,0,False,20:33:48.167,2025-07-09,0.0,False,1,0.0,DINEIN1,0.0,0,0,-99.99,-10000000000,<NA>,0.0,0,4813,0,0,0,20:33:48.167,0.0,1,0,0.0,0,0,0,20:33:48.167,20:33:48.167
83,Manam,Manam SM Cebu,4814,0.0,0.0,7,0,103836,2,3,<NA>,20:41:10.693,2025-07-09,20:41:10.693,2025-07-09,True,False,2150.0,2150.0,278.04,-196.94,0,1,DINEIN1,1,False,0.0,0,False,20:41:10.693,2025-07-09,0.0,False,1,0.0,DINEIN1,0.0,0,0,-99.99,-10000000000,<NA>,0.0,0,4814,0,0,0,20:41:10.693,0.0,1,0,0.0,0,0,0,20:41:10.693,20:41:10.693
83,Manam,Manam SM Cebu,4815,0.0,0.0,18,0,103836,18,3,<NA>,20:58:12.067,2025-07-09,20:58:12.067,2025-07-09,True,False,3905.0,3905.0,808.93,-572.99,0,1,DINEIN1,1,False,0.0,0,False,20:58:12.067,2025-07-09,0.0,False,1,0.0,DINEIN1,0.0,0,0,-99.99,-10000000000,<NA>,0.0,0,4815,0,0,0,20:58:12.067,0.0,1,0,0.0,0,0,0,20:58:12.067,20:58:12.067
83,Manam,Manam SM Cebu,4816,0.0,0.0,51,0,103836,0,3,<NA>,20:58:12.067,2025-07-09,20:58:12.067,2025-07-09,True,False,3660.0,3660.0,540.53,-382.88,0,1,DINEIN1,1,False,0.0,0,False,20:58:12.067,2025-07-09,0.0,False,1,0.0,DINEIN1,0.0,0,0,-99.99,-10000000000,<NA>,0.0,0,4816,0,0,0,20:58:12.067,0.0,1,0,0.0,0,0,0,20:58:12.067,20:58:12.067
