branch_id,brand,branch,bill_no,fact_no,session_no,table,seat_no,waiter,people_no,pay_type,disc_type,open_time,date,bill_time,bill_date,printed,posted,total,received,taxes,auto_grat,login_ref,cash_draw,sale_type,sale_area,acc_posted,discount,dollardisc,taxable,prt_time,prt_date,disc_pct,hidden,tax_table,account_no,rev_center,phone,cust_id,phone_id,gratovrpct,gratovramt,note,sls_name,cash_back,trans_id,start_stn,settle_stn,waiter0,send_time,assg_time,tray_ref,notaxamt,retn_time,address_id,addr_mode,advconvert,ready_time,dlv_time
83,Manam,Manam SM Cebu,16643,0.0,0.0,0,0,100490,0,12,GRABPWD 60,10:23:22.183,2025-09-01,10:23:22.183,2025-09-01,True,False,398.0,398.0,36.21,0.0,0,1,GRABFOOD,1,False,60.0,0,False,10:23:22.183,2025-09-01,0.0,False,1,0.0,GRABFOOD,0.0,0,0,-99.99,-10000000000,<NA>,0.0,0,16643,0,0,0,10:23:22.183,0.0,1,0,0.0,0,0,0,10:23:22.183,10:23:22.183
83,Manam,Manam SM Cebu,16644,0.0,0.0,0,0,100490,0,12,<NA>,10:26:22.207,2025-09-01,10:26:22.207,2025-09-01,True,False,623.0,623.0,66.75,0.0,0,1,GRABFOOD,1,False,0.0,0,False,10:26:22.207,2025-09-01,0.0,False,1,0.0,GRABFOOD,0.0,0,0,-99.99,-10000000000,<NA>,0.0,0,16644,0,0,0,10:26:22.207,0.0,1,0,0.0,0,0,0,10:26:22.207,10:26:22.207
83,Manam,Manam SM Cebu,16645,0.0,0.0,0,0,100490,0,10,<NA>,10:32:15.273,2025-09-01,10:32:15.273,2025-09-01,True,False,738.0,738.0,79.07,0.0,0,1,FOODPANDA,1,False,0.0,0,False,10:32:15.273,2025-09-01,0.0,False,1,0.0,FOODPANDA,0.0,0,0,-99.99,-10000000000,<NA>,0.0,0,16645,0,0,0,10:32:15.273,0.0,1,0,0.0,0,0,0,10:32:15.273,10:32:15.273
83,Manam,Manam SM Cebu,16646,0.0,0.0,0,0,100490,0,12,<NA>,10:34:09.21,2025-09-01,10:34:09.21,2025-09-01,True,False,255.0,255.0,27.32,0.0,0,1,GRABFOOD,1,False,0.0,0,False,10:34:09.21,2025-09-01,0.0,False,1,0.0,GRABFOOD,0.0,0,0,-99.99,-10000000000,<NA>,0.0,0,16646,0,0,0,10:34:09.21,0.0,1,0,0.0,0,0,0,10:34:09.21,10:34:09.21
83,Manam,Manam SM Cebu,16647,0.0,0.0,0,0,100490,0,12,<NA>,10:49:46.137,2025-09-01,10:49:46.137,2025-09-01,True,False,791.0,791.0,113.46,0.0,0,1,GRABFOOD,1,False,0.0,0,False,10:49:46.137,2025-09-01,0.0,False,1,0.0,GRABFOOD,0.0,0,0,-99.99,-10000000000,<NA>,0.0,0,16647,0,0,0,10:49:46.137,0.0,1,0,0.0,0,0,0,10:49:46.137,10:49:46.137
83,Manam,Manam SM Cebu,16648,0.0,0.0,0,0,100490,0,1,<NA>,08:34:31.643,2025-09-01,08:34:31.643,2025-09-01,True,False,0.0,0.0,0.0,0.0,0,1,ZR-TRAINING,1,False,0.0,0,False,08:34:31.643,2025-09-01,0.0,False,1,0.0,ZR-TRAINING,0.0,0,0,-99.99,-10000000000,<NA>,0.0,0,16648,0,0,0,08:34:31.643,0.0,1,0,0.0,0,0,0,08:34:31.643,08:34:31.643
83,Manam,Manam SM Cebu,16649,0.0,0.0,20,0,100490,3,3,<NA>,10:22:30.607,2025-09-01,10:22:30.607,2025-09-01,True,False,1870.0,1870.0,210.54,-149.13,0,1,DINEIN1,1,False,0.0,0,False,10:22:30.607,2025-09-01,0.0,False,1,0.0,DINEIN1,0.0,0,0,-99.99,-10000000000,<NA>,0.0,0,16649,0,0,0,10:22:30.607,0.0,1,0,0.0,0,0,0,10:22:30.607,10:22:30.607
83,Manam,Manam SM Cebu,16650,0.0,0.0,0,0,100490,0,12,<NA>,11:06:22.903,2025-09-01,11:06:22.903,2025-09-01,True,False,968.0,968.0,103.71,0.0,0,1,GRABFOOD,1,False,0.0,0,False,11:06:22.903,2025-09-01,0.0,False,1,0.0,GRABFOOD,0.0,0,0,-99.99,-10000000000,<NA>,0.0,0,16650,0,0,0,11:06:22.903,0.0,1,0,0.0,0,0,0,11:06:22.903,11:06:22.903
83,Manam,Manam SM Cebu,16651,0.0,0.0,0,0,100490,0,12,<NA>,11:10:39.897,2025-09-01,11:10:39.897,2025-09-01,True,False,288.0,288.0,30.86,0.0,0,1,GRABFOOD,1,False,0.0,0,False,11:10:39.897,2025-09-01,0.0,False,1,0.0,GRABFOOD,0.0,0,0,-99.99,-10000000000,<NA>,0.0,0,16651,0,0,0,11:10:39.897,0.0,1,0,0.0,0,0,0,11:10:39.897,11:10:39.897
83,Manam,Manam SM Cebu,16652,0.0,0.0,22,0,100490,1,1,<NA>,10:48:13.277,2025-09-01,10:48:13.277,2025-09-01,True,False,290.18,290.18,0.0,-19.73,0,1,DINEIN1,1,False,58.04,0,False,10:48:13.277,2025-09-01,0.0,False,1,0.0,DINEIN1,0.0,0,0,-99.99,-10000000000,<NA>,0.0,0,16652,0,0,0,10:48:13.277,0.0,1,0,0.0,0,0,0,10:48:13.277,10:48:13.277
83,Manam,Manam SM Cebu,16653,0.0,0.0,0,0,100490,0,12,<NA>,11:16:21.997,2025-09-01,11:16:21.997,2025-09-01,True,False,478.0,478.0,51.21,0.0,0,1,GRABFOOD,1,False,0.0,0,False,11:16:21.997,2025-09-01,0.0,False,1,0.0,GRABFOOD,0.0,0,0,-99.99,-10000000000,<NA>,0.0,0,16653,0,0,0,11:16:21.997,0.0,1,0,0.0,0,0,0,11:16:21.997,11:16:21.997
83,Manam,Manam SM Cebu,16654,0.0,0.0,0,0,100490,0,12,GRABPWD 60,11:21:46.33,2025-09-01,11:21:46.33,2025-09-01,True,False,288.0,288.0,24.43,0.0,0,1,GRABFOOD,1,False,60.0,0,False,11:21:46.33,2025-09-01,0.0,False,1,0.0,GRABFOOD,0.0,0,0,-99.99,-10000000000,<NA>,0.0,0,16654,0,0,0,11:21:46.33,0.0,1,0,0.0,0,0,0,11:21:46.33,11:21:46.33
83,Manam,Manam SM Cebu,16655,0.0,0.0,28,0,100490,2,3,<NA>,10:44:51.633,2025-09-01,10:44:51.633,2025-09-01,True,False,890.0,890.0,95.35,-67.54,0,1,DINEIN1,1,False,0.0,0,False,10:44:51.633,2025-09-01,0.0,False,1,0.0,DINEIN1,0.0,0,0,-99.99,-10000000000,<NA>,0.0,0,16655,0,0,0,10:44:51.633,0.0,1,0,0.0,0,0,0,10:44:51.633,10:44:51.633
83,Manam,Manam SM Cebu,16656,0.0,0.0,25,0,100490,1,3,<NA>,10:33:32.4,2025-09-01,10:33:32.4,2025-09-01,True,False,720.0,720.0,77.14,-54.64,0,1,DINEIN1,1,False,0.0,0,False,10:33:32.4,2025-09-01,0.0,False,1,0.0,DINEIN1,0.0,0,0,-99.99,-10000000000,<NA>,0.0,0,16656,0,0,0,10:33:32.4,0.0,1,0,0.0,0,0,0,10:33:32.4,10:33:32.4
83,Manam,Manam SM Cebu,16657,0.0,0.0,0,0,100490,0,12,<NA>,11:31:28.043,2025-09-01,11:31:28.043,2025-09-01,True,False,393.0,393.0,42.11,0.0,0,1,GRABFOOD,1,False,0.0,0,False,11:31:28.043,2025-09-01,0.0,False,1,0.0,GRABFOOD,0.0,0,0,-99.99,-10000000000,<NA>,0.0,0,16657,0,0,0,11:31:28.043,0.0,1,0,0.0,0,0,0,11:31:28.043,11:31:28.043
83,Manam,Manam SM Cebu,16658,0.0,0.0,0,0,100490,0,12,<NA>,11:36:25.807,2025-09-01,11:36:25.807,2025-09-01,True,False,593.0,593.0,152.89,0.0,0,1,GRABFOOD,1,False,0.0,0,False,11:36:25.807,2025-09-01,0.0,False,1,0.0,GRABFOOD,0.0,0,0,-99.99,-10000000000,<NA>,0.0,0,16658,0,0,0,11:36:25.807,0.0,1,0,0.0,0,0,0,11:36:25.807,11:36:25.807
83,Manam,Manam SM Cebu,16659,0.0,0.0,0,0,100490,0,12,<NA>,11:37:44.113,2025-09-01,11:37:44.113,2025-09-01,True,False,820.0,820.0,87.86,0.0,0,1,GRABFOOD,1,False,0.0,0,False,11:37:44.113,2025-09-01,0.0,False,1,0.0,GRABFOOD,0.0,0,0,-99.99,-10000000000,<NA>,0.0,0,16659,0,0,0,11:37:44.113,0.0,1,0,0.0,0,0,0,11:37:44.113,11:37:44.113
83,Manam,Manam SM Cebu,16660,0.0,0.0,0,0,100490,0,12,<NA>,11:44:31.063,2025-09-01,11:44:31.063,2025-09-01,True,False,315.0,315.0,33.75,0.0,0,1,GRABFOOD,1,False,0.0,0,False,11:44:31.063,2025-09-01,0.0,False,1,0.0,GRABFOOD,0.0,0,0,-99.99,-10000000000,<NA>,0.0,0,16660,0,0,0,11:44:31.063,0.0,1,0,0.0,0,0,0,11:44:31.063,11:44:31.063
83,Manam,Manam SM Cebu,16661,0.0,0.0,23,0,100490,2,3,<NA>,10:55:51.5,2025-09-01,10:55:51.5,2025-09-01,True,False,1570.0,1570.0,177.31,-125.6,0,1,DINEIN1,1,False,0.0,0,False,10:55:51.5,2025-09-01,0.0,False,1,0.0,DINEIN1,0.0,0,0,-99.99,-10000000000,<NA>,0.0,0,16661,0,0,0,10:55:51.5,0.0,1,0,0.0,0,0,0,10:55:51.5,10:55:51.5
83,Manam,Manam SM Cebu,16662,0.0,0.0,0,0,100490,0,10,<NA>,11:46:38.903,2025-09-01,11:46:38.903,2025-09-01,True,False,268.0,268.0,57.43,0.0,0,1,FOODPANDA,1,False,0.0,0,False,11:46:38.903,2025-09-01,0.0,False,1,0.0,FOODPANDA,0.0,0,0,-99.99,-10000000000,<NA>,0.0,0,16662,0,0,0,11:46:38.903,0.0,1,0,0.0,0,0,0,11:46:38.903,11:46:38.903
83,Manam,Manam SM Cebu,16663,0.0,0.0,0,0,100490,0,12,<NA>,11:49:24.007,2025-09-01,11:49:24.007,2025-09-01,True,False,713.0,713.0,76.39,0.0,0,1,GRABFOOD,1,False,0.0,0,False,11:49:24.007,2025-09-01,0.0,False,1,0.0,GRABFOOD,0.0,0,0,-99.99,-10000000000,<NA>,0.0,0,16663,0,0,0,11:49:24.007,0.0,1,0,0.0,0,0,0,11:49:24.007,11:49:24.007
83,Manam,Manam SM Cebu,16664,0.0,0.0,31,0,100490,4,1,<NA>,11:04:24.52,2025-09-01,11:04:24.52,2025-09-01,True,False,2216.34,2216.34,64.55,-155.47,0,1,DINEIN1,1,False,322.77,0,False,11:04:24.52,2025-09-01,0.0,False,1,0.0,DINEIN1,0.0,0,0,-99.99,-10000000000,<NA>,0.0,0,16664,0,0,0,11:04:24.52,0.0,1,0,0.0,0,0,0,11:04:24.52,11:04:24.52
83,Manam,Manam SM Cebu,16665,0.0,0.0,0,0,108006,0,1,<NA>,11:48:12.283,2025-09-01,11:48:12.283,2025-09-01,True,False,120.0,120.0,25.71,0.0,0,1,TAKEOUT,1,False,0.0,0,False,11:48:12.283,2025-09-01,0.0,False,1,0.0,TAKEOUT,0.0,0,0,-99.99,-10000000000,<NA>,0.0,0,16665,0,0,0,11:48:12.283,0.0,1,0,0.0,0,0,0,11:48:12.283,11:48:12.283
83,Manam,Manam SM Cebu,16666,0.0,0.0,0,0,100490,0,12,<NA>,11:53:37.85,2025-09-01,11:53:37.85,2025-09-01,True,False,493.0,493.0,52.82,0.0,0,1,GRABFOOD,1,False,0.0,0,False,11:53:37.85,2025-09-01,0.0,False,1,0.0,GRABFOOD,0.0,0,0,-99.99,-10000000000,<NA>,0.0,0,16666,0,0,0,11:53:37.85,0.0,1,0,0.0,0,0,0,11:53:37.85,11:53:37.85
83,Manam,Manam SM Cebu,16667,0.0,0.0,0,0,100490,0,12,<NA>,11:55:04.953,2025-09-01,11:55:04.953,2025-09-01,True,False,1529.0,1529.0,278.68,0.0,0,1,GRABFOOD,1,False,0.0,0,False,11:55:04.953,2025-09-01,0.0,False,1,0.0,GRABFOOD,0.0,0,0,-99.99,-10000000000,<NA>,0.0,0,16667,0,0,0,11:55:04.953,0.0,1,0,0.0,0,0,0,11:55:04.953,11:55:04.953
83,Manam,Manam SM Cebu,16668,0.0,0.0,0,0,108006,0,1,<NA>,11:53:17.663,2025-09-01,11:53:17.663,2025-09-01,True,False,120.0,120.0,12.86,0.0,0,1,TAKEOUT,1,False,0.0,0,False,11:53:17.663,2025-09-01,0.0,False,1,0.0,TAKEOUT,0.0,0,0,-99.99,-10000000000,<NA>,0.0,0,16668,0,0,0,11:53:17.663,0.0,1,0,0.0,0,0,0,11:53:17.663,11:53:17.663
83,Manam,Manam SM Cebu,16669,0.0,0.0,4,0,100490,5,1,<NA>,11:10:42.163,2025-09-01,11:10:42.163,2025-09-01,True,False,2875.43,2875.43,67.39285714285714,-200.5,0,1,DINEIN1,1,False,449.28,0,False,11:10:42.163,2025-09-01,0.0,False,1,0.0,DINEIN1,0.0,0,0,-99.99,-10000000000,<NA>,0.0,0,16669,0,0,0,11:10:42.163,0.0,1,0,0.0,0,0,0,11:10:42.163,11:10:42.163
83,Manam,Manam SM Cebu,16670,0.0,0.0,20,0,100490,2,1,<NA>,11:24:19.637,2025-09-01,11:24:19.637,2025-09-01,True,False,1580.53,1580.53,89.46285714285713,-114.07,0,1,DINEIN1,1,False,149.11,0,False,11:24:19.637,2025-09-01,0.0,False,1,0.0,DINEIN1,0.0,0,0,-99.99,-10000000000,<NA>,0.0,0,16670,0,0,0,11:24:19.637,0.0,1,0,0.0,0,0,0,11:24:19.637,11:24:19.637
83,Manam,Manam SM Cebu,16671,0.0,0.0,0,0,100490,0,12,<NA>,12:07:24.1,2025-09-01,12:07:24.1,2025-09-01,True,False,570.0,570.0,61.07,0.0,0,1,GRABFOOD,1,False,0.0,0,False,12:07:24.1,2025-09-01,0.0,False,1,0.0,GRABFOOD,0.0,0,0,-99.99,-10000000000,<NA>,0.0,0,16671,0,0,0,12:07:24.1,0.0,1,0,0.0,0,0,0,12:07:24.1,12:07:24.1
83,Manam,Manam SM Cebu,16672,0.0,0.0,0,0,100490,0,12,<NA>,11:33:00.253,2025-09-01,11:33:00.253,2025-09-01,True,False,255.0,255.0,27.32,0.0,0,1,GRABFOOD,1,False,0.0,0,False,11:33:00.253,2025-09-01,0.0,False,1,0.0,GRABFOOD,0.0,0,0,-99.99,-10000000000,<NA>,0.0,0,16672,0,0,0,11:33:00.253,0.0,1,0,0.0,0,0,0,11:33:00.253,11:33:00.253
83,Manam,Manam SM Cebu,16674,0.0,0.0,44,0,100490,3,3,<NA>,11:26:56.98,2025-09-01,11:26:56.98,2025-09-01,True,False,1100.0,1100.0,120.0,-85.0,0,1,DINEIN1,1,False,0.0,0,False,11:26:56.98,2025-09-01,0.0,False,1,0.0,DINEIN1,0.0,0,0,-99.99,-10000000000,<NA>,0.0,0,16674,0,0,0,11:26:56.98,0.0,1,0,0.0,0,0,0,11:26:56.98,11:26:56.98
83,Manam,Manam SM Cebu,16675,0.0,0.0,0,0,100490,0,12,<NA>,12:21:52.35,2025-09-01,12:21:52.35,2025-09-01,True,False,525.0,525.0,56.25,0.0,0,1,GRABFOOD,1,False,0.0,0,False,12:21:52.35,2025-09-01,0.0,False,1,0.0,GRABFOOD,0.0,0,0,-99.99,-10000000000,<NA>,0.0,0,16675,0,0,0,12:21:52.35,0.0,1,0,0.0,0,0,0,12:21:52.35,12:21:52.35
83,Manam,Manam SM Cebu,16676,0.0,0.0,45,0,100490,1,3,<NA>,11:45:24.557,2025-09-01,11:45:24.557,2025-09-01,True,False,425.0,425.0,45.53,-32.25,0,1,DINEIN1,1,False,0.0,0,False,11:45:24.557,2025-09-01,0.0,False,1,0.0,DINEIN1,0.0,0,0,-99.99,-10000000000,<NA>,0.0,0,16676,0,0,0,11:45:24.557,0.0,1,0,0.0,0,0,0,11:45:24.557,11:45:24.557
83,Manam,Manam SM Cebu,16677,0.0,0.0,21,0,100490,3,1,<NA>,11:34:48.157,2025-09-01,11:34:48.157,2025-09-01,True,False,1312.5,1312.5,0.0,-99.87,0,1,DINEIN1,1,False,293.76,0,False,11:34:48.157,2025-09-01,0.0,False,1,0.0,DINEIN1,0.0,0,0,-99.99,-10000000000,<NA>,0.0,0,16677,0,0,0,11:34:48.157,0.0,1,0,0.0,0,0,0,11:34:48.157,11:34:48.157
83,Manam,Manam SM Cebu,16678,0.0,0.0,0,0,100490,0,12,<NA>,12:30:34.92,2025-09-01,12:30:34.92,2025-09-01,True,False,318.0,318.0,34.07,0.0,0,1,GRABFOOD,1,False,0.0,0,False,12:30:34.92,2025-09-01,0.0,False,1,0.0,GRABFOOD,0.0,0,0,-99.99,-10000000000,<NA>,0.0,0,16678,0,0,0,12:30:34.92,0.0,1,0,0.0,0,0,0,12:30:34.92,12:30:34.92
83,Manam,Manam SM Cebu,16679,0.0,0.0,15,0,100490,2,3,<NA>,11:58:16.023,2025-09-01,11:58:16.023,2025-09-01,True,False,730.0,730.0,78.21,-55.4,0,1,DINEIN1,1,False,0.0,0,False,11:58:16.023,2025-09-01,0.0,False,1,0.0,DINEIN1,0.0,0,0,-99.99,-10000000000,<NA>,0.0,0,16679,0,0,0,11:58:16.023,0.0,1,0,0.0,0,0,0,11:58:16.023,11:58:16.023
83,Manam,Manam SM Cebu,16680,0.0,0.0,41,0,100490,3,3,<NA>,11:20:12.91,2025-09-01,11:20:12.91,2025-09-01,True,False,1430.0,1430.0,153.22,-108.53,0,1,DINEIN1,1,False,0.0,0,False,11:20:12.91,2025-09-01,0.0,False,1,0.0,DINEIN1,0.0,0,0,-99.99,-10000000000,<NA>,0.0,0,16680,0,0,0,11:20:12.91,0.0,1,0,0.0,0,0,0,11:20:12.91,11:20:12.91
83,Manam,Manam SM Cebu,16681,0.0,0.0,7,0,100490,2,3,<NA>,11:57:05.687,2025-09-01,11:57:05.687,2025-09-01,True,False,1200.0,1200.0,128.58,-91.07,0,1,DINEIN1,1,False,0.0,0,False,11:57:05.687,2025-09-01,0.0,False,1,0.0,DINEIN1,0.0,0,0,-99.99,-10000000000,<NA>,0.0,0,16681,0,0,0,11:57:05.687,0.0,1,0,0.0,0,0,0,11:57:05.687,11:57:05.687
83,Manam,Manam SM Cebu,16682,0.0,0.0,10,0,100490,2,3,<NA>,12:00:32.403,2025-09-01,12:00:32.403,2025-09-01,True,False,1615.0,1615.0,173.04,-122.57,0,1,DINEIN1,1,False,0.0,0,False,12:00:32.403,2025-09-01,0.0,False,1,0.0,DINEIN1,0.0,0,0,-99.99,-10000000000,<NA>,0.0,0,16682,0,0,0,12:00:32.403,0.0,1,0,0.0,0,0,0,12:00:32.403,12:00:32.403
83,Manam,Manam SM Cebu,16683,0.0,0.0,0,0,100490,0,12,GRABPWD 60,12:28:41.28,2025-09-01,12:28:41.28,2025-09-01,True,False,1085.0,1085.0,109.81,0.0,0,1,GRABFOOD,1,False,60.0,0,False,12:28:41.28,2025-09-01,0.0,False,1,0.0,GRABFOOD,0.0,0,0,-99.99,-10000000000,<NA>,0.0,0,16683,0,0,0,12:28:41.28,0.0,1,0,0.0,0,0,0,12:28:41.28,12:28:41.28
83,Manam,Manam SM Cebu,16684,0.0,0.0,0,0,100490,0,1,<NA>,12:00:39.56,2025-09-01,12:00:39.56,2025-09-01,True,False,305.0,305.0,32.68,0.0,0,1,TAKEOUT,1,False,0.0,0,False,12:00:39.56,2025-09-01,0.0,False,1,0.0,TAKEOUT,0.0,0,0,-99.99,-10000000000,<NA>,0.0,0,16684,0,0,0,12:00:39.56,0.0,1,0,0.0,0,0,0,12:00:39.56,12:00:39.56
83,Manam,Manam SM Cebu,16685,0.0,0.0,0,0,100490,0,12,<NA>,12:48:57.903,2025-09-01,12:48:57.903,2025-09-01,True,False,268.0,268.0,28.71,0.0,0,1,GRABFOOD,1,False,0.0,0,False,12:48:57.903,2025-09-01,0.0,False,1,0.0,GRABFOOD,0.0,0,0,-99.99,-10000000000,<NA>,0.0,0,16685,0,0,0,12:48:57.903,0.0,1,0,0.0,0,0,0,12:48:57.903,12:48:57.903
83,Manam,Manam SM Cebu,16687,0.0,0.0,50,0,100490,5,1,<NA>,12:11:12.59,2025-09-01,12:11:12.59,2025-09-01,True,False,1612.46,1612.46,170.13714285714283,-144.62,0,1,DINEIN1,1,False,70.89,0,False,12:11:12.59,2025-09-01,0.0,False,1,0.0,DINEIN1,0.0,0,0,-99.99,-10000000000,<NA>,0.0,0,16687,0,0,0,12:11:12.59,0.0,1,0,0.0,0,0,0,12:11:12.59,12:11:12.59
83,Manam,Manam SM Cebu,16688,0.0,0.0,0,0,100490,0,12,<NA>,12:53:02.48,2025-09-01,12:53:02.48,2025-09-01,True,False,498.0,498.0,53.36,0.0,0,1,GRABFOOD,1,False,0.0,0,False,12:53:02.48,2025-09-01,0.0,False,1,0.0,GRABFOOD,0.0,0,0,-99.99,-10000000000,<NA>,0.0,0,16688,0,0,0,12:53:02.48,0.0,1,0,0.0,0,0,0,12:53:02.48,12:53:02.48
83,Manam,Manam SM Cebu,16689,0.0,0.0,23,0,100490,2,1,<NA>,11:59:02.14,2025-09-01,11:59:02.14,2025-09-01,True,False,1490.0,1490.0,159.64,-113.08,0,1,DINEIN1,1,False,0.0,0,False,11:59:02.14,2025-09-01,0.0,False,1,0.0,DINEIN1,0.0,0,0,-99.99,-10000000000,<NA>,0.0,0,16689,0,0,0,11:59:02.14,0.0,1,0,0.0,0,0,0,11:59:02.14,11:59:02.14
83,Manam,Manam SM Cebu,16690,0.0,0.0,34,0,100490,4,3,<NA>,11:34:04.203,2025-09-01,11:34:04.203,2025-09-01,True,False,3030.0,3030.0,324.63,-229.96,0,1,DINEIN1,1,False,0.0,0,False,11:34:04.203,2025-09-01,0.0,False,1,0.0,DINEIN1,0.0,0,0,-99.99,-10000000000,<NA>,0.0,0,16690,0,0,0,11:34:04.203,0.0,1,0,0.0,0,0,0,11:34:04.203,11:34:04.203
83,Manam,Manam SM Cebu,16691,0.0,0.0,28,0,100490,5,3,10% LOYAL,11:37:37.393,2025-09-01,11:37:37.393,2025-09-01,True,False,3990.0,3990.0,411.76,-291.66,0,1,DINEIN1,1,False,427.0,0,False,11:37:37.393,2025-09-01,0.0,False,1,0.0,DINEIN1,0.0,0,0,-99.99,-10000000000,10469163,0.0,0,16691,0,0,0,11:37:37.393,0.0,1,0,0.0,0,0,0,11:37:37.393,11:37:37.393
83,Manam,Manam SM Cebu,16692,0.0,0.0,43,0,100490,2,3,<NA>,12:13:25.54,2025-09-01,12:13:25.54,2025-09-01,True,False,830.0,830.0,88.93,-62.99,0,1,DINEIN1,1,False,0.0,0,False,12:13:25.54,2025-09-01,0.0,False,1,0.0,DINEIN1,0.0,0,0,-99.99,-10000000000,<NA>,0.0,0,16692,0,0,0,12:13:25.54,0.0,1,0,0.0,0,0,0,12:13:25.54,12:13:25.54
83,Manam,Manam SM Cebu,16693,0.0,0.0,33,0,100490,1,3,<NA>,11:54:08.303,2025-09-01,11:54:08.303,2025-09-01,True,False,965.0,965.0,103.4,-73.24,0,1,DINEIN1,1,False,0.0,0,False,11:54:08.303,2025-09-01,0.0,False,1,0.0,DINEIN1,0.0,0,0,-99.99,-10000000000,<NA>,0.0,0,16693,0,0,0,11:54:08.303,0.0,1,0,0.0,0,0,0,11:54:08.303,11:54:08.303
83,Manam,Manam SM Cebu,16694,0.0,0.0,40,0,100490,2,3,<NA>,12:12:27.527,2025-09-01,12:12:27.527,2025-09-01,True,False,940.0,940.0,100.71,-71.34,0,1,DINEIN1,1,False,0.0,0,False,12:12:27.527,2025-09-01,0.0,False,1,0.0,DINEIN1,0.0,0,0,-99.99,-10000000000,<NA>,0.0,0,16694,0,0,0,12:12:27.527,0.0,1,0,0.0,0,0,0,12:12:27.527,12:12:27.527
83,Manam,Manam SM Cebu,16695,0.0,0.0,9,0,100490,4,3,<NA>,12:07:34.25,2025-09-01,12:07:34.25,2025-09-01,True,False,3345.0,3345.0,385.72,-273.21,0,1,DINEIN1,1,False,0.0,0,False,12:07:34.25,2025-09-01,0.0,False,1,0.0,DINEIN1,0.0,0,0,-99.99,-10000000000,<NA>,0.0,0,16695,0,0,0,12:07:34.25,0.0,1,0,0.0,0,0,0,12:07:34.25,12:07:34.25
83,Manam,Manam SM Cebu,16696,0.0,0.0,30,0,100490,2,3,<NA>,12:17:25.747,2025-09-01,12:17:25.747,2025-09-01,True,False,1105.0,1105.0,118.39,-83.86,0,1,DINEIN1,1,False,0.0,0,False,12:17:25.747,2025-09-01,0.0,False,1,0.0,DINEIN1,0.0,0,0,-99.99,-10000000000,<NA>,0.0,0,16696,0,0,0,12:17:25.747,0.0,1,0,0.0,0,0,0,12:17:25.747,12:17:25.747
83,Manam,Manam SM Cebu,16697,0.0,0.0,52,0,100490,3,1,<NA>,06:15:39.327,2025-09-01,06:15:39.327,2025-09-01,True,False,2501.9700000000003,2501.9700000000003,197.34,-194.43,0,1,DINEIN1,1,False,163.4,0,False,06:15:39.327,2025-09-01,0.0,False,1,0.0,DINEIN1,0.0,0,0,-99.99,-10000000000,<NA>,0.0,0,16697,0,0,0,06:15:39.327,0.0,1,0,0.0,0,0,0,06:15:39.327,06:15:39.327
83,Manam,Manam SM Cebu,16698,0.0,0.0,0,0,100490,0,12,<NA>,13:09:43.097,2025-09-01,13:09:43.097,2025-09-01,True,False,268.0,268.0,28.71,0.0,0,1,GRABFOOD,1,False,0.0,0,False,13:09:43.097,2025-09-01,0.0,False,1,0.0,GRABFOOD,0.0,0,0,-99.99,-10000000000,<NA>,0.0,0,16698,0,0,0,13:09:43.097,0.0,1,0,0.0,0,0,0,13:09:43.097,13:09:43.097
83,Manam,Manam SM Cebu,16699,0.0,0.0,12,0,100490,2,3,<NA>,12:36:57.603,2025-09-01,12:36:57.603,2025-09-01,True,False,1255.0,1255.0,134.46,-95.25,0,1,DINEIN1,1,False,0.0,0,False,12:36:57.603,2025-09-01,0.0,False,1,0.0,DINEIN1,0.0,0,0,-99.99,-10000000000,<NA>,0.0,0,16699,0,0,0,12:36:57.603,0.0,1,0,0.0,0,0,0,12:36:57.603,12:36:57.603
83,Manam,Manam SM Cebu,16700,0.0,0.0,25,0,100490,2,3,<NA>,12:12:37.11,2025-09-01,12:12:37.11,2025-09-01,True,False,1855.0,1855.0,105.00142857142856,-133.87,0,1,DINEIN1,1,False,174.99,0,False,12:12:37.11,2025-09-01,0.0,False,1,0.0,DINEIN1,0.0,0,0,-99.99,-10000000000,<NA>,0.0,0,16700,0,0,0,12:12:37.11,0.0,1,0,0.0,0,0,0,12:12:37.11,12:12:37.11
83,Manam,Manam SM Cebu,16701,0.0,0.0,11,0,100490,2,1,<NA>,12:21:04.717,2025-09-01,12:21:04.717,2025-09-01,True,False,1004.4599999999999,1004.4599999999999,0.0,-68.3,0,1,DINEIN1,1,False,200.9,0,False,12:21:04.717,2025-09-01,0.0,False,1,0.0,DINEIN1,0.0,0,0,-99.99,-10000000000,<NA>,0.0,0,16701,0,0,0,12:21:04.717,0.0,1,0,0.0,0,0,0,12:21:04.717,12:21:04.717
83,Manam,Manam SM Cebu,16702,0.0,0.0,32,0,100490,2,1,<NA>,12:16:39.113,2025-09-01,12:16:39.113,2025-09-01,True,False,1102.5900000000001,1102.5900000000001,62.41285714285714,-79.58,0,1,DINEIN1,1,False,104.01,0,False,12:16:39.113,2025-09-01,0.0,False,1,0.0,DINEIN1,0.0,0,0,-99.99,-10000000000,<NA>,0.0,0,16702,0,0,0,12:16:39.113,0.0,1,0,0.0,0,0,0,12:16:39.113,12:16:39.113
83,Manam,Manam SM Cebu,16703,0.0,0.0,45,0,100490,3,1,<NA>,12:28:45.407,2025-09-01,12:28:45.407,2025-09-01,True,False,2075.0,2075.0,222.32,-157.48,0,1,DINEIN1,1,False,0.0,0,False,12:28:45.407,2025-09-01,0.0,False,1,0.0,DINEIN1,0.0,0,0,-99.99,-10000000000,<NA>,0.0,0,16703,0,0,0,12:28:45.407,0.0,1,0,0.0,0,0,0,12:28:45.407,12:28:45.407
83,Manam,Manam SM Cebu,16704,0.0,0.0,20,0,100490,2,1,<NA>,12:19:33.713,2025-09-01,12:19:33.713,2025-09-01,True,False,1525.0,1525.0,163.39,-115.74,0,1,DINEIN1,1,False,0.0,0,False,12:19:33.713,2025-09-01,0.0,False,1,0.0,DINEIN1,0.0,0,0,-99.99,-10000000000,<NA>,0.0,0,16704,0,0,0,12:19:33.713,0.0,1,0,0.0,0,0,0,12:19:33.713,12:19:33.713
83,Manam,Manam SM Cebu,16705,0.0,0.0,21,0,100490,3,1,<NA>,12:46:51.06,2025-09-01,12:46:51.06,2025-09-01,True,False,1140.0,1140.0,122.15,-86.52,0,1,DINEIN1,1,False,0.0,0,False,12:46:51.06,2025-09-01,0.0,False,1,0.0,DINEIN1,0.0,0,0,-99.99,-10000000000,<NA>,0.0,0,16705,0,0,0,12:46:51.06,0.0,1,0,0.0,0,0,0,12:46:51.06,12:46:51.06
83,Manam,Manam SM Cebu,16706,0.0,0.0,44,0,100490,3,1,<NA>,12:24:08.427,2025-09-01,12:24:08.427,2025-09-01,True,False,1295.3600000000001,1295.3600000000001,49.82714285714285,-91.75,0,1,DINEIN1,1,False,166.08,0,False,12:24:08.427,2025-09-01,0.0,False,1,0.0,DINEIN1,0.0,0,0,-99.99,-10000000000,<NA>,0.0,0,16706,0,0,0,12:24:08.427,0.0,1,0,0.0,0,0,0,12:24:08.427,12:24:08.427
83,Manam,Manam SM Cebu,16708,0.0,0.0,19,0,100490,9,1,<NA>,11:39:08.82,2025-09-01,11:39:08.82,2025-09-01,True,False,3260.0,3260.0,571.61,-404.89,0,1,DINEIN1,1,False,0.0,0,False,11:39:08.82,2025-09-01,0.0,False,1,0.0,DINEIN1,0.0,0,0,-99.99,-10000000000,<NA>,0.0,0,16708,0,0,0,11:39:08.82,0.0,1,0,0.0,0,0,0,11:39:08.82,11:39:08.82
83,Manam,Manam SM Cebu,16709,0.0,0.0,1,0,100490,13,3,<NA>,12:14:57.647,2025-09-01,12:14:57.647,2025-09-01,True,False,5455.0,5455.0,1152.86,-816.61,0,1,DINEIN1,1,False,0.0,0,False,12:14:57.647,2025-09-01,0.0,False,1,0.0,DINEIN1,0.0,0,0,-99.99,-10000000000,<NA>,0.0,0,16709,0,0,0,12:14:57.647,0.0,1,0,0.0,0,0,0,12:14:57.647,12:14:57.647
83,Manam,Manam SM Cebu,16710,0.0,0.0,10,0,100490,3,3,<NA>,12:50:23.447,2025-09-01,12:50:23.447,2025-09-01,True,False,1560.0,1560.0,167.15,-118.39,0,1,DINEIN1,1,False,0.0,0,False,12:50:23.447,2025-09-01,0.0,False,1,0.0,DINEIN1,0.0,0,0,-99.99,-10000000000,<NA>,0.0,0,16710,0,0,0,12:50:23.447,0.0,1,0,0.0,0,0,0,12:50:23.447,12:50:23.447
83,Manam,Manam SM Cebu,16711,0.0,0.0,0,0,105539,0,12,<NA>,13:35:14.34,2025-09-01,13:35:14.34,2025-09-01,True,False,1400.0,1400.0,162.85,0.0,0,1,GRABFOOD,1,False,0.0,0,False,13:35:14.34,2025-09-01,0.0,False,1,0.0,GRABFOOD,0.0,0,0,-99.99,-10000000000,<NA>,0.0,0,16711,0,0,0,13:35:14.34,0.0,1,0,0.0,0,0,0,13:35:14.34,13:35:14.34
83,Manam,Manam SM Cebu,16712,0.0,0.0,0,0,105539,0,12,<NA>,13:36:16.487,2025-09-01,13:36:16.487,2025-09-01,True,False,398.0,398.0,42.64,0.0,0,1,GRABFOOD,1,False,0.0,0,False,13:36:16.487,2025-09-01,0.0,False,1,0.0,GRABFOOD,0.0,0,0,-99.99,-10000000000,<NA>,0.0,0,16712,0,0,0,13:36:16.487,0.0,1,0,0.0,0,0,0,13:36:16.487,13:36:16.487
83,Manam,Manam SM Cebu,16713,0.0,0.0,14,0,105539,2,3,<NA>,12:40:26.15,2025-09-01,12:40:26.15,2025-09-01,True,False,2124.73,2124.73,120.27142857142856,-153.34,0,1,DINEIN1,1,False,200.45,0,False,12:40:26.15,2025-09-01,0.0,False,1,0.0,DINEIN1,0.0,0,0,-99.99,-10000000000,<NA>,0.0,0,16713,0,0,0,12:40:26.15,0.0,1,0,0.0,0,0,0,12:40:26.15,12:40:26.15
83,Manam,Manam SM Cebu,16714,0.0,0.0,40,0,105539,2,3,<NA>,13:13:33.39,2025-09-01,13:13:33.39,2025-09-01,True,False,995.0,995.0,106.61,-75.51,0,1,DINEIN1,1,False,0.0,0,False,13:13:33.39,2025-09-01,0.0,False,1,0.0,DINEIN1,0.0,0,0,-99.99,-10000000000,<NA>,0.0,0,16714,0,0,0,13:13:33.39,0.0,1,0,0.0,0,0,0,13:13:33.39,13:13:33.39
83,Manam,Manam SM Cebu,16715,0.0,0.0,23,0,105539,3,3,<NA>,12:54:45.097,2025-09-01,12:54:45.097,2025-09-01,True,False,2442.14,2442.14,93.92428571428573,-172.98,0,1,DINEIN1,1,False,313.09,0,False,12:54:45.097,2025-09-01,0.0,False,1,0.0,DINEIN1,0.0,0,0,-99.99,-10000000000,<NA>,0.0,0,16715,0,0,0,12:54:45.097,0.0,1,0,0.0,0,0,0,12:54:45.097,12:54:45.097
83,Manam,Manam SM Cebu,16716,0.0,0.0,42,0,105539,3,3,<NA>,13:09:38.477,2025-09-01,13:09:38.477,2025-09-01,True,False,1508.93,1508.93,58.03,-106.88,0,1,DINEIN1,1,False,193.45,0,False,13:09:38.477,2025-09-01,0.0,False,1,0.0,DINEIN1,0.0,0,0,-99.99,-10000000000,<NA>,0.0,0,16716,0,0,0,13:09:38.477,0.0,1,0,0.0,0,0,0,13:09:38.477,13:09:38.477
83,Manam,Manam SM Cebu,16717,0.0,0.0,28,0,105539,2,1,<NA>,13:08:27.303,2025-09-01,13:08:27.303,2025-09-01,True,False,1215.0,1215.0,130.17,-92.21,0,1,DINEIN1,1,False,0.0,0,False,13:08:27.303,2025-09-01,0.0,False,1,0.0,DINEIN1,0.0,0,0,-99.99,-10000000000,<NA>,0.0,0,16717,0,0,0,13:08:27.303,0.0,1,0,0.0,0,0,0,13:08:27.303,13:08:27.303
83,Manam,Manam SM Cebu,16718,0.0,0.0,27,0,105539,2,3,<NA>,13:05:33.777,2025-09-01,13:05:33.777,2025-09-01,True,False,1375.0,1375.0,147.33,-104.35,0,1,DINEIN1,1,False,0.0,0,False,13:05:33.777,2025-09-01,0.0,False,1,0.0,DINEIN1,0.0,0,0,-99.99,-10000000000,<NA>,0.0,0,16718,0,0,0,13:05:33.777,0.0,1,0,0.0,0,0,0,13:05:33.777,13:05:33.777
83,Manam,Manam SM Cebu,16719,0.0,0.0,30,0,105539,3,1,<NA>,13:25:09.637,2025-09-01,13:25:09.637,2025-09-01,True,False,1525.0,1525.0,163.39,-115.74,0,1,DINEIN1,1,False,0.0,0,False,13:25:09.637,2025-09-01,0.0,False,1,0.0,DINEIN1,0.0,0,0,-99.99,-10000000000,<NA>,0.0,0,16719,0,0,0,13:25:09.637,0.0,1,0,0.0,0,0,0,13:25:09.637,13:25:09.637
83,Manam,Manam SM Cebu,16720,0.0,0.0,14,0,105539,2,3,<NA>,13:47:56.733,2025-09-01,13:47:56.733,2025-09-01,True,False,605.0,605.0,73.93,-52.37,0,1,DINEIN1,1,False,0.0,0,False,13:47:56.733,2025-09-01,0.0,False,1,0.0,DINEIN1,0.0,0,0,-99.99,-10000000000,<NA>,0.0,0,16720,0,0,0,13:47:56.733,0.0,1,0,0.0,0,0,0,13:47:56.733,13:47:56.733
83,Manam,Manam SM Cebu,16721,0.0,0.0,35,0,105539,3,3,<NA>,13:22:41.317,2025-09-01,13:22:41.317,2025-09-01,True,False,1740.0,1740.0,228.74,-162.03,0,1,DINEIN1,1,False,0.0,0,False,13:22:41.317,2025-09-01,0.0,False,1,0.0,DINEIN1,0.0,0,0,-99.99,-10000000000,<NA>,0.0,0,16721,0,0,0,13:22:41.317,0.0,1,0,0.0,0,0,0,13:22:41.317,13:22:41.317
83,Manam,Manam SM Cebu,16722,0.0,0.0,1,0,105539,1,3,<NA>,13:57:47.377,2025-09-01,13:57:47.377,2025-09-01,True,False,420.0,420.0,45.0,-31.88,0,1,DINEIN1,1,False,0.0,0,False,13:57:47.377,2025-09-01,0.0,False,1,0.0,DINEIN1,0.0,0,0,-99.99,-10000000000,<NA>,0.0,0,16722,0,0,0,13:57:47.377,0.0,1,0,0.0,0,0,0,13:57:47.377,13:57:47.377
83,Manam,Manam SM Cebu,16723,0.0,0.0,43,0,105539,1,3,<NA>,13:11:01.847,2025-09-01,13:11:01.847,2025-09-01,True,False,1025.0,1025.0,109.82,-77.79,0,1,DINEIN1,1,False,0.0,0,False,13:11:01.847,2025-09-01,0.0,False,1,0.0,DINEIN1,0.0,0,0,-99.99,-10000000000,<NA>,0.0,0,16723,0,0,0,13:11:01.847,0.0,1,0,0.0,0,0,0,13:11:01.847,13:11:01.847
83,Manam,Manam SM Cebu,16724,0.0,0.0,44,0,105539,2,3,<NA>,13:41:20.057,2025-09-01,13:41:20.057,2025-09-01,True,False,845.0,845.0,90.53,-64.13,0,1,DINEIN1,1,False,0.0,0,False,13:41:20.057,2025-09-01,0.0,False,1,0.0,DINEIN1,0.0,0,0,-99.99,-10000000000,<NA>,0.0,0,16724,0,0,0,13:41:20.057,0.0,1,0,0.0,0,0,0,13:41:20.057,13:41:20.057
83,Manam,Manam SM Cebu,16725,0.0,0.0,10,0,105539,3,1,<NA>,13:43:11.247,2025-09-01,13:43:11.247,2025-09-01,True,False,1035.0,1035.0,110.89,-78.55,0,1,DINEIN1,1,False,0.0,0,False,13:43:11.247,2025-09-01,0.0,False,1,0.0,DINEIN1,0.0,0,0,-99.99,-10000000000,<NA>,0.0,0,16725,0,0,0,13:43:11.247,0.0,1,0,0.0,0,0,0,13:43:11.247,13:43:11.247
83,Manam,Manam SM Cebu,16726,0.0,0.0,20,0,105539,3,1,<NA>,13:26:58.413,2025-09-01,13:26:58.413,2025-09-01,True,False,2110.0,2110.0,273.21,-193.53,0,1,DINEIN1,1,False,0.0,0,False,13:26:58.413,2025-09-01,0.0,False,1,0.0,DINEIN1,0.0,0,0,-99.99,-10000000000,<NA>,0.0,0,16726,0,0,0,13:26:58.413,0.0,1,0,0.0,0,0,0,13:26:58.413,13:26:58.413
83,Manam,Manam SM Cebu,16728,0.0,0.0,11,0,105539,2,1,<NA>,13:32:04.777,2025-09-01,13:32:04.777,2025-09-01,True,False,1270.0,1270.0,178.39,-126.36,0,1,DINEIN1,1,False,0.0,0,False,13:32:04.777,2025-09-01,0.0,False,1,0.0,DINEIN1,0.0,0,0,-99.99,-10000000000,<NA>,0.0,0,16728,0,0,0,13:32:04.777,0.0,1,0,0.0,0,0,0,13:32:04.777,13:32:04.777
83,Manam,Manam SM Cebu,16729,0.0,0.0,50,0,105539,6,1,<NA>,12:59:49.127,2025-09-01,12:59:49.127,2025-09-01,True,False,4640.0,4640.0,508.94,-360.49,0,1,DINEIN1,1,False,0.0,0,False,12:59:49.127,2025-09-01,0.0,False,1,0.0,DINEIN1,0.0,0,0,-99.99,-10000000000,<NA>,0.0,0,16729,0,0,0,12:59:49.127,0.0,1,0,0.0,0,0,0,12:59:49.127,12:59:49.127
83,Manam,Manam SM Cebu,16731,0.0,0.0,22,0,105539,2,3,<NA>,13:56:28.57,2025-09-01,13:56:28.57,2025-09-01,True,False,605.0,605.0,64.82,-45.92,0,1,DINEIN1,1,False,0.0,0,False,13:56:28.57,2025-09-01,0.0,False,1,0.0,DINEIN1,0.0,0,0,-99.99,-10000000000,<NA>,0.0,0,16731,0,0,0,13:56:28.57,0.0,1,0,0.0,0,0,0,13:56:28.57,13:56:28.57
83,Manam,Manam SM Cebu,16733,0.0,0.0,51,0,105539,2,1,<NA>,13:50:53.12,2025-09-01,13:50:53.12,2025-09-01,True,False,856.51,856.51,48.48,-61.81,0,1,DINEIN1,1,False,80.8,0,False,13:50:53.12,2025-09-01,0.0,False,1,0.0,DINEIN1,0.0,0,0,-99.99,-10000000000,<NA>,0.0,0,16733,0,0,0,13:50:53.12,0.0,1,0,0.0,0,0,0,13:50:53.12,13:50:53.12
83,Manam,Manam SM Cebu,16734,0.0,0.0,26,0,105539,2,1,<NA>,13:58:40.227,2025-09-01,13:58:40.227,2025-09-01,True,False,1040.0,1040.0,111.43,-78.93,0,1,DINEIN1,1,False,0.0,0,False,13:58:40.227,2025-09-01,0.0,False,1,0.0,DINEIN1,0.0,0,0,-99.99,-10000000000,<NA>,0.0,0,16734,0,0,0,13:58:40.227,0.0,1,0,0.0,0,0,0,13:58:40.227,13:58:40.227
83,Manam,Manam SM Cebu,16735,0.0,0.0,0,0,105539,0,12,<NA>,14:40:28.657,2025-09-01,14:40:28.657,2025-09-01,True,False,2145.0,2145.0,229.82,0.0,0,1,GRABFOOD,1,False,0.0,0,False,14:40:28.657,2025-09-01,0.0,False,1,0.0,GRABFOOD,0.0,0,0,-99.99,-10000000000,<NA>,0.0,0,16735,0,0,0,14:40:28.657,0.0,1,0,0.0,0,0,0,14:40:28.657,14:40:28.657
83,Manam,Manam SM Cebu,16736,0.0,0.0,45,0,105539,4,3,<NA>,13:42:06.413,2025-09-01,13:42:06.413,2025-09-01,True,False,2642.2799999999997,2642.2799999999997,218.1757142857143,-195.75,0,1,DINEIN1,1,False,121.21,0,False,13:42:06.413,2025-09-01,0.0,False,1,0.0,DINEIN1,0.0,0,0,-99.99,-10000000000,<NA>,0.0,0,16736,0,0,0,13:42:06.413,0.0,1,0,0.0,0,0,0,13:42:06.413,13:42:06.413
83,Manam,Manam SM Cebu,16737,0.0,0.0,52,0,105539,2,3,<NA>,13:52:33.81,2025-09-01,13:52:33.81,2025-09-01,True,False,1415.0,1415.0,162.33,-114.98,0,1,DINEIN1,1,False,0.0,0,False,13:52:33.81,2025-09-01,0.0,False,1,0.0,DINEIN1,0.0,0,0,-99.99,-10000000000,<NA>,0.0,0,16737,0,0,0,13:52:33.81,0.0,1,0,0.0,0,0,0,13:52:33.81,13:52:33.81
83,Manam,Manam SM Cebu,16738,0.0,0.0,43,0,105539,2,3,<NA>,14:21:39.327,2025-09-01,14:21:39.327,2025-09-01,True,False,1585.0,1585.0,188.04,-133.19,0,1,DINEIN1,1,False,0.0,0,False,14:21:39.327,2025-09-01,0.0,False,1,0.0,DINEIN1,0.0,0,0,-99.99,-10000000000,<NA>,0.0,0,16738,0,0,0,14:21:39.327,0.0,1,0,0.0,0,0,0,14:21:39.327,14:21:39.327
83,Manam,Manam SM Cebu,16739,0.0,0.0,9,0,105539,0,3,<NA>,13:25:09.637,2025-09-01,13:25:09.637,2025-09-01,True,False,8195.0,8195.0,1040.89,-737.3,0,1,DINEIN1,1,False,0.0,0,False,13:25:09.637,2025-09-01,0.0,False,1,0.0,DINEIN1,0.0,0,0,-99.99,-10000000000,<NA>,0.0,0,16739,0,0,0,13:25:09.637,0.0,1,0,0.0,0,0,0,13:25:09.637,13:25:09.637
83,Manam,Manam SM Cebu,16740,0.0,0.0,2,0,105539,3,3,<NA>,14:01:30.777,2025-09-01,14:01:30.777,2025-09-01,True,False,1585.8899999999999,1585.8899999999999,139.98857142857142,-137.06,0,1,DINEIN1,1,False,115.17,0,False,14:01:30.777,2025-09-01,0.0,False,1,0.0,DINEIN1,0.0,0,0,-99.99,-10000000000,<NA>,0.0,0,16740,0,0,0,14:01:30.777,0.0,1,0,0.0,0,0,0,14:01:30.777,14:01:30.777
83,Manam,Manam SM Cebu,16741,0.0,0.0,19,0,105539,5,3,<NA>,13:48:58.65,2025-09-01,13:48:58.65,2025-09-01,True,False,1865.0,1865.0,261.96,-185.56,0,1,DINEIN1,1,False,0.0,0,False,13:48:58.65,2025-09-01,0.0,False,1,0.0,DINEIN1,0.0,0,0,-99.99,-10000000000,<NA>,0.0,0,16741,0,0,0,13:48:58.65,0.0,1,0,0.0,0,0,0,13:48:58.65,13:48:58.65
83,Manam,Manam SM Cebu,16742,0.0,0.0,0,0,105539,0,12,<NA>,14:58:00.057,2025-09-01,14:58:00.057,2025-09-01,True,False,225.0,225.0,24.11,0.0,0,1,GRABFOOD,1,False,0.0,0,False,14:58:00.057,2025-09-01,0.0,False,1,0.0,GRABFOOD,0.0,0,0,-99.99,-10000000000,<NA>,0.0,0,16742,0,0,0,14:58:00.057,0.0,1,0,0.0,0,0,0,14:58:00.057,14:58:00.057
83,Manam,Manam SM Cebu,16743,0.0,0.0,15,0,105539,3,3,<NA>,13:43:49.073,2025-09-01,13:43:49.073,2025-09-01,True,False,1592.5,1592.5,61.254285714285714,-112.81,0,1,DINEIN1,1,False,204.16,0,False,13:43:49.073,2025-09-01,0.0,False,1,0.0,DINEIN1,0.0,0,0,-99.99,-10000000000,<NA>,0.0,0,16743,0,0,0,13:43:49.073,0.0,1,0,0.0,0,0,0,13:43:49.073,13:43:49.073
83,Manam,Manam SM Cebu,16744,0.0,0.0,28,0,105539,2,1,<NA>,14:16:05.067,2025-09-01,14:16:05.067,2025-09-01,True,False,946.4300000000001,946.4300000000001,0.0,-71.04,0,1,DINEIN1,1,False,208.93,0,False,14:16:05.067,2025-09-01,0.0,False,1,0.0,DINEIN1,0.0,0,0,-99.99,-10000000000,<NA>,0.0,0,16744,0,0,0,14:16:05.067,0.0,1,0,0.0,0,0,0,14:16:05.067,14:16:05.067
83,Manam,Manam SM Cebu,16745,0.0,0.0,32,0,105539,2,3,<NA>,14:19:59.73,2025-09-01,14:19:59.73,2025-09-01,True,False,1055.0,1055.0,113.03,-80.07,0,1,DINEIN1,1,False,0.0,0,False,14:19:59.73,2025-09-01,0.0,False,1,0.0,DINEIN1,0.0,0,0,-99.99,-10000000000,<NA>,0.0,0,16745,0,0,0,14:19:59.73,0.0,1,0,0.0,0,0,0,14:19:59.73,14:19:59.73
83,Manam,Manam SM Cebu,16746,0.0,0.0,0,0,105539,0,10,<NA>,15:07:32.92,2025-09-01,15:07:32.92,2025-09-01,True,False,556.0,556.0,59.57,0.0,0,1,FOODPANDA,1,False,0.0,0,False,15:07:32.92,2025-09-01,0.0,False,1,0.0,FOODPANDA,0.0,0,0,-99.99,-10000000000,<NA>,0.0,0,16746,0,0,0,15:07:32.92,0.0,1,0,0.0,0,0,0,15:07:32.92,15:07:32.92
83,Manam,Manam SM Cebu,16747,0.0,0.0,35,0,105539,2,3,<NA>,14:29:38.857,2025-09-01,14:29:38.857,2025-09-01,True,False,995.0,995.0,135.53,-96.0,0,1,DINEIN1,1,False,0.0,0,False,14:29:38.857,2025-09-01,0.0,False,1,0.0,DINEIN1,0.0,0,0,-99.99,-10000000000,<NA>,0.0,0,16747,0,0,0,14:29:38.857,0.0,1,0,0.0,0,0,0,14:29:38.857,14:29:38.857
83,Manam,Manam SM Cebu,16748,0.0,0.0,23,0,105539,2,1,<NA>,14:33:33.217,2025-09-01,14:33:33.217,2025-09-01,True,False,1450.0,1450.0,155.35,-110.04,0,1,DINEIN1,1,False,0.0,0,False,14:33:33.217,2025-09-01,0.0,False,1,0.0,DINEIN1,0.0,0,0,-99.99,-10000000000,<NA>,0.0,0,16748,0,0,0,14:33:33.217,0.0,1,0,0.0,0,0,0,14:33:33.217,14:33:33.217
83,Manam,Manam SM Cebu,16749,0.0,0.0,10,0,105539,2,3,<NA>,14:36:45.797,2025-09-01,14:36:45.797,2025-09-01,True,False,1200.0,1200.0,128.57,-91.07,0,1,DINEIN1,1,False,0.0,0,False,14:36:45.797,2025-09-01,0.0,False,1,0.0,DINEIN1,0.0,0,0,-99.99,-10000000000,<NA>,0.0,0,16749,0,0,0,14:36:45.797,0.0,1,0,0.0,0,0,0,14:36:45.797,14:36:45.797
83,Manam,Manam SM Cebu,16750,0.0,0.0,0,0,105539,0,10,<NA>,15:17:59.523,2025-09-01,15:17:59.523,2025-09-01,True,False,860.0,860.0,167.14,0.0,0,1,FOODPANDA,1,False,0.0,0,False,15:17:59.523,2025-09-01,0.0,False,1,0.0,FOODPANDA,0.0,0,0,-99.99,-10000000000,<NA>,0.0,0,16750,0,0,0,15:17:59.523,0.0,1,0,0.0,0,0,0,15:17:59.523,15:17:59.523
83,Manam,Manam SM Cebu,16752,0.0,0.0,0,0,105539,0,12,<NA>,15:29:36.89,2025-09-01,15:29:36.89,2025-09-01,True,False,1080.0,1080.0,115.72,0.0,0,1,GRABFOOD,1,False,0.0,0,False,15:29:36.89,2025-09-01,0.0,False,1,0.0,GRABFOOD,0.0,0,0,-99.99,-10000000000,<NA>,0.0,0,16752,0,0,0,15:29:36.89,0.0,1,0,0.0,0,0,0,15:29:36.89,15:29:36.89
83,Manam,Manam SM Cebu,16753,0.0,0.0,0,0,105539,0,12,<NA>,15:30:35.033,2025-09-01,15:30:35.033,2025-09-01,True,False,318.0,318.0,34.07,0.0,0,1,GRABFOOD,1,False,0.0,0,False,15:30:35.033,2025-09-01,0.0,False,1,0.0,GRABFOOD,0.0,0,0,-99.99,-10000000000,<NA>,0.0,0,16753,0,0,0,15:30:35.033,0.0,1,0,0.0,0,0,0,15:30:35.033,15:30:35.033
83,Manam,Manam SM Cebu,16754,0.0,0.0,0,0,105539,0,12,<NA>,15:38:43.61,2025-09-01,15:38:43.61,2025-09-01,True,False,914.0,914.0,97.93,0.0,0,1,GRABFOOD,1,False,0.0,0,False,15:38:43.61,2025-09-01,0.0,False,1,0.0,GRABFOOD,0.0,0,0,-99.99,-10000000000,<NA>,0.0,0,16754,0,0,0,15:38:43.61,0.0,1,0,0.0,0,0,0,15:38:43.61,15:38:43.61
83,Manam,Manam SM Cebu,16755,0.0,0.0,20,0,105539,2,1,<NA>,15:03:57.477,2025-09-01,15:03:57.477,2025-09-01,True,False,1405.0,1405.0,150.55,-106.63,0,1,DINEIN1,1,False,0.0,0,False,15:03:57.477,2025-09-01,0.0,False,1,0.0,DINEIN1,0.0,0,0,-99.99,-10000000000,<NA>,0.0,0,16755,0,0,0,15:03:57.477,0.0,1,0,0.0,0,0,0,15:03:57.477,15:03:57.477
83,Manam,Manam SM Cebu,16756,0.0,0.0,0,0,105539,0,12,<NA>,15:47:53.853,2025-09-01,15:47:53.853,2025-09-01,True,False,643.0,643.0,68.89,0.0,0,1,GRABFOOD,1,False,0.0,0,False,15:47:53.853,2025-09-01,0.0,False,1,0.0,GRABFOOD,0.0,0,0,-99.99,-10000000000,<NA>,0.0,0,16756,0,0,0,15:47:53.853,0.0,1,0,0.0,0,0,0,15:47:53.853,15:47:53.853
83,Manam,Manam SM Cebu,16757,0.0,0.0,0,0,105539,0,12,<NA>,15:54:18.523,2025-09-01,15:54:18.523,2025-09-01,True,False,205.0,205.0,21.96,0.0,0,1,GRABFOOD,1,False,0.0,0,False,15:54:18.523,2025-09-01,0.0,False,1,0.0,GRABFOOD,0.0,0,0,-99.99,-10000000000,<NA>,0.0,0,16757,0,0,0,15:54:18.523,0.0,1,0,0.0,0,0,0,15:54:18.523,15:54:18.523
83,Manam,Manam SM Cebu,16758,0.0,0.0,45,0,105539,2,3,<NA>,15:14:29.483,2025-09-01,15:14:29.483,2025-09-01,True,False,1490.0,1490.0,159.64,-113.08,0,1,DINEIN1,1,False,0.0,0,False,15:14:29.483,2025-09-01,0.0,False,1,0.0,DINEIN1,0.0,0,0,-99.99,-10000000000,<NA>,0.0,0,16758,0,0,0,15:14:29.483,0.0,1,0,0.0,0,0,0,15:14:29.483,15:14:29.483
83,Manam,Manam SM Cebu,16759,0.0,0.0,0,0,105539,0,12,<NA>,15:57:20.473,2025-09-01,15:57:20.473,2025-09-01,True,False,410.0,410.0,43.93,0.0,0,1,GRABFOOD,1,False,0.0,0,False,15:57:20.473,2025-09-01,0.0,False,1,0.0,GRABFOOD,0.0,0,0,-99.99,-10000000000,<NA>,0.0,0,16759,0,0,0,15:57:20.473,0.0,1,0,0.0,0,0,0,15:57:20.473,15:57:20.473
83,Manam,Manam SM Cebu,16760,0.0,0.0,50,0,105539,5,3,<NA>,15:27:10.967,2025-09-01,15:27:10.967,2025-09-01,True,False,2320.0,2320.0,248.57,-176.07,0,1,DINEIN1,1,False,0.0,0,False,15:27:10.967,2025-09-01,0.0,False,1,0.0,DINEIN1,0.0,0,0,-99.99,-10000000000,<NA>,0.0,0,16760,0,0,0,15:27:10.967,0.0,1,0,0.0,0,0,0,15:27:10.967,15:27:10.967
83,Manam,Manam SM Cebu,16762,0.0,0.0,0,0,105539,0,1,<NA>,16:05:39.813,2025-09-01,16:05:39.813,2025-09-01,True,False,2643.21,2643.21,245.89,0.0,0,1,TAKEOUT,1,False,69.64,0,False,16:05:39.813,2025-09-01,0.0,False,1,0.0,TAKEOUT,0.0,0,0,-99.99,-10000000000,<NA>,0.0,0,16762,0,0,0,16:05:39.813,0.0,1,0,0.0,0,0,0,16:05:39.813,16:05:39.813
83,Manam,Manam SM Cebu,16763,0.0,0.0,26,0,105539,3,3,<NA>,15:34:05.517,2025-09-01,15:34:05.517,2025-09-01,True,False,2753.0299999999997,2753.0299999999997,203.92714285714283,-202.23,0,1,DINEIN1,1,False,169.95,0,False,15:34:05.517,2025-09-01,0.0,False,1,0.0,DINEIN1,0.0,0,0,-99.99,-10000000000,<NA>,0.0,0,16763,0,0,0,15:34:05.517,0.0,1,0,0.0,0,0,0,15:34:05.517,15:34:05.517
83,Manam,Manam SM Cebu,16764,0.0,0.0,21,0,105539,3,3,<NA>,15:15:22.66,2025-09-01,15:15:22.66,2025-09-01,True,False,2090.0,2090.0,223.93,-158.62,0,1,DINEIN1,1,False,0.0,0,False,15:15:22.66,2025-09-01,0.0,False,1,0.0,DINEIN1,0.0,0,0,-99.99,-10000000000,<NA>,0.0,0,16764,0,0,0,15:15:22.66,0.0,1,0,0.0,0,0,0,15:15:22.66,15:15:22.66
83,Manam,Manam SM Cebu,16765,0.0,0.0,40,0,105539,5,3,<NA>,15:35:29.937,2025-09-01,15:35:29.937,2025-09-01,True,False,1902.01,1902.01,139.5,-151.51,0,1,DINEIN1,1,False,155.0,0,False,15:35:29.937,2025-09-01,0.0,False,1,0.0,DINEIN1,0.0,0,0,-99.99,-10000000000,<NA>,0.0,0,16765,0,0,0,15:35:29.937,0.0,1,0,0.0,0,0,0,15:35:29.937,15:35:29.937
83,Manam,Manam SM Cebu,16766,0.0,0.0,0,0,105539,0,12,<NA>,16:29:25.783,2025-09-01,16:29:25.783,2025-09-01,True,False,765.0,765.0,81.97,0.0,0,1,GRABFOOD,1,False,0.0,0,False,16:29:25.783,2025-09-01,0.0,False,1,0.0,GRABFOOD,0.0,0,0,-99.99,-10000000000,<NA>,0.0,0,16766,0,0,0,16:29:25.783,0.0,1,0,0.0,0,0,0,16:29:25.783,16:29:25.783
83,Manam,Manam SM Cebu,16770,0.0,0.0,0,0,108013,0,1,<NA>,17:01:35.383,2025-09-01,17:01:35.383,2025-09-01,True,False,1240.0,1240.0,132.86,0.0,0,1,TAKEOUT,1,False,0.0,0,False,17:01:35.383,2025-09-01,0.0,False,1,0.0,TAKEOUT,0.0,0,0,-99.99,-10000000000,<NA>,0.0,0,16770,0,0,0,17:01:35.383,0.0,1,0,0.0,0,0,0,17:01:35.383,17:01:35.383
83,Manam,Manam SM Cebu,16771,0.0,0.0,28,0,105539,1,3,<NA>,16:20:52.75,2025-09-01,16:20:52.75,2025-09-01,True,False,808.03,808.03,0.0,-54.95,0,1,DINEIN1,1,False,161.61,0,False,16:20:52.75,2025-09-01,0.0,False,1,0.0,DINEIN1,0.0,0,0,-99.99,-10000000000,<NA>,0.0,0,16771,0,0,0,16:20:52.75,0.0,1,0,0.0,0,0,0,16:20:52.75,16:20:52.75
83,Manam,Manam SM Cebu,16772,0.0,0.0,20,0,105539,2,1,<NA>,16:18:49.463,2025-09-01,16:18:49.463,2025-09-01,True,False,1870.0,1870.0,212.15,-150.27,0,1,DINEIN1,1,False,0.0,0,False,16:18:49.463,2025-09-01,0.0,False,1,0.0,DINEIN1,0.0,0,0,-99.99,-10000000000,<NA>,0.0,0,16772,0,0,0,16:18:49.463,0.0,1,0,0.0,0,0,0,16:18:49.463,16:18:49.463
83,Manam,Manam SM Cebu,16773,0.0,0.0,0,0,105539,0,12,<NA>,17:17:42.473,2025-09-01,17:17:42.473,2025-09-01,True,False,2125.0,2125.0,227.68,0.0,0,1,GRABFOOD,1,False,0.0,0,False,17:17:42.473,2025-09-01,0.0,False,1,0.0,GRABFOOD,0.0,0,0,-99.99,-10000000000,<NA>,0.0,0,16773,0,0,0,17:17:42.473,0.0,1,0,0.0,0,0,0,17:17:42.473,17:17:42.473
83,Manam,Manam SM Cebu,16774,0.0,0.0,23,0,105539,2,3,<NA>,16:49:35.863,2025-09-01,16:49:35.863,2025-09-01,True,False,1055.0,1055.0,113.04,-80.07,0,1,DINEIN1,1,False,0.0,0,False,16:49:35.863,2025-09-01,0.0,False,1,0.0,DINEIN1,0.0,0,0,-99.99,-10000000000,<NA>,0.0,0,16774,0,0,0,16:49:35.863,0.0,1,0,0.0,0,0,0,16:49:35.863,16:49:35.863
83,Manam,Manam SM Cebu,16775,0.0,0.0,21,0,105539,2,3,<NA>,16:56:51.223,2025-09-01,16:56:51.223,2025-09-01,True,False,1206.7,1206.7,68.30571428571429,-87.09,0,1,DINEIN1,1,False,113.84,0,False,16:56:51.223,2025-09-01,0.0,False,1,0.0,DINEIN1,0.0,0,0,-99.99,-10000000000,<NA>,0.0,0,16775,0,0,0,16:56:51.223,0.0,1,0,0.0,0,0,0,16:56:51.223,16:56:51.223
83,Manam,Manam SM Cebu,16776,0.0,0.0,50,0,105539,6,3,<NA>,16:39:51.023,2025-09-01,16:39:51.023,2025-09-01,True,False,1725.0,1725.0,332.14,-235.27,0,1,DINEIN1,1,False,0.0,0,False,16:39:51.023,2025-09-01,0.0,False,1,0.0,DINEIN1,0.0,0,0,-99.99,-10000000000,<NA>,0.0,0,16776,0,0,0,16:39:51.023,0.0,1,0,0.0,0,0,0,16:39:51.023,16:39:51.023
83,Manam,Manam SM Cebu,16777,0.0,0.0,0,0,108013,0,1,<NA>,17:30:39.427,2025-09-01,17:30:39.427,2025-09-01,True,False,190.0,190.0,40.71,0.0,0,1,TAKEOUT,1,False,0.0,0,False,17:30:39.427,2025-09-01,0.0,False,1,0.0,TAKEOUT,0.0,0,0,-99.99,-10000000000,<NA>,0.0,0,16777,0,0,0,17:30:39.427,0.0,1,0,0.0,0,0,0,17:30:39.427,17:30:39.427
83,Manam,Manam SM Cebu,16778,0.0,0.0,44,0,105539,2,1,<NA>,17:12:21.947,2025-09-01,17:12:21.947,2025-09-01,True,False,1160.0,1160.0,124.29,-88.04,0,1,DINEIN1,1,False,0.0,0,False,17:12:21.947,2025-09-01,0.0,False,1,0.0,DINEIN1,0.0,0,0,-99.99,-10000000000,<NA>,0.0,0,16778,0,0,0,17:12:21.947,0.0,1,0,0.0,0,0,0,17:12:21.947,17:12:21.947
83,Manam,Manam SM Cebu,16779,0.0,0.0,30,0,105539,6,3,<NA>,16:04:10.777,2025-09-01,16:04:10.777,2025-09-01,True,False,3919.84,3919.84,290.36285714285714,-287.94,0,1,DINEIN1,1,False,241.97,0,False,16:04:10.777,2025-09-01,0.0,False,1,0.0,DINEIN1,0.0,0,0,-99.99,-10000000000,<NA>,0.0,0,16779,0,0,0,16:04:10.777,0.0,1,0,0.0,0,0,0,16:04:10.777,16:04:10.777
83,Manam,Manam SM Cebu,16780,0.0,0.0,0,0,105539,0,12,<NA>,17:43:04.38,2025-09-01,17:43:04.38,2025-09-01,True,False,1511.0,1511.0,161.88,0.0,0,1,GRABFOOD,1,False,0.0,0,False,17:43:04.38,2025-09-01,0.0,False,1,0.0,GRABFOOD,0.0,0,0,-99.99,-10000000000,<NA>,0.0,0,16780,0,0,0,17:43:04.38,0.0,1,0,0.0,0,0,0,17:43:04.38,17:43:04.38
83,Manam,Manam SM Cebu,16781,0.0,0.0,45,0,105539,2,1,<NA>,17:06:32.727,2025-09-01,17:06:32.727,2025-09-01,True,False,1275.0,1275.0,136.6,-96.76,0,1,DINEIN1,1,False,0.0,0,False,17:06:32.727,2025-09-01,0.0,False,1,0.0,DINEIN1,0.0,0,0,-99.99,-10000000000,<NA>,0.0,0,16781,0,0,0,17:06:32.727,0.0,1,0,0.0,0,0,0,17:06:32.727,17:06:32.727
83,Manam,Manam SM Cebu,16782,0.0,0.0,0,0,105539,0,12,<NA>,17:48:01.143,2025-09-01,17:48:01.143,2025-09-01,True,False,1130.0,1130.0,121.07,0.0,0,1,GRABFOOD,1,False,0.0,0,False,17:48:01.143,2025-09-01,0.0,False,1,0.0,GRABFOOD,0.0,0,0,-99.99,-10000000000,<NA>,0.0,0,16782,0,0,0,17:48:01.143,0.0,1,0,0.0,0,0,0,17:48:01.143,17:48:01.143
83,Manam,Manam SM Cebu,16783,0.0,0.0,34,0,105539,2,3,<NA>,17:04:18.807,2025-09-01,17:04:18.807,2025-09-01,True,False,1925.0,1925.0,218.03,-154.44,0,1,DINEIN1,1,False,0.0,0,False,17:04:18.807,2025-09-01,0.0,False,1,0.0,DINEIN1,0.0,0,0,-99.99,-10000000000,<NA>,0.0,0,16783,0,0,0,17:04:18.807,0.0,1,0,0.0,0,0,0,17:04:18.807,17:04:18.807
83,Manam,Manam SM Cebu,16784,0.0,0.0,26,0,105539,2,3,<NA>,16:59:31.553,2025-09-01,16:59:31.553,2025-09-01,True,False,915.0,915.0,98.05,-69.44,0,1,DINEIN1,1,False,0.0,0,False,16:59:31.553,2025-09-01,0.0,False,1,0.0,DINEIN1,0.0,0,0,-99.99,-10000000000,<NA>,0.0,0,16784,0,0,0,16:59:31.553,0.0,1,0,0.0,0,0,0,16:59:31.553,16:59:31.553
83,Manam,Manam SM Cebu,16785,0.0,0.0,51,0,105539,5,3,<NA>,16:41:16.55,2025-09-01,16:41:16.55,2025-09-01,True,False,3884.35,3884.35,270.9628571428571,-294.29,0,1,DINEIN1,1,False,301.06,0,False,16:41:16.55,2025-09-01,0.0,False,1,0.0,DINEIN1,0.0,0,0,-99.99,-10000000000,<NA>,0.0,0,16785,0,0,0,16:41:16.55,0.0,1,0,0.0,0,0,0,16:41:16.55,16:41:16.55
83,Manam,Manam SM Cebu,16786,0.0,0.0,0,0,105539,0,12,<NA>,17:58:19.887,2025-09-01,17:58:19.887,2025-09-01,True,False,770.0,770.0,82.5,0.0,0,1,GRABFOOD,1,False,0.0,0,False,17:58:19.887,2025-09-01,0.0,False,1,0.0,GRABFOOD,0.0,0,0,-99.99,-10000000000,<NA>,0.0,0,16786,0,0,0,17:58:19.887,0.0,1,0,0.0,0,0,0,17:58:19.887,17:58:19.887
83,Manam,Manam SM Cebu,16787,0.0,0.0,0,0,105539,0,12,<NA>,17:59:05.647,2025-09-01,17:59:05.647,2025-09-01,True,False,1310.0,1310.0,140.36,0.0,0,1,GRABFOOD,1,False,0.0,0,False,17:59:05.647,2025-09-01,0.0,False,1,0.0,GRABFOOD,0.0,0,0,-99.99,-10000000000,<NA>,0.0,0,16787,0,0,0,17:59:05.647,0.0,1,0,0.0,0,0,0,17:59:05.647,17:59:05.647
83,Manam,Manam SM Cebu,16788,0.0,0.0,1,0,105539,3,3,<NA>,17:27:03.547,2025-09-01,17:27:03.547,2025-09-01,True,False,2030.0,2030.0,253.93,-179.87,0,1,DINEIN1,1,False,0.0,0,False,17:27:03.547,2025-09-01,0.0,False,1,0.0,DINEIN1,0.0,0,0,-99.99,-10000000000,<NA>,0.0,0,16788,0,0,0,17:27:03.547,0.0,1,0,0.0,0,0,0,17:27:03.547,17:27:03.547
83,Manam,Manam SM Cebu,16789,0.0,0.0,41,0,105539,2,1,<NA>,17:08:17.31,2025-09-01,17:08:17.31,2025-09-01,True,False,1190.0,1190.0,156.42,-110.8,0,1,DINEIN1,1,False,0.0,0,False,17:08:17.31,2025-09-01,0.0,False,1,0.0,DINEIN1,0.0,0,0,-99.99,-10000000000,<NA>,0.0,0,16789,0,0,0,17:08:17.31,0.0,1,0,0.0,0,0,0,17:08:17.31,17:08:17.31
83,Manam,Manam SM Cebu,16790,0.0,0.0,20,0,105539,2,1,<NA>,17:26:20.447,2025-09-01,17:26:20.447,2025-09-01,True,False,920.0,920.0,98.56,-69.82,0,1,DINEIN1,1,False,0.0,0,False,17:26:20.447,2025-09-01,0.0,False,1,0.0,DINEIN1,0.0,0,0,-99.99,-10000000000,<NA>,0.0,0,16790,0,0,0,17:26:20.447,0.0,1,0,0.0,0,0,0,17:26:20.447,17:26:20.447
83,Manam,Manam SM Cebu,16791,0.0,0.0,0,0,105539,0,12,<NA>,18:06:07.127,2025-09-01,18:06:07.127,2025-09-01,True,False,318.0,318.0,34.07,0.0,0,1,GRABFOOD,1,False,0.0,0,False,18:06:07.127,2025-09-01,0.0,False,1,0.0,GRABFOOD,0.0,0,0,-99.99,-10000000000,<NA>,0.0,0,16791,0,0,0,18:06:07.127,0.0,1,0,0.0,0,0,0,18:06:07.127,18:06:07.127
83,Manam,Manam SM Cebu,16792,0.0,0.0,4,0,105539,3,1,<NA>,17:47:57.873,2025-09-01,17:47:57.873,2025-09-01,True,False,750.0,750.0,80.35,-56.92,0,1,DINEIN1,1,False,0.0,0,False,17:47:57.873,2025-09-01,0.0,False,1,0.0,DINEIN1,0.0,0,0,-99.99,-10000000000,<NA>,0.0,0,16792,0,0,0,17:47:57.873,0.0,1,0,0.0,0,0,0,17:47:57.873,17:47:57.873
83,Manam,Manam SM Cebu,16793,0.0,0.0,11,0,105539,6,3,<NA>,17:28:15.23,2025-09-01,17:28:15.23,2025-09-01,True,False,2328.21,2328.21,183.56857142857143,-182.04,0,1,DINEIN1,1,False,152.97,0,False,17:28:15.23,2025-09-01,0.0,False,1,0.0,DINEIN1,0.0,0,0,-99.99,-10000000000,<NA>,0.0,0,16793,0,0,0,17:28:15.23,0.0,1,0,0.0,0,0,0,17:28:15.23,17:28:15.23
83,Manam,Manam SM Cebu,16794,0.0,0.0,31,0,105539,3,3,<NA>,17:54:49.19,2025-09-01,17:54:49.19,2025-09-01,True,False,1248.92,1248.92,48.03,-88.47,0,1,DINEIN1,1,False,160.13,0,False,17:54:49.19,2025-09-01,0.0,False,1,0.0,DINEIN1,0.0,0,0,-99.99,-10000000000,<NA>,0.0,0,16794,0,0,0,17:54:49.19,0.0,1,0,0.0,0,0,0,17:54:49.19,17:54:49.19
83,Manam,Manam SM Cebu,16795,0.0,0.0,21,0,105539,3,3,<NA>,17:51:24.02,2025-09-01,17:51:24.02,2025-09-01,True,False,2155.0,2155.0,230.9,-163.55,0,1,DINEIN1,1,False,0.0,0,False,17:51:24.02,2025-09-01,0.0,False,1,0.0,DINEIN1,0.0,0,0,-99.99,-10000000000,<NA>,0.0,0,16795,0,0,0,17:51:24.02,0.0,1,0,0.0,0,0,0,17:51:24.02,17:51:24.02
83,Manam,Manam SM Cebu,16796,0.0,0.0,10,0,105539,2,1,<NA>,17:20:17.123,2025-09-01,17:20:17.123,2025-09-01,True,False,968.75,968.75,0.0,-65.87,0,1,DINEIN1,1,False,193.76,0,False,17:20:17.123,2025-09-01,0.0,False,1,0.0,DINEIN1,0.0,0,0,-99.99,-10000000000,<NA>,0.0,0,16796,0,0,0,17:20:17.123,0.0,1,0,0.0,0,0,0,17:20:17.123,17:20:17.123
83,Manam,Manam SM Cebu,16797,0.0,0.0,0,0,105539,0,12,<NA>,18:33:07.79,2025-09-01,18:33:07.79,2025-09-01,True,False,685.0,685.0,73.39,0.0,0,1,GRABFOOD,1,False,0.0,0,False,18:33:07.79,2025-09-01,0.0,False,1,0.0,GRABFOOD,0.0,0,0,-99.99,-10000000000,<NA>,0.0,0,16797,0,0,0,18:33:07.79,0.0,1,0,0.0,0,0,0,18:33:07.79,18:33:07.79
83,Manam,Manam SM Cebu,16798,0.0,0.0,41,0,105539,2,3,<NA>,17:57:00.127,2025-09-01,17:57:00.127,2025-09-01,True,False,940.0,940.0,100.72,-71.34,0,1,DINEIN1,1,False,0.0,0,False,17:57:00.127,2025-09-01,0.0,False,1,0.0,DINEIN1,0.0,0,0,-99.99,-10000000000,<NA>,0.0,0,16798,0,0,0,17:57:00.127,0.0,1,0,0.0,0,0,0,17:57:00.127,17:57:00.127
83,Manam,Manam SM Cebu,16799,0.0,0.0,0,0,105539,0,12,<NA>,18:36:41.687,2025-09-01,18:36:41.687,2025-09-01,True,False,940.0,940.0,134.46,0.0,0,1,GRABFOOD,1,False,0.0,0,False,18:36:41.687,2025-09-01,0.0,False,1,0.0,GRABFOOD,0.0,0,0,-99.99,-10000000000,<NA>,0.0,0,16799,0,0,0,18:36:41.687,0.0,1,0,0.0,0,0,0,18:36:41.687,18:36:41.687
83,Manam,Manam SM Cebu,16800,0.0,0.0,45,0,105539,2,3,<NA>,18:10:12.39,2025-09-01,18:10:12.39,2025-09-01,True,False,1380.0,1380.0,147.87,-104.73,0,1,DINEIN1,1,False,0.0,0,False,18:10:12.39,2025-09-01,0.0,False,1,0.0,DINEIN1,0.0,0,0,-99.99,-10000000000,<NA>,0.0,0,16800,0,0,0,18:10:12.39,0.0,1,0,0.0,0,0,0,18:10:12.39,18:10:12.39
83,Manam,Manam SM Cebu,16801,0.0,0.0,43,0,105539,2,3,<NA>,17:40:29.103,2025-09-01,17:40:29.103,2025-09-01,True,False,955.0,955.0,102.33,-72.48,0,1,DINEIN1,1,False,0.0,0,False,17:40:29.103,2025-09-01,0.0,False,1,0.0,DINEIN1,0.0,0,0,-99.99,-10000000000,<NA>,0.0,0,16801,0,0,0,17:40:29.103,0.0,1,0,0.0,0,0,0,17:40:29.103,17:40:29.103
83,Manam,Manam SM Cebu,16802,0.0,0.0,23,0,105539,3,1,<NA>,17:56:20.727,2025-09-01,17:56:20.727,2025-09-01,True,False,1634.47,1634.47,121.07142857142856,-120.06,0,1,DINEIN1,1,False,100.9,0,False,17:56:20.727,2025-09-01,0.0,False,1,0.0,DINEIN1,0.0,0,0,-99.99,-10000000000,<NA>,0.0,0,16802,0,0,0,17:56:20.727,0.0,1,0,0.0,0,0,0,17:56:20.727,17:56:20.727
83,Manam,Manam SM Cebu,16803,0.0,0.0,0,0,105539,0,12,<NA>,18:46:47.74,2025-09-01,18:46:47.74,2025-09-01,True,False,508.0,508.0,54.43,0.0,0,1,GRABFOOD,1,False,0.0,0,False,18:46:47.74,2025-09-01,0.0,False,1,0.0,GRABFOOD,0.0,0,0,-99.99,-10000000000,<NA>,0.0,0,16803,0,0,0,18:46:47.74,0.0,1,0,0.0,0,0,0,18:46:47.74,18:46:47.74
83,Manam,Manam SM Cebu,16804,0.0,0.0,7,0,105539,3,3,<NA>,17:51:09.123,2025-09-01,17:51:09.123,2025-09-01,True,False,1710.0,1710.0,183.22,-129.78,0,1,DINEIN1,1,False,0.0,0,False,17:51:09.123,2025-09-01,0.0,False,1,0.0,DINEIN1,0.0,0,0,-99.99,-10000000000,<NA>,0.0,0,16804,0,0,0,17:51:09.123,0.0,1,0,0.0,0,0,0,17:51:09.123,17:51:09.123
83,Manam,Manam SM Cebu,16805,0.0,0.0,20,0,105539,2,3,<NA>,18:04:22.31,2025-09-01,18:04:22.31,2025-09-01,True,False,775.0,775.0,83.04,-58.82,0,1,DINEIN1,1,False,0.0,0,False,18:04:22.31,2025-09-01,0.0,False,1,0.0,DINEIN1,0.0,0,0,-99.99,-10000000000,<NA>,0.0,0,16805,0,0,0,18:04:22.31,0.0,1,0,0.0,0,0,0,18:04:22.31,18:04:22.31
83,Manam,Manam SM Cebu,16806,0.0,0.0,9,0,105539,2,1,<NA>,18:24:18.777,2025-09-01,18:24:18.777,2025-09-01,True,False,895.0,895.0,95.9,-67.92,0,1,DINEIN1,1,False,0.0,0,False,18:24:18.777,2025-09-01,0.0,False,1,0.0,DINEIN1,0.0,0,0,-99.99,-10000000000,<NA>,0.0,0,16806,0,0,0,18:24:18.777,0.0,1,0,0.0,0,0,0,18:24:18.777,18:24:18.777
83,Manam,Manam SM Cebu,16807,0.0,0.0,6,0,105539,2,3,<NA>,18:15:38.197,2025-09-01,18:15:38.197,2025-09-01,True,False,1050.72,1050.72,67.07571428571428,-81.97,0,1,DINEIN1,1,False,107.15,0,False,18:15:38.197,2025-09-01,0.0,False,1,0.0,DINEIN1,0.0,0,0,-99.99,-10000000000,<NA>,0.0,0,16807,0,0,0,18:15:38.197,0.0,1,0,0.0,0,0,0,18:15:38.197,18:15:38.197
83,Manam,Manam SM Cebu,16808,0.0,0.0,35,0,105539,3,3,<NA>,18:07:08.197,2025-09-01,18:07:08.197,2025-09-01,True,False,982.5,982.5,89.65,-88.9,0,1,DINEIN1,1,False,74.7,0,False,18:07:08.197,2025-09-01,0.0,False,1,0.0,DINEIN1,0.0,0,0,-99.99,-10000000000,<NA>,0.0,0,16808,0,0,0,18:07:08.197,0.0,1,0,0.0,0,0,0,18:07:08.197,18:07:08.197
83,Manam,Manam SM Cebu,16809,0.0,0.0,0,0,105539,0,12,<NA>,19:08:41.71,2025-09-01,19:08:41.71,2025-09-01,True,False,891.0,891.0,95.47,0.0,0,1,GRABFOOD,1,False,0.0,0,False,19:08:41.71,2025-09-01,0.0,False,1,0.0,GRABFOOD,0.0,0,0,-99.99,-10000000000,<NA>,0.0,0,16809,0,0,0,19:08:41.71,0.0,1,0,0.0,0,0,0,19:08:41.71,19:08:41.71
83,Manam,Manam SM Cebu,16810,0.0,0.0,0,0,105539,0,12,<NA>,19:10:31.337,2025-09-01,19:10:31.337,2025-09-01,True,False,813.0,813.0,87.11,0.0,0,1,GRABFOOD,1,False,0.0,0,False,19:10:31.337,2025-09-01,0.0,False,1,0.0,GRABFOOD,0.0,0,0,-99.99,-10000000000,<NA>,0.0,0,16810,0,0,0,19:10:31.337,0.0,1,0,0.0,0,0,0,19:10:31.337,19:10:31.337
83,Manam,Manam SM Cebu,16811,0.0,0.0,30,0,105539,2,1,<NA>,18:41:58.937,2025-09-01,18:41:58.937,2025-09-01,True,False,1060.0,1060.0,113.57,-80.45,0,1,DINEIN1,1,False,0.0,0,False,18:41:58.937,2025-09-01,0.0,False,1,0.0,DINEIN1,0.0,0,0,-99.99,-10000000000,<NA>,0.0,0,16811,0,0,0,18:41:58.937,0.0,1,0,0.0,0,0,0,18:41:58.937,18:41:58.937
83,Manam,Manam SM Cebu,16812,0.0,0.0,40,0,105539,1,3,<NA>,18:24:45.133,2025-09-01,18:24:45.133,2025-09-01,True,False,1465.0,1465.0,156.96,-111.18,0,1,DINEIN1,1,False,0.0,0,False,18:24:45.133,2025-09-01,0.0,False,1,0.0,DINEIN1,0.0,0,0,-99.99,-10000000000,<NA>,0.0,0,16812,0,0,0,18:24:45.133,0.0,1,0,0.0,0,0,0,18:24:45.133,18:24:45.133
83,Manam,Manam SM Cebu,16813,0.0,0.0,44,0,105539,2,3,<NA>,17:54:27.183,2025-09-01,17:54:27.183,2025-09-01,True,False,795.0,795.0,45.002857142857145,-57.37,0,1,DINEIN1,1,False,75.0,0,False,17:54:27.183,2025-09-01,0.0,False,1,0.0,DINEIN1,0.0,0,0,-99.99,-10000000000,<NA>,0.0,0,16813,0,0,0,17:54:27.183,0.0,1,0,0.0,0,0,0,17:54:27.183,17:54:27.183
83,Manam,Manam SM Cebu,16814,0.0,0.0,52,0,105539,3,3,<NA>,18:20:04.17,2025-09-01,18:20:04.17,2025-09-01,True,False,1830.0,1830.0,206.24,-146.09,0,1,DINEIN1,1,False,0.0,0,False,18:20:04.17,2025-09-01,0.0,False,1,0.0,DINEIN1,0.0,0,0,-99.99,-10000000000,<NA>,0.0,0,16814,0,0,0,18:20:04.17,0.0,1,0,0.0,0,0,0,18:20:04.17,18:20:04.17
83,Manam,Manam SM Cebu,16815,0.0,0.0,0,0,105539,0,12,<NA>,19:18:28.247,2025-09-01,19:18:28.247,2025-09-01,True,False,835.0,835.0,89.46,0.0,0,1,GRABFOOD,1,False,0.0,0,False,19:18:28.247,2025-09-01,0.0,False,1,0.0,GRABFOOD,0.0,0,0,-99.99,-10000000000,<NA>,0.0,0,16815,0,0,0,19:18:28.247,0.0,1,0,0.0,0,0,0,19:18:28.247,19:18:28.247
83,Manam,Manam SM Cebu,16816,0.0,0.0,0,0,105539,0,12,<NA>,19:19:51.79,2025-09-01,19:19:51.79,2025-09-01,True,False,1031.0,1031.0,110.46,0.0,0,1,GRABFOOD,1,False,0.0,0,False,19:19:51.79,2025-09-01,0.0,False,1,0.0,GRABFOOD,0.0,0,0,-99.99,-10000000000,<NA>,0.0,0,16816,0,0,0,19:19:51.79,0.0,1,0,0.0,0,0,0,19:19:51.79,19:19:51.79
83,Manam,Manam SM Cebu,16817,0.0,0.0,19,0,105539,11,3,<NA>,17:28:33.197,2025-09-01,17:28:33.197,2025-09-01,True,False,4572.41,4572.41,623.6842857142857,-519.25,0,1,DINEIN1,1,False,230.53,0,False,17:28:33.197,2025-09-01,0.0,False,1,0.0,DINEIN1,0.0,0,0,-99.99,-10000000000,<NA>,0.0,0,16817,0,0,0,17:28:33.197,0.0,1,0,0.0,0,0,0,17:28:33.197,17:28:33.197
83,Manam,Manam SM Cebu,16818,0.0,0.0,51,0,105539,2,3,<NA>,18:14:53.897,2025-09-01,18:14:53.897,2025-09-01,True,False,1190.0,1190.0,136.6,-96.76,0,1,DINEIN1,1,False,0.0,0,False,18:14:53.897,2025-09-01,0.0,False,1,0.0,DINEIN1,0.0,0,0,-99.99,-10000000000,<NA>,0.0,0,16818,0,0,0,18:14:53.897,0.0,1,0,0.0,0,0,0,18:14:53.897,18:14:53.897
83,Manam,Manam SM Cebu,16819,0.0,0.0,1,0,105539,9,1,<NA>,18:13:23.427,2025-09-01,18:13:23.427,2025-09-01,True,False,4900.0,4900.0,582.87,-412.86,0,1,DINEIN1,1,False,0.0,0,False,18:13:23.427,2025-09-01,0.0,False,1,0.0,DINEIN1,0.0,0,0,-99.99,-10000000000,<NA>,0.0,0,16819,0,0,0,18:13:23.427,0.0,1,0,0.0,0,0,0,18:13:23.427,18:13:23.427
83,Manam,Manam SM Cebu,16820,0.0,0.0,32,0,105539,2,1,<NA>,18:44:22.317,2025-09-01,18:44:22.317,2025-09-01,True,False,1375.0,1375.0,147.33,-104.35,0,1,DINEIN1,1,False,0.0,0,False,18:44:22.317,2025-09-01,0.0,False,1,0.0,DINEIN1,0.0,0,0,-99.99,-10000000000,<NA>,0.0,0,16820,0,0,0,18:44:22.317,0.0,1,0,0.0,0,0,0,18:44:22.317,18:44:22.317
83,Manam,Manam SM Cebu,16821,0.0,0.0,28,0,105539,3,3,<NA>,17:39:17.213,2025-09-01,17:39:17.213,2025-09-01,True,False,1980.0,1980.0,231.43,-163.93,0,1,DINEIN1,1,False,0.0,0,False,17:39:17.213,2025-09-01,0.0,False,1,0.0,DINEIN1,0.0,0,0,-99.99,-10000000000,<NA>,0.0,0,16821,0,0,0,17:39:17.213,0.0,1,0,0.0,0,0,0,17:39:17.213,17:39:17.213
83,Manam,Manam SM Cebu,16822,0.0,0.0,0,0,105539,0,3,<NA>,19:13:50.34,2025-09-01,19:13:50.34,2025-09-01,True,False,1100.0,1100.0,117.86,0.0,0,1,TAKEOUT,1,False,0.0,0,False,19:13:50.34,2025-09-01,0.0,False,1,0.0,TAKEOUT,0.0,0,0,-99.99,-10000000000,<NA>,0.0,0,16822,0,0,0,19:13:50.34,0.0,1,0,0.0,0,0,0,19:13:50.34,19:13:50.34
83,Manam,Manam SM Cebu,16823,0.0,0.0,33,0,105539,2,1,<NA>,18:28:18.34,2025-09-01,18:28:18.34,2025-09-01,True,False,1435.6299999999999,1435.6299999999999,103.14285714285714,-126.7,0,1,DINEIN1,1,False,165.63,0,False,18:28:18.34,2025-09-01,0.0,False,1,0.0,DINEIN1,0.0,0,0,-99.99,-10000000000,<NA>,0.0,0,16823,0,0,0,18:28:18.34,0.0,1,0,0.0,0,0,0,18:28:18.34,18:28:18.34
83,Manam,Manam SM Cebu,16824,0.0,0.0,0,0,105539,0,12,<NA>,19:36:48.4,2025-09-01,19:36:48.4,2025-09-01,True,False,1008.0,1008.0,108.0,0.0,0,1,GRABFOOD,1,False,0.0,0,False,19:36:48.4,2025-09-01,0.0,False,1,0.0,GRABFOOD,0.0,0,0,-99.99,-10000000000,<NA>,0.0,0,16824,0,0,0,19:36:48.4,0.0,1,0,0.0,0,0,0,19:36:48.4,19:36:48.4
83,Manam,Manam SM Cebu,16825,0.0,0.0,0,0,105539,0,12,<NA>,19:45:58.2,2025-09-01,19:45:58.2,2025-09-01,True,False,690.0,690.0,73.93,0.0,0,1,GRABFOOD,1,False,0.0,0,False,19:45:58.2,2025-09-01,0.0,False,1,0.0,GRABFOOD,0.0,0,0,-99.99,-10000000000,<NA>,0.0,0,16825,0,0,0,19:45:58.2,0.0,1,0,0.0,0,0,0,19:45:58.2,19:45:58.2
83,Manam,Manam SM Cebu,16826,0.0,0.0,42,0,105539,2,3,<NA>,19:00:39.877,2025-09-01,19:00:39.877,2025-09-01,True,False,780.0,780.0,92.67,-65.65,0,1,DINEIN1,1,False,0.0,0,False,19:00:39.877,2025-09-01,0.0,False,1,0.0,DINEIN1,0.0,0,0,-99.99,-10000000000,<NA>,0.0,0,16826,0,0,0,19:00:39.877,0.0,1,0,0.0,0,0,0,19:00:39.877,19:00:39.877
83,Manam,Manam SM Cebu,16827,0.0,0.0,35,0,105539,2,3,<NA>,19:12:30.88,2025-09-01,19:12:30.88,2025-09-01,True,False,1275.0,1275.0,145.72,-103.21,0,1,DINEIN1,1,False,0.0,0,False,19:12:30.88,2025-09-01,0.0,False,1,0.0,DINEIN1,0.0,0,0,-99.99,-10000000000,<NA>,0.0,0,16827,0,0,0,19:12:30.88,0.0,1,0,0.0,0,0,0,19:12:30.88,19:12:30.88
83,Manam,Manam SM Cebu,16828,0.0,0.0,4,0,105539,5,1,<NA>,19:06:09.297,2025-09-01,19:06:09.297,2025-09-01,True,False,2316.28,2316.28,155.56428571428572,-168.97,0,1,DINEIN1,1,False,172.85,0,False,19:06:09.297,2025-09-01,0.0,False,1,0.0,DINEIN1,0.0,0,0,-99.99,-10000000000,<NA>,0.0,0,16828,0,0,0,19:06:09.297,0.0,1,0,0.0,0,0,0,19:06:09.297,19:06:09.297
83,Manam,Manam SM Cebu,16830,0.0,0.0,40,0,105539,2,3,<NA>,19:23:14.177,2025-09-01,19:23:14.177,2025-09-01,True,False,730.0,730.0,78.21,-55.4,0,1,DINEIN1,1,False,0.0,0,False,19:23:14.177,2025-09-01,0.0,False,1,0.0,DINEIN1,0.0,0,0,-99.99,-10000000000,<NA>,0.0,0,16830,0,0,0,19:23:14.177,0.0,1,0,0.0,0,0,0,19:23:14.177,19:23:14.177
83,Manam,Manam SM Cebu,16831,0.0,0.0,0,0,105539,0,12,<NA>,18:43:16.217,2025-09-01,18:43:16.217,2025-09-01,True,False,830.0,830.0,88.93,0.0,0,1,GRABFOOD,1,False,0.0,0,False,18:43:16.217,2025-09-01,0.0,False,1,0.0,GRABFOOD,0.0,0,0,-99.99,-10000000000,<NA>,0.0,0,16831,0,0,0,18:43:16.217,0.0,1,0,0.0,0,0,0,18:43:16.217,18:43:16.217
83,Manam,Manam SM Cebu,16832,0.0,0.0,50,0,105539,8,3,<NA>,17:57:46.913,2025-09-01,17:57:46.913,2025-09-01,True,False,4627.77,4627.77,514.6071428571429,-461.43,0,1,DINEIN1,1,False,285.71,0,False,17:57:46.913,2025-09-01,0.0,False,1,0.0,DINEIN1,0.0,0,0,-99.99,-10000000000,<NA>,0.0,0,16832,0,0,0,17:57:46.913,0.0,1,0,0.0,0,0,0,17:57:46.913,17:57:46.913
83,Manam,Manam SM Cebu,16833,0.0,0.0,0,0,105539,0,12,<NA>,19:58:54.273,2025-09-01,19:58:54.273,2025-09-01,True,False,360.0,360.0,38.57,0.0,0,1,GRABFOOD,1,False,0.0,0,False,19:58:54.273,2025-09-01,0.0,False,1,0.0,GRABFOOD,0.0,0,0,-99.99,-10000000000,<NA>,0.0,0,16833,0,0,0,19:58:54.273,0.0,1,0,0.0,0,0,0,19:58:54.273,19:58:54.273
83,Manam,Manam SM Cebu,16834,0.0,0.0,27,0,105539,7,3,<NA>,18:39:49.053,2025-09-01,18:39:49.053,2025-09-01,True,False,5128.31,5128.31,418.4542857142857,-389.62,0,1,DINEIN1,1,False,277.8,0,False,18:39:49.053,2025-09-01,0.0,False,1,0.0,DINEIN1,0.0,0,0,-99.99,-10000000000,<NA>,0.0,0,16834,0,0,0,18:39:49.053,0.0,1,0,0.0,0,0,0,18:39:49.053,18:39:49.053
83,Manam,Manam SM Cebu,16835,0.0,0.0,45,0,105539,8,1,<NA>,18:48:12.307,2025-09-01,18:48:12.307,2025-09-01,True,False,4179.6900000000005,4179.6900000000005,395.78,-350.75,0,1,DINEIN1,1,False,217.19,0,False,18:48:12.307,2025-09-01,0.0,False,1,0.0,DINEIN1,0.0,0,0,-99.99,-10000000000,<NA>,0.0,0,16835,0,0,0,18:48:12.307,0.0,1,0,0.0,0,0,0,18:48:12.307,18:48:12.307
83,Manam,Manam SM Cebu,16836,0.0,0.0,0,0,105539,0,12,<NA>,20:04:54.117,2025-09-01,20:04:54.117,2025-09-01,True,False,450.0,450.0,48.21,0.0,0,1,GRABFOOD,1,False,0.0,0,False,20:04:54.117,2025-09-01,0.0,False,1,0.0,GRABFOOD,0.0,0,0,-99.99,-10000000000,<NA>,0.0,0,16836,0,0,0,20:04:54.117,0.0,1,0,0.0,0,0,0,20:04:54.117,20:04:54.117
83,Manam,Manam SM Cebu,16837,0.0,0.0,0,0,105539,0,12,<NA>,20:05:48.79,2025-09-01,20:05:48.79,2025-09-01,True,False,820.0,820.0,87.86,0.0,0,1,GRABFOOD,1,False,0.0,0,False,20:05:48.79,2025-09-01,0.0,False,1,0.0,GRABFOOD,0.0,0,0,-99.99,-10000000000,<NA>,0.0,0,16837,0,0,0,20:05:48.79,0.0,1,0,0.0,0,0,0,20:05:48.79,20:05:48.79
83,Manam,Manam SM Cebu,16838,0.0,0.0,7,0,105539,4,3,<NA>,18:57:55.127,2025-09-01,18:57:55.127,2025-09-01,True,False,2710.0,2710.0,310.19,-219.71,0,1,DINEIN1,1,False,0.0,0,False,18:57:55.127,2025-09-01,0.0,False,1,0.0,DINEIN1,0.0,0,0,-99.99,-10000000000,<NA>,0.0,0,16838,0,0,0,18:57:55.127,0.0,1,0,0.0,0,0,0,18:57:55.127,18:57:55.127
83,Manam,Manam SM Cebu,16839,0.0,0.0,30,0,105539,2,3,<NA>,19:19:12.51,2025-09-01,19:19:12.51,2025-09-01,True,False,1050.0,1050.0,112.49,-79.69,0,1,DINEIN1,1,False,0.0,0,False,19:19:12.51,2025-09-01,0.0,False,1,0.0,DINEIN1,0.0,0,0,-99.99,-10000000000,<NA>,0.0,0,16839,0,0,0,19:19:12.51,0.0,1,0,0.0,0,0,0,19:19:12.51,19:19:12.51
83,Manam,Manam SM Cebu,16840,0.0,0.0,10,0,105539,11,1,<NA>,19:01:12.057,2025-09-01,19:01:12.057,2025-09-01,True,False,5504.84,5504.84,652.6257142857143,-498.5,0,1,DINEIN1,1,False,108.6,0,False,19:01:12.057,2025-09-01,0.0,False,1,0.0,DINEIN1,0.0,0,0,-99.99,-10000000000,<NA>,0.0,0,16840,0,0,0,19:01:12.057,0.0,1,0,0.0,0,0,0,19:01:12.057,19:01:12.057
83,Manam,Manam SM Cebu,16842,0.0,0.0,0,0,105539,0,12,<NA>,20:23:50.957,2025-09-01,20:23:50.957,2025-09-01,True,False,490.0,490.0,52.5,0.0,0,1,GRABFOOD,1,False,0.0,0,False,20:23:50.957,2025-09-01,0.0,False,1,0.0,GRABFOOD,0.0,0,0,-99.99,-10000000000,<NA>,0.0,0,16842,0,0,0,20:23:50.957,0.0,1,0,0.0,0,0,0,20:23:50.957,20:23:50.957
83,Manam,Manam SM Cebu,16843,0.0,0.0,32,0,105539,4,3,<NA>,19:28:53.2,2025-09-01,19:28:53.2,2025-09-01,True,False,2886.6,2886.6,163.38857142857142,-208.33,0,1,DINEIN1,1,False,272.32,0,False,19:28:53.2,2025-09-01,0.0,False,1,0.0,DINEIN1,0.0,0,0,-99.99,-10000000000,<NA>,0.0,0,16843,0,0,0,19:28:53.2,0.0,1,0,0.0,0,0,0,19:28:53.2,19:28:53.2
83,Manam,Manam SM Cebu,16844,0.0,0.0,0,0,105539,0,1,<NA>,13:28:42.887,2025-09-01,13:28:42.887,2025-09-01,True,False,0.0,0.0,0.0,0.0,0,1,ZR-MAN,1,False,0.0,0,False,13:28:42.887,2025-09-01,0.0,False,1,0.0,ZR-MAN,0.0,0,0,-99.99,-10000000000,<NA>,0.0,0,16844,0,0,0,13:28:42.887,0.0,1,0,0.0,0,0,0,13:28:42.887,13:28:42.887
83,Manam,Manam SM Cebu,16845,0.0,0.0,42,0,105539,2,3,<NA>,19:50:05.16,2025-09-01,19:50:05.16,2025-09-01,True,False,1110.0,1110.0,129.11,-91.45,0,1,DINEIN1,1,False,0.0,0,False,19:50:05.16,2025-09-01,0.0,False,1,0.0,DINEIN1,0.0,0,0,-99.99,-10000000000,<NA>,0.0,0,16845,0,0,0,19:50:05.16,0.0,1,0,0.0,0,0,0,19:50:05.16,19:50:05.16
83,Manam,Manam SM Cebu,16846,0.0,0.0,19,0,105539,10,3,<NA>,19:34:45.96,2025-09-01,19:34:45.96,2025-09-01,True,False,6070.0,6070.0,723.2,-512.28,0,1,DINEIN1,1,False,0.0,0,False,19:34:45.96,2025-09-01,0.0,False,1,0.0,DINEIN1,0.0,0,0,-99.99,-10000000000,<NA>,0.0,0,16846,0,0,0,19:34:45.96,0.0,1,0,0.0,0,0,0,19:34:45.96,19:34:45.96
83,Manam,Manam SM Cebu,16847,0.0,0.0,35,0,105539,4,1,<NA>,19:56:15.813,2025-09-01,19:56:15.813,2025-09-01,True,False,1920.0,1920.0,237.85,-168.48,0,1,DINEIN1,1,False,0.0,0,False,19:56:15.813,2025-09-01,0.0,False,1,0.0,DINEIN1,0.0,0,0,-99.99,-10000000000,<NA>,0.0,0,16847,0,0,0,19:56:15.813,0.0,1,0,0.0,0,0,0,19:56:15.813,19:56:15.813
83,Manam,Manam SM Cebu,16848,0.0,0.0,51,0,105539,8,3,<NA>,19:32:18.13,2025-09-01,19:32:18.13,2025-09-01,True,False,2968.7799999999997,2968.7799999999997,358.60285714285715,-283.03,0,1,DINEIN1,1,False,85.38,0,False,19:32:18.13,2025-09-01,0.0,False,1,0.0,DINEIN1,0.0,0,0,-99.99,-10000000000,<NA>,0.0,0,16848,0,0,0,19:32:18.13,0.0,1,0,0.0,0,0,0,19:32:18.13,19:32:18.13
83,Manam,Manam SM Cebu,16849,0.0,0.0,0,0,105539,0,12,<NA>,20:45:20.94,2025-09-01,20:45:20.94,2025-09-01,True,False,1805.0,1805.0,279.64,0.0,0,1,GRABFOOD,1,False,0.0,0,False,20:45:20.94,2025-09-01,0.0,False,1,0.0,GRABFOOD,0.0,0,0,-99.99,-10000000000,<NA>,0.0,0,16849,0,0,0,20:45:20.94,0.0,1,0,0.0,0,0,0,20:45:20.94,20:45:20.94
83,Manam,Manam SM Cebu,16850,0.0,0.0,1,0,105539,5,3,<NA>,19:44:19.08,2025-09-01,19:44:19.08,2025-09-01,True,False,3715.0,3715.0,398.06,-281.94,0,1,DINEIN1,1,False,0.0,0,False,19:44:19.08,2025-09-01,0.0,False,1,0.0,DINEIN1,0.0,0,0,-99.99,-10000000000,<NA>,0.0,0,16850,0,0,0,19:44:19.08,0.0,1,0,0.0,0,0,0,19:44:19.08,19:44:19.08
83,Manam,Manam SM Cebu,16851,0.0,0.0,0,0,105539,0,1,20% EMP,20:59:54.82,2025-09-01,20:59:54.82,2025-09-01,True,False,55.0,55.0,14.14,0.0,0,1,TAKEOUT,1,False,33.0,0,False,20:59:54.82,2025-09-01,0.0,False,1,0.0,TAKEOUT,0.0,0,0,-99.99,-10000000000,<NA>,0.0,0,16851,0,0,0,20:59:54.82,0.0,1,0,0.0,0,0,0,20:59:54.82,20:59:54.82
83,Manam,Manam SM Cebu,16852,0.0,0.0,45,0,105539,9,3,<NA>,20:06:20.607,2025-09-01,20:06:20.607,2025-09-01,True,False,4831.61,4831.61,863.7571428571429,-751.66,0,1,DINEIN1,1,False,411.31,0,False,20:06:20.607,2025-09-01,0.0,False,1,0.0,DINEIN1,0.0,0,0,-99.99,-10000000000,<NA>,0.0,0,16852,0,0,0,20:06:20.607,0.0,1,0,0.0,0,0,0,20:06:20.607,20:06:20.607
83,Manam,Manam SM Cebu,16853,0.0,0.0,10,0,105539,2,3,<NA>,20:22:08.05,2025-09-01,20:22:08.05,2025-09-01,True,False,959.82,959.82,0.0,-65.27,0,1,DINEIN1,1,False,191.96,0,False,20:22:08.05,2025-09-01,0.0,False,1,0.0,DINEIN1,0.0,0,0,-99.99,-10000000000,<NA>,0.0,0,16853,0,0,0,20:22:08.05,0.0,1,0,0.0,0,0,0,20:22:08.05,20:22:08.05
83,Manam,Manam SM Cebu,16854,0.0,0.0,28,0,105539,12,3,<NA>,20:08:22.74,2025-09-01,20:08:22.74,2025-09-01,True,False,5736.87,5736.87,643.0085714285715,-526.38,0,1,DINEIN1,1,False,213.54,0,False,20:08:22.74,2025-09-01,0.0,False,1,0.0,DINEIN1,0.0,0,0,-99.99,-10000000000,<NA>,0.0,0,16854,0,0,0,20:08:22.74,0.0,1,0,0.0,0,0,0,20:08:22.74,20:08:22.74
83,Manam,Manam SM Cebu,16855,0.0,0.0,20,0,105539,9,3,<NA>,19:29:04.193,2025-09-01,19:29:04.193,2025-09-01,True,False,7470.0,7470.0,821.77,-582.1,0,1,DINEIN1,1,False,0.0,0,False,19:29:04.193,2025-09-01,0.0,False,1,0.0,DINEIN1,0.0,0,0,-99.99,-10000000000,<NA>,0.0,0,16855,0,0,0,19:29:04.193,0.0,1,0,0.0,0,0,0,19:29:04.193,19:29:04.193
83,Manam,Manam SM Cebu,16856,0.0,0.0,11,0,105539,4,1,<NA>,20:23:16.897,2025-09-01,20:23:16.897,2025-09-01,True,False,1365.6599999999999,1365.6599999999999,39.77285714285714,-95.8,0,1,DINEIN1,1,False,198.88,0,False,20:23:16.897,2025-09-01,0.0,False,1,0.0,DINEIN1,0.0,0,0,-99.99,-10000000000,<NA>,0.0,0,16856,0,0,0,20:23:16.897,0.0,1,0,0.0,0,0,0,20:23:16.897,20:23:16.897
83,Manam,Manam SM Cebu,16857,0.0,0.0,50,0,105539,5,3,<NA>,20:18:07.237,2025-09-01,20:18:07.237,2025-09-01,True,False,2055.0,2055.0,220.18,-155.96,0,1,DINEIN1,1,False,0.0,0,False,20:18:07.237,2025-09-01,0.0,False,1,0.0,DINEIN1,0.0,0,0,-99.99,-10000000000,<NA>,0.0,0,16857,0,0,0,20:18:07.237,0.0,1,0,0.0,0,0,0,20:18:07.237,20:18:07.237
83,Manam,Manam SM Cebu,16858,0.0,0.0,7,0,105539,2,1,<NA>,20:16:03.58,2025-09-01,20:16:03.58,2025-09-01,True,False,1475.0,1475.0,158.03,-111.94,0,1,DINEIN1,1,False,0.0,0,False,20:16:03.58,2025-09-01,0.0,False,1,0.0,DINEIN1,0.0,0,0,-99.99,-10000000000,<NA>,0.0,0,16858,0,0,0,20:16:03.58,0.0,1,0,0.0,0,0,0,20:16:03.58,20:16:03.58
83,Manam,Manam SM Cebu,16861,0.0,0.0,9,0,105539,2,1,<NA>,20:35:11.06,2025-09-01,20:35:11.06,2025-09-01,True,False,1629.47,1629.47,0.0,-116.57,0,1,DINEIN1,1,False,342.86,0,False,20:35:11.06,2025-09-01,0.0,False,1,0.0,DINEIN1,0.0,0,0,-99.99,-10000000000,<NA>,0.0,0,16861,0,0,0,20:35:11.06,0.0,1,0,0.0,0,0,0,20:35:11.06,20:35:11.06
83,Manam,Manam SM Cebu,16863,0.0,0.0,19,0,105539,2,1,<NA>,20:55:31.83,2025-09-01,20:55:31.83,2025-09-01,True,False,1065.0,1065.0,114.11,-80.83,0,1,DINEIN1,1,False,0.0,0,False,20:55:31.83,2025-09-01,0.0,False,1,0.0,DINEIN1,0.0,0,0,-99.99,-10000000000,<NA>,0.0,0,16863,0,0,0,20:55:31.83,0.0,1,0,0.0,0,0,0,20:55:31.83,20:55:31.83
83,Manam,Manam SM Cebu,16864,0.0,0.0,4,0,105539,8,3,<NA>,19:51:03.707,2025-09-01,19:51:03.707,2025-09-01,True,False,4128.95,4128.95,392.3428571428571,-309.67,0,1,DINEIN1,1,False,93.42,0,False,19:51:03.707,2025-09-01,0.0,False,1,0.0,DINEIN1,0.0,0,0,-99.99,-10000000000,<NA>,0.0,0,16864,0,0,0,19:51:03.707,0.0,1,0,0.0,0,0,0,19:51:03.707,19:51:03.707
83,Manam,Manam SM Cebu,16865,0.0,0.0,32,0,105539,2,3,<NA>,20:32:25.917,2025-09-01,20:32:25.917,2025-09-01,True,False,960.62,960.62,54.36571428571429,-69.33,0,1,DINEIN1,1,False,90.63,0,False,20:32:25.917,2025-09-01,0.0,False,1,0.0,DINEIN1,0.0,0,0,-99.99,-10000000000,<NA>,0.0,0,16865,0,0,0,20:32:25.917,0.0,1,0,0.0,0,0,0,20:32:25.917,20:32:25.917
83,Manam,Manam SM Cebu,16873,0.0,0.0,0,0,105539,0,1,<NA>,08:04:41.897,2025-09-02,08:04:41.897,2025-09-02,True,False,0.0,0.0,0.0,0.0,0,1,ZR-TRAINING,1,False,0.0,0,False,08:04:41.897,2025-09-02,0.0,False,1,0.0,ZR-TRAINING,0.0,0,0,-99.99,-10000000000,<NA>,0.0,0,16873,0,0,0,08:04:41.897,0.0,1,0,0.0,0,0,0,08:04:41.897,08:04:41.897
83,Manam,Manam SM Cebu,16875,0.0,0.0,0,0,105539,0,12,<NA>,10:06:41.113,2025-09-02,10:06:41.113,2025-09-02,True,False,255.0,255.0,27.32,0.0,0,1,GRABFOOD,1,False,0.0,0,False,10:06:41.113,2025-09-02,0.0,False,1,0.0,GRABFOOD,0.0,0,0,-99.99,-10000000000,<NA>,0.0,0,16875,0,0,0,10:06:41.113,0.0,1,0,0.0,0,0,0,10:06:41.113,10:06:41.113
83,Manam,Manam SM Cebu,16877,0.0,0.0,0,0,105539,0,12,<NA>,10:13:56.74,2025-09-02,10:13:56.74,2025-09-02,True,False,575.0,575.0,74.46,0.0,0,1,GRABFOOD,1,False,0.0,0,False,10:13:56.74,2025-09-02,0.0,False,1,0.0,GRABFOOD,0.0,0,0,-99.99,-10000000000,<NA>,0.0,0,16877,0,0,0,10:13:56.74,0.0,1,0,0.0,0,0,0,10:13:56.74,10:13:56.74
83,Manam,Manam SM Cebu,16878,0.0,0.0,0,0,105539,0,12,<NA>,10:15:23.483,2025-09-02,10:15:23.483,2025-09-02,True,False,2220.0,2220.0,237.85,0.0,0,1,GRABFOOD,1,False,0.0,0,False,10:15:23.483,2025-09-02,0.0,False,1,0.0,GRABFOOD,0.0,0,0,-99.99,-10000000000,<NA>,0.0,0,16878,0,0,0,10:15:23.483,0.0,1,0,0.0,0,0,0,10:15:23.483,10:15:23.483
83,Manam,Manam SM Cebu,16879,0.0,0.0,0,0,105539,0,10,<NA>,10:51:38.877,2025-09-02,10:51:38.877,2025-09-02,True,False,1653.0,1653.0,177.12,0.0,0,1,FOODPANDA,1,False,0.0,0,False,10:51:38.877,2025-09-02,0.0,False,1,0.0,FOODPANDA,0.0,0,0,-99.99,-10000000000,<NA>,0.0,0,16879,0,0,0,10:51:38.877,0.0,1,0,0.0,0,0,0,10:51:38.877,10:51:38.877
83,Manam,Manam SM Cebu,16880,0.0,0.0,0,0,105539,0,12,<NA>,10:54:11.487,2025-09-02,10:54:11.487,2025-09-02,True,False,1135.0,1135.0,121.61,0.0,0,1,GRABFOOD,1,False,0.0,0,False,10:54:11.487,2025-09-02,0.0,False,1,0.0,GRABFOOD,0.0,0,0,-99.99,-10000000000,<NA>,0.0,0,16880,0,0,0,10:54:11.487,0.0,1,0,0.0,0,0,0,10:54:11.487,10:54:11.487
83,Manam,Manam SM Cebu,16883,0.0,0.0,0,0,105539,0,10,<NA>,10:59:45.44,2025-09-02,10:59:45.44,2025-09-02,True,False,738.0,738.0,79.06,0.0,0,1,FOODPANDA,1,False,0.0,0,False,10:59:45.44,2025-09-02,0.0,False,1,0.0,FOODPANDA,0.0,0,0,-99.99,-10000000000,<NA>,0.0,0,16883,0,0,0,10:59:45.44,0.0,1,0,0.0,0,0,0,10:59:45.44,10:59:45.44
83,Manam,Manam SM Cebu,16884,0.0,0.0,28,0,105539,2,1,<NA>,10:07:27.637,2025-09-02,10:07:27.637,2025-09-02,True,False,1100.0,1100.0,117.86,-83.48,0,1,DINEIN1,1,False,0.0,0,False,10:07:27.637,2025-09-02,0.0,False,1,0.0,DINEIN1,0.0,0,0,-99.99,-10000000000,<NA>,0.0,0,16884,0,0,0,10:07:27.637,0.0,1,0,0.0,0,0,0,10:07:27.637,10:07:27.637
83,Manam,Manam SM Cebu,16885,0.0,0.0,0,0,105539,0,12,<NA>,11:08:01.673,2025-09-02,11:08:01.673,2025-09-02,True,False,718.0,718.0,76.93,0.0,0,1,GRABFOOD,1,False,0.0,0,False,11:08:01.673,2025-09-02,0.0,False,1,0.0,GRABFOOD,0.0,0,0,-99.99,-10000000000,<NA>,0.0,0,16885,0,0,0,11:08:01.673,0.0,1,0,0.0,0,0,0,11:08:01.673,11:08:01.673
83,Manam,Manam SM Cebu,16887,0.0,0.0,0,0,105539,0,12,<NA>,11:22:49.493,2025-09-02,11:22:49.493,2025-09-02,True,False,428.0,428.0,45.86,0.0,0,1,GRABFOOD,1,False,0.0,0,False,11:22:49.493,2025-09-02,0.0,False,1,0.0,GRABFOOD,0.0,0,0,-99.99,-10000000000,<NA>,0.0,0,16887,0,0,0,11:22:49.493,0.0,1,0,0.0,0,0,0,11:22:49.493,11:22:49.493
83,Manam,Manam SM Cebu,16888,0.0,0.0,0,0,105539,0,12,<NA>,11:23:53.607,2025-09-02,11:23:53.607,2025-09-02,True,False,626.0,626.0,67.07,0.0,0,1,GRABFOOD,1,False,0.0,0,False,11:23:53.607,2025-09-02,0.0,False,1,0.0,GRABFOOD,0.0,0,0,-99.99,-10000000000,<NA>,0.0,0,16888,0,0,0,11:23:53.607,0.0,1,0,0.0,0,0,0,11:23:53.607,11:23:53.607
83,Manam,Manam SM Cebu,16889,0.0,0.0,0,0,105539,0,12,<NA>,11:25:20.443,2025-09-02,11:25:20.443,2025-09-02,True,False,1300.0,1300.0,195.0,0.0,0,1,GRABFOOD,1,False,0.0,0,False,11:25:20.443,2025-09-02,0.0,False,1,0.0,GRABFOOD,0.0,0,0,-99.99,-10000000000,<NA>,0.0,0,16889,0,0,0,11:25:20.443,0.0,1,0,0.0,0,0,0,11:25:20.443,11:25:20.443
83,Manam,Manam SM Cebu,16890,0.0,0.0,23,0,105539,2,1,<NA>,10:42:06.7,2025-09-02,10:42:06.7,2025-09-02,True,False,2095.0,2095.0,224.46,-159.0,0,1,DINEIN1,1,False,0.0,0,False,10:42:06.7,2025-09-02,0.0,False,1,0.0,DINEIN1,0.0,0,0,-99.99,-10000000000,<NA>,0.0,0,16890,0,0,0,10:42:06.7,0.0,1,0,0.0,0,0,0,10:42:06.7,10:42:06.7
83,Manam,Manam SM Cebu,16891,0.0,0.0,0,0,105539,0,12,<NA>,11:39:04.57,2025-09-02,11:39:04.57,2025-09-02,True,False,1230.0,1230.0,131.78,0.0,0,1,GRABFOOD,1,False,0.0,0,False,11:39:04.57,2025-09-02,0.0,False,1,0.0,GRABFOOD,0.0,0,0,-99.99,-10000000000,<NA>,0.0,0,16891,0,0,0,11:39:04.57,0.0,1,0,0.0,0,0,0,11:39:04.57,11:39:04.57
83,Manam,Manam SM Cebu,16892,0.0,0.0,0,0,105539,0,12,<NA>,11:40:16.933,2025-09-02,11:40:16.933,2025-09-02,True,False,255.0,255.0,27.32,0.0,0,1,GRABFOOD,1,False,0.0,0,False,11:40:16.933,2025-09-02,0.0,False,1,0.0,GRABFOOD,0.0,0,0,-99.99,-10000000000,<NA>,0.0,0,16892,0,0,0,11:40:16.933,0.0,1,0,0.0,0,0,0,11:40:16.933,11:40:16.933
83,Manam,Manam SM Cebu,16893,0.0,0.0,0,0,105539,0,12,<NA>,11:41:41.05,2025-09-02,11:41:41.05,2025-09-02,True,False,841.0,841.0,90.11,0.0,0,1,GRABFOOD,1,False,0.0,0,False,11:41:41.05,2025-09-02,0.0,False,1,0.0,GRABFOOD,0.0,0,0,-99.99,-10000000000,<NA>,0.0,0,16893,0,0,0,11:41:41.05,0.0,1,0,0.0,0,0,0,11:41:41.05,11:41:41.05
83,Manam,Manam SM Cebu,16894,0.0,0.0,44,0,105539,2,3,<NA>,10:46:15.57,2025-09-02,10:46:15.57,2025-09-02,True,False,1386.51,1386.51,78.48285714285714,-100.06,0,1,DINEIN1,1,False,130.81,0,False,10:46:15.57,2025-09-02,0.0,False,1,0.0,DINEIN1,0.0,0,0,-99.99,-10000000000,<NA>,0.0,0,16894,0,0,0,10:46:15.57,0.0,1,0,0.0,0,0,0,10:46:15.57,10:46:15.57
83,Manam,Manam SM Cebu,16895,0.0,0.0,7,0,105539,4,3,<NA>,10:48:13.39,2025-09-02,10:48:13.39,2025-09-02,True,False,1946.43,1946.43,160.71142857142857,-144.2,0,1,DINEIN1,1,False,89.29,0,False,10:48:13.39,2025-09-02,0.0,False,1,0.0,DINEIN1,0.0,0,0,-99.99,-10000000000,<NA>,0.0,0,16895,0,0,0,10:48:13.39,0.0,1,0,0.0,0,0,0,10:48:13.39,10:48:13.39
83,Manam,Manam SM Cebu,16896,0.0,0.0,42,0,105539,2,3,<NA>,11:07:45.93,2025-09-02,11:07:45.93,2025-09-02,True,False,1000.0,1000.0,107.15,-75.89,0,1,DINEIN1,1,False,0.0,0,False,11:07:45.93,2025-09-02,0.0,False,1,0.0,DINEIN1,0.0,0,0,-99.99,-10000000000,<NA>,0.0,0,16896,0,0,0,11:07:45.93,0.0,1,0,0.0,0,0,0,11:07:45.93,11:07:45.93
83,Manam,Manam SM Cebu,16897,0.0,0.0,0,0,105539,0,10,<NA>,11:52:14.393,2025-09-02,11:52:14.393,2025-09-02,True,False,576.0,576.0,61.71,0.0,0,1,FOODPANDA,1,False,0.0,0,False,11:52:14.393,2025-09-02,0.0,False,1,0.0,FOODPANDA,0.0,0,0,-99.99,-10000000000,<NA>,0.0,0,16897,0,0,0,11:52:14.393,0.0,1,0,0.0,0,0,0,11:52:14.393,11:52:14.393
83,Manam,Manam SM Cebu,16898,0.0,0.0,0,0,105539,0,12,<NA>,11:57:25.447,2025-09-02,11:57:25.447,2025-09-02,True,False,1425.0,1425.0,152.68,0.0,0,1,GRABFOOD,1,False,0.0,0,False,11:57:25.447,2025-09-02,0.0,False,1,0.0,GRABFOOD,0.0,0,0,-99.99,-10000000000,<NA>,0.0,0,16898,0,0,0,11:57:25.447,0.0,1,0,0.0,0,0,0,11:57:25.447,11:57:25.447
83,Manam,Manam SM Cebu,16899,0.0,0.0,45,0,105539,1,1,<NA>,11:29:40.033,2025-09-02,11:29:40.033,2025-09-02,True,False,480.0,480.0,51.43,-36.43,0,1,DINEIN1,1,False,0.0,0,False,11:29:40.033,2025-09-02,0.0,False,1,0.0,DINEIN1,0.0,0,0,-99.99,-10000000000,<NA>,0.0,0,16899,0,0,0,11:29:40.033,0.0,1,0,0.0,0,0,0,11:29:40.033,11:29:40.033
83,Manam,Manam SM Cebu,16900,0.0,0.0,20,0,105539,5,3,<NA>,10:21:01.187,2025-09-02,10:21:01.187,2025-09-02,True,False,4096.24,4096.24,396.42571428571426,-336.96,0,1,DINEIN1,1,False,165.17,0,False,10:21:01.187,2025-09-02,0.0,False,1,0.0,DINEIN1,0.0,0,0,-99.99,-10000000000,<NA>,0.0,0,16900,0,0,0,10:21:01.187,0.0,1,0,0.0,0,0,0,10:21:01.187,10:21:01.187
83,Manam,Manam SM Cebu,16901,0.0,0.0,33,0,105539,1,1,<NA>,11:43:42.28,2025-09-02,11:43:42.28,2025-09-02,True,False,330.0,330.0,35.36,-25.04,0,1,DINEIN1,1,False,0.0,0,False,11:43:42.28,2025-09-02,0.0,False,1,0.0,DINEIN1,0.0,0,0,-99.99,-10000000000,<NA>,0.0,0,16901,0,0,0,11:43:42.28,0.0,1,0,0.0,0,0,0,11:43:42.28,11:43:42.28
83,Manam,Manam SM Cebu,16902,0.0,0.0,43,0,105539,2,1,<NA>,11:21:53.833,2025-09-02,11:21:53.833,2025-09-02,True,False,1295.0,1295.0,148.93,-105.49,0,1,DINEIN1,1,False,0.0,0,False,11:21:53.833,2025-09-02,0.0,False,1,0.0,DINEIN1,0.0,0,0,-99.99,-10000000000,<NA>,0.0,0,16902,0,0,0,11:21:53.833,0.0,1,0,0.0,0,0,0,11:21:53.833,11:21:53.833
83,Manam,Manam SM Cebu,16903,0.0,0.0,33,0,105539,1,1,<NA>,12:09:47.617,2025-09-02,12:09:47.617,2025-09-02,True,False,294.64,294.64,0.0,-20.04,0,1,DINEIN1,1,False,58.93,0,False,12:09:47.617,2025-09-02,0.0,False,1,0.0,DINEIN1,0.0,0,0,-99.99,-10000000000,<NA>,0.0,0,16903,0,0,0,12:09:47.617,0.0,1,0,0.0,0,0,0,12:09:47.617,12:09:47.617
83,Manam,Manam SM Cebu,16904,0.0,0.0,33,0,105539,0,1,<NA>,12:11:33.45,2025-09-02,12:11:33.45,2025-09-02,True,False,330.0,330.0,-35.36,25.04,0,1,DINEIN1,1,False,0.0,0,False,12:11:33.45,2025-09-02,0.0,False,1,0.0,DINEIN1,0.0,0,0,-99.99,-10000000000,<NA>,0.0,0,16904,0,0,0,12:11:33.45,0.0,1,0,0.0,0,0,0,12:11:33.45,12:11:33.45
83,Manam,Manam SM Cebu,16905,0.0,0.0,34,0,105539,4,1,<NA>,11:18:17.077,2025-09-02,11:18:17.077,2025-09-02,True,False,2325.1800000000003,2325.1800000000003,137.68,-175.54,0,1,DINEIN1,1,False,229.47,0,False,11:18:17.077,2025-09-02,0.0,False,1,0.0,DINEIN1,0.0,0,0,-99.99,-10000000000,<NA>,0.0,0,16905,0,0,0,11:18:17.077,0.0,1,0,0.0,0,0,0,11:18:17.077,11:18:17.077
83,Manam,Manam SM Cebu,16906,0.0,0.0,10,0,105539,2,1,<NA>,11:39:30.52,2025-09-02,11:39:30.52,2025-09-02,True,False,875.0,875.0,93.75,-66.41,0,1,DINEIN1,1,False,0.0,0,False,11:39:30.52,2025-09-02,0.0,False,1,0.0,DINEIN1,0.0,0,0,-99.99,-10000000000,<NA>,0.0,0,16906,0,0,0,11:39:30.52,0.0,1,0,0.0,0,0,0,11:39:30.52,11:39:30.52
83,Manam,Manam SM Cebu,16907,0.0,0.0,4,0,105539,3,1,<NA>,11:15:33.483,2025-09-02,11:15:33.483,2025-09-02,True,False,2560.0,2560.0,274.29,-194.29,0,1,DINEIN1,1,False,0.0,0,False,11:15:33.483,2025-09-02,0.0,False,1,0.0,DINEIN1,0.0,0,0,-99.99,-10000000000,<NA>,0.0,0,16907,0,0,0,11:15:33.483,0.0,1,0,0.0,0,0,0,11:15:33.483,11:15:33.483
83,Manam,Manam SM Cebu,16908,0.0,0.0,28,0,105539,4,1,<NA>,11:34:48.08,2025-09-02,11:34:48.08,2025-09-02,True,False,2214.64,2214.64,125.35285714285715,-159.84,0,1,DINEIN1,1,False,208.93,0,False,11:34:48.08,2025-09-02,0.0,False,1,0.0,DINEIN1,0.0,0,0,-99.99,-10000000000,<NA>,0.0,0,16908,0,0,0,11:34:48.08,0.0,1,0,0.0,0,0,0,11:34:48.08,11:34:48.08
83,Manam,Manam SM Cebu,16909,0.0,0.0,26,0,105539,3,1,<NA>,11:20:25.483,2025-09-02,11:20:25.483,2025-09-02,True,False,1745.35,1745.35,129.28571428571428,-128.21,0,1,DINEIN1,1,False,107.73,0,False,11:20:25.483,2025-09-02,0.0,False,1,0.0,DINEIN1,0.0,0,0,-99.99,-10000000000,<NA>,0.0,0,16909,0,0,0,11:20:25.483,0.0,1,0,0.0,0,0,0,11:20:25.483,11:20:25.483
83,Manam,Manam SM Cebu,16910,0.0,0.0,11,0,105539,3,1,<NA>,11:47:18.68,2025-09-02,11:47:18.68,2025-09-02,True,False,1650.35,1650.35,129.28428571428572,-128.21,0,1,DINEIN1,1,False,107.73,0,False,11:47:18.68,2025-09-02,0.0,False,1,0.0,DINEIN1,0.0,0,0,-99.99,-10000000000,<NA>,0.0,0,16910,0,0,0,11:47:18.68,0.0,1,0,0.0,0,0,0,11:47:18.68,11:47:18.68
83,Manam,Manam SM Cebu,16911,0.0,0.0,51,0,105539,3,3,<NA>,11:52:51.453,2025-09-02,11:52:51.453,2025-09-02,True,False,2150.0,2150.0,246.42,-174.55,0,1,DINEIN1,1,False,0.0,0,False,11:52:51.453,2025-09-02,0.0,False,1,0.0,DINEIN1,0.0,0,0,-99.99,-10000000000,<NA>,0.0,0,16911,0,0,0,11:52:51.453,0.0,1,0,0.0,0,0,0,11:52:51.453,11:52:51.453
83,Manam,Manam SM Cebu,16913,0.0,0.0,19,0,105539,4,3,<NA>,11:54:57.303,2025-09-02,11:54:57.303,2025-09-02,True,False,2050.0,2050.0,267.86,-189.73,0,1,DINEIN1,1,False,0.0,0,False,11:54:57.303,2025-09-02,0.0,False,1,0.0,DINEIN1,0.0,0,0,-99.99,-10000000000,<NA>,0.0,0,16913,0,0,0,11:54:57.303,0.0,1,0,0.0,0,0,0,11:54:57.303,11:54:57.303
83,Manam,Manam SM Cebu,16914,0.0,0.0,50,0,105539,5,1,<NA>,11:41:53.603,2025-09-02,11:41:53.603,2025-09-02,True,False,2900.7200000000003,2900.7200000000003,132.86,-207.04,0,1,DINEIN1,1,False,332.14,0,False,11:41:53.603,2025-09-02,0.0,False,1,0.0,DINEIN1,0.0,0,0,-99.99,-10000000000,<NA>,0.0,0,16914,0,0,0,11:41:53.603,0.0,1,0,0.0,0,0,0,11:41:53.603,11:41:53.603
83,Manam,Manam SM Cebu,16916,0.0,0.0,1,0,105539,4,3,<NA>,11:32:37.977,2025-09-02,11:32:37.977,2025-09-02,True,False,1774.55,1774.55,100.45285714285714,-128.07,0,1,DINEIN1,1,False,167.4,0,False,11:32:37.977,2025-09-02,0.0,False,1,0.0,DINEIN1,0.0,0,0,-99.99,-10000000000,<NA>,0.0,0,16916,0,0,0,11:32:37.977,0.0,1,0,0.0,0,0,0,11:32:37.977,11:32:37.977
83,Manam,Manam SM Cebu,16917,0.0,0.0,16,0,105539,3,3,<NA>,12:10:18.31,2025-09-02,12:10:18.31,2025-09-02,True,False,3035.0,3035.0,344.46,-244.0,0,1,DINEIN1,1,False,0.0,0,False,12:10:18.31,2025-09-02,0.0,False,1,0.0,DINEIN1,0.0,0,0,-99.99,-10000000000,<NA>,0.0,0,16917,0,0,0,12:10:18.31,0.0,1,0,0.0,0,0,0,12:10:18.31,12:10:18.31
83,Manam,Manam SM Cebu,16918,0.0,0.0,6,0,105539,2,3,<NA>,12:07:49.453,2025-09-02,12:07:49.453,2025-09-02,True,False,1545.0,1545.0,181.6,-128.64,0,1,DINEIN1,1,False,0.0,0,False,12:07:49.453,2025-09-02,0.0,False,1,0.0,DINEIN1,0.0,0,0,-99.99,-10000000000,<NA>,0.0,0,16918,0,0,0,12:07:49.453,0.0,1,0,0.0,0,0,0,12:07:49.453,12:07:49.453
83,Manam,Manam SM Cebu,16919,0.0,0.0,7,0,105539,6,1,<NA>,12:05:25.897,2025-09-02,12:05:25.897,2025-09-02,True,False,4661.09,4661.09,366.43142857142857,-363.37,0,1,DINEIN1,1,False,305.36,0,False,12:05:25.897,2025-09-02,0.0,False,1,0.0,DINEIN1,0.0,0,0,-99.99,-10000000000,<NA>,0.0,0,16919,0,0,0,12:05:25.897,0.0,1,0,0.0,0,0,0,12:05:25.897,12:05:25.897
83,Manam,Manam SM Cebu,16920,0.0,0.0,14,0,105539,4,3,<NA>,11:55:17.837,2025-09-02,11:55:17.837,2025-09-02,True,False,2565.0,2565.0,291.97,-206.81,0,1,DINEIN1,1,False,0.0,0,False,11:55:17.837,2025-09-02,0.0,False,1,0.0,DINEIN1,0.0,0,0,-99.99,-10000000000,<NA>,0.0,0,16920,0,0,0,11:55:17.837,0.0,1,0,0.0,0,0,0,11:55:17.837,11:55:17.837
83,Manam,Manam SM Cebu,16921,0.0,0.0,52,0,105539,2,3,<NA>,12:06:43.8,2025-09-02,12:06:43.8,2025-09-02,True,False,1435.0,1435.0,153.76,-108.91,0,1,DINEIN1,1,False,0.0,0,False,12:06:43.8,2025-09-02,0.0,False,1,0.0,DINEIN1,0.0,0,0,-99.99,-10000000000,<NA>,0.0,0,16921,0,0,0,12:06:43.8,0.0,1,0,0.0,0,0,0,12:06:43.8,12:06:43.8
83,Manam,Manam SM Cebu,16922,0.0,0.0,23,0,105539,3,3,<NA>,12:00:22.837,2025-09-02,12:00:22.837,2025-09-02,True,False,1678.5900000000001,1678.5900000000001,71.43857142857144,-131.54,0,1,DINEIN1,1,False,238.1,0,False,12:00:22.837,2025-09-02,0.0,False,1,0.0,DINEIN1,0.0,0,0,-99.99,-10000000000,<NA>,0.0,0,16922,0,0,0,12:00:22.837,0.0,1,0,0.0,0,0,0,12:00:22.837,12:00:22.837
83,Manam,Manam SM Cebu,16923,0.0,0.0,0,0,105539,0,12,<NA>,13:09:25.743,2025-09-02,13:09:25.743,2025-09-02,True,False,1025.0,1025.0,109.82,0.0,0,1,GRABFOOD,1,False,0.0,0,False,13:09:25.743,2025-09-02,0.0,False,1,0.0,GRABFOOD,0.0,0,0,-99.99,-10000000000,<NA>,0.0,0,16923,0,0,0,13:09:25.743,0.0,1,0,0.0,0,0,0,13:09:25.743,13:09:25.743
83,Manam,Manam SM Cebu,16924,0.0,0.0,11,0,105539,2,3,<NA>,12:40:36.357,2025-09-02,12:40:36.357,2025-09-02,True,False,1205.0,1205.0,129.1,-91.45,0,1,DINEIN1,1,False,0.0,0,False,12:40:36.357,2025-09-02,0.0,False,1,0.0,DINEIN1,0.0,0,0,-99.99,-10000000000,<NA>,0.0,0,16924,0,0,0,12:40:36.357,0.0,1,0,0.0,0,0,0,12:40:36.357,12:40:36.357
83,Manam,Manam SM Cebu,16925,0.0,0.0,44,0,105539,2,3,<NA>,12:23:13.793,2025-09-02,12:23:13.793,2025-09-02,True,False,1140.45,1140.45,64.55571428571429,-82.31,0,1,DINEIN1,1,False,107.59,0,False,12:23:13.793,2025-09-02,0.0,False,1,0.0,DINEIN1,0.0,0,0,-99.99,-10000000000,<NA>,0.0,0,16925,0,0,0,12:23:13.793,0.0,1,0,0.0,0,0,0,12:23:13.793,12:23:13.793
83,Manam,Manam SM Cebu,16926,0.0,0.0,0,0,105539,0,12,<NA>,13:24:24.697,2025-09-02,13:24:24.697,2025-09-02,True,False,670.0,670.0,71.79,0.0,0,1,GRABFOOD,1,False,0.0,0,False,13:24:24.697,2025-09-02,0.0,False,1,0.0,GRABFOOD,0.0,0,0,-99.99,-10000000000,<NA>,0.0,0,16926,0,0,0,13:24:24.697,0.0,1,0,0.0,0,0,0,13:24:24.697,13:24:24.697
83,Manam,Manam SM Cebu,16927,0.0,0.0,20,0,105539,4,1,<NA>,12:36:53.957,2025-09-02,12:36:53.957,2025-09-02,True,False,2275.0,2275.0,325.18,-230.33,0,1,DINEIN1,1,False,0.0,0,False,12:36:53.957,2025-09-02,0.0,False,1,0.0,DINEIN1,0.0,0,0,-99.99,-10000000000,<NA>,0.0,0,16927,0,0,0,12:36:53.957,0.0,1,0,0.0,0,0,0,12:36:53.957,12:36:53.957
83,Manam,Manam SM Cebu,16928,0.0,0.0,50,0,105539,4,3,<NA>,12:56:03.797,2025-09-02,12:56:03.797,2025-09-02,True,False,1210.0,1210.0,129.64,-91.83,0,1,DINEIN1,1,False,0.0,0,False,12:56:03.797,2025-09-02,0.0,False,1,0.0,DINEIN1,0.0,0,0,-99.99,-10000000000,<NA>,0.0,0,16928,0,0,0,12:56:03.797,0.0,1,0,0.0,0,0,0,12:56:03.797,12:56:03.797
83,Manam,Manam SM Cebu,16929,0.0,0.0,0,0,105539,0,12,<NA>,13:41:58.8,2025-09-02,13:41:58.8,2025-09-02,True,False,1026.0,1026.0,109.92,0.0,0,1,GRABFOOD,1,False,0.0,0,False,13:41:58.8,2025-09-02,0.0,False,1,0.0,GRABFOOD,0.0,0,0,-99.99,-10000000000,<NA>,0.0,0,16929,0,0,0,13:41:58.8,0.0,1,0,0.0,0,0,0,13:41:58.8,13:41:58.8
83,Manam,Manam SM Cebu,16930,0.0,0.0,40,0,105539,6,3,<NA>,12:02:07.553,2025-09-02,12:02:07.553,2025-09-02,True,False,4550.0,4550.0,751.6,-532.39,0,1,DINEIN1,1,False,0.0,0,False,12:02:07.553,2025-09-02,0.0,False,1,0.0,DINEIN1,0.0,0,0,-99.99,-10000000000,<NA>,0.0,0,16930,0,0,0,12:02:07.553,0.0,1,0,0.0,0,0,0,12:02:07.553,12:02:07.553
83,Manam,Manam SM Cebu,16931,0.0,0.0,4,0,105539,4,1,<NA>,12:25:50.373,2025-09-02,12:25:50.373,2025-09-02,True,False,3165.0,3165.0,380.36,-269.42,0,1,DINEIN1,1,False,0.0,0,False,12:25:50.373,2025-09-02,0.0,False,1,0.0,DINEIN1,0.0,0,0,-99.99,-10000000000,<NA>,0.0,0,16931,0,0,0,12:25:50.373,0.0,1,0,0.0,0,0,0,12:25:50.373,12:25:50.373
83,Manam,Manam SM Cebu,16932,0.0,0.0,45,0,105539,3,3,<NA>,12:27:55.317,2025-09-02,12:27:55.317,2025-09-02,True,False,1850.0,1850.0,215.36,-152.54,0,1,DINEIN1,1,False,0.0,0,False,12:27:55.317,2025-09-02,0.0,False,1,0.0,DINEIN1,0.0,0,0,-99.99,-10000000000,<NA>,0.0,0,16932,0,0,0,12:27:55.317,0.0,1,0,0.0,0,0,0,12:27:55.317,12:27:55.317
83,Manam,Manam SM Cebu,16933,0.0,0.0,28,0,105539,10,1,<NA>,12:45:01.55,2025-09-02,12:45:01.55,2025-09-02,True,False,5220.0,5220.0,617.15,-437.14,0,1,DINEIN1,1,False,0.0,0,False,12:45:01.55,2025-09-02,0.0,False,1,0.0,DINEIN1,0.0,0,0,-99.99,-10000000000,<NA>,0.0,0,16933,0,0,0,12:45:01.55,0.0,1,0,0.0,0,0,0,12:45:01.55,12:45:01.55
83,Manam,Manam SM Cebu,16934,0.0,0.0,10,0,105539,2,3,<NA>,12:15:20.5,2025-09-02,12:15:20.5,2025-09-02,True,False,2058.31,2058.31,126.69571428571427,-161.54,0,1,DINEIN1,1,False,211.16,0,False,12:15:20.5,2025-09-02,0.0,False,1,0.0,DINEIN1,0.0,0,0,-99.99,-10000000000,<NA>,0.0,0,16934,0,0,0,12:15:20.5,0.0,1,0,0.0,0,0,0,12:15:20.5,12:15:20.5
83,Manam,Manam SM Cebu,16935,0.0,0.0,52,0,105539,2,1,<NA>,13:08:33.27,2025-09-02,13:08:33.27,2025-09-02,True,False,1310.0,1310.0,140.36,-99.42,0,1,DINEIN1,1,False,0.0,0,False,13:08:33.27,2025-09-02,0.0,False,1,0.0,DINEIN1,0.0,0,0,-99.99,-10000000000,<NA>,0.0,0,16935,0,0,0,13:08:33.27,0.0,1,0,0.0,0,0,0,13:08:33.27,13:08:33.27
83,Manam,Manam SM Cebu,16936,0.0,0.0,1,0,105539,3,3,<NA>,13:21:15.677,2025-09-02,13:21:15.677,2025-09-02,True,False,2020.0,2020.0,236.26,-167.34,0,1,DINEIN1,1,False,0.0,0,False,13:21:15.677,2025-09-02,0.0,False,1,0.0,DINEIN1,0.0,0,0,-99.99,-10000000000,<NA>,0.0,0,16936,0,0,0,13:21:15.677,0.0,1,0,0.0,0,0,0,13:21:15.677,13:21:15.677
83,Manam,Manam SM Cebu,16937,0.0,0.0,11,0,105539,2,5,<NA>,13:26:48.117,2025-09-02,13:26:48.117,2025-09-02,True,False,2090.0,2090.0,223.93,-158.62,0,1,DINEIN1,1,False,0.0,0,False,13:26:48.117,2025-09-02,0.0,False,1,0.0,DINEIN1,0.0,0,0,-99.99,-10000000000,<NA>,0.0,0,16937,0,0,0,13:26:48.117,0.0,1,0,0.0,0,0,0,13:26:48.117,13:26:48.117
83,Manam,Manam SM Cebu,16938,0.0,0.0,17,0,105539,10,3,15% LOYAL,13:01:32.323,2025-09-02,13:01:32.323,2025-09-02,True,False,3985.0,3985.0,600.15,-425.11,0,1,DINEIN1,1,False,988.5,0,False,13:01:32.323,2025-09-02,0.0,False,1,0.0,DINEIN1,0.0,0,0,-99.99,-10000000000,10311724,0.0,0,16938,0,0,0,13:01:32.323,0.0,1,0,0.0,0,0,0,13:01:32.323,13:01:32.323
83,Manam,Manam SM Cebu,16939,0.0,0.0,3,0,105539,2,1,<NA>,12:12:06.67,2025-09-02,12:12:06.67,2025-09-02,True,False,955.0,955.0,102.32,-72.48,0,1,DINEIN1,1,False,0.0,0,False,12:12:06.67,2025-09-02,0.0,False,1,0.0,DINEIN1,0.0,0,0,-99.99,-10000000000,<NA>,0.0,0,16939,0,0,0,12:12:06.67,0.0,1,0,0.0,0,0,0,12:12:06.67,12:12:06.67
83,Manam,Manam SM Cebu,16940,0.0,0.0,51,0,105539,3,1,<NA>,12:56:49.153,2025-09-02,12:56:49.153,2025-09-02,True,False,2196.08,2196.08,84.46714285714285,-155.56,0,1,DINEIN1,1,False,281.55,0,False,12:56:49.153,2025-09-02,0.0,False,1,0.0,DINEIN1,0.0,0,0,-99.99,-10000000000,<NA>,0.0,0,16940,0,0,0,12:56:49.153,0.0,1,0,0.0,0,0,0,12:56:49.153,12:56:49.153
83,Manam,Manam SM Cebu,16942,0.0,0.0,8,0,105539,2,1,<NA>,13:49:40.737,2025-09-02,13:49:40.737,2025-09-02,True,False,1230.0,1230.0,131.79,-93.35,0,1,DINEIN1,1,False,0.0,0,False,13:49:40.737,2025-09-02,0.0,False,1,0.0,DINEIN1,0.0,0,0,-99.99,-10000000000,<NA>,0.0,0,16942,0,0,0,13:49:40.737,0.0,1,0,0.0,0,0,0,13:49:40.737,13:49:40.737
83,Manam,Manam SM Cebu,16943,0.0,0.0,22,0,105539,2,3,<NA>,13:28:17.07,2025-09-02,13:28:17.07,2025-09-02,True,False,1178.3,1178.3,66.7,-85.03,0,1,DINEIN1,1,False,111.16,0,False,13:28:17.07,2025-09-02,0.0,False,1,0.0,DINEIN1,0.0,0,0,-99.99,-10000000000,<NA>,0.0,0,16943,0,0,0,13:28:17.07,0.0,1,0,0.0,0,0,0,13:28:17.07,13:28:17.07
83,Manam,Manam SM Cebu,16944,0.0,0.0,24,0,105539,2,1,<NA>,13:25:54.783,2025-09-02,13:25:54.783,2025-09-02,True,False,656.25,656.25,0.0,-44.62,0,1,DINEIN1,1,False,131.26,0,False,13:25:54.783,2025-09-02,0.0,False,1,0.0,DINEIN1,0.0,0,0,-99.99,-10000000000,<NA>,0.0,0,16944,0,0,0,13:25:54.783,0.0,1,0,0.0,0,0,0,13:25:54.783,13:25:54.783
83,Manam,Manam SM Cebu,16946,0.0,0.0,20,0,105539,2,3,<NA>,13:50:53.557,2025-09-02,13:50:53.557,2025-09-02,True,False,1790.17,1790.17,0.0,-121.73,0,1,DINEIN1,1,False,358.05,0,False,13:50:53.557,2025-09-02,0.0,False,1,0.0,DINEIN1,0.0,0,0,-99.99,-10000000000,<NA>,0.0,0,16946,0,0,0,13:50:53.557,0.0,1,0,0.0,0,0,0,13:50:53.557,13:50:53.557
83,Manam,Manam SM Cebu,16947,0.0,0.0,30,0,105539,5,3,<NA>,11:42:18.667,2025-09-02,11:42:18.667,2025-09-02,True,False,3242.86,3242.86,308.56428571428575,-262.28,0,1,DINEIN1,1,False,128.57,0,False,11:42:18.667,2025-09-02,0.0,False,1,0.0,DINEIN1,0.0,0,0,-99.99,-10000000000,<NA>,0.0,0,16947,0,0,0,11:42:18.667,0.0,1,0,0.0,0,0,0,11:42:18.667,11:42:18.667
83,Manam,Manam SM Cebu,16948,0.0,0.0,33,0,105539,5,1,<NA>,12:19:29.013,2025-09-02,12:19:29.013,2025-09-02,True,False,3195.0,3195.0,359.47,-254.62,0,1,DINEIN1,1,False,0.0,0,False,12:19:29.013,2025-09-02,0.0,False,1,0.0,DINEIN1,0.0,0,0,-99.99,-10000000000,<NA>,0.0,0,16948,0,0,0,12:19:29.013,0.0,1,0,0.0,0,0,0,12:19:29.013,12:19:29.013
83,Manam,Manam SM Cebu,16949,0.0,0.0,14,0,105539,2,3,<NA>,14:06:55.03,2025-09-02,14:06:55.03,2025-09-02,True,False,913.3,913.3,51.68857142857143,-65.91,0,1,DINEIN1,1,False,86.16,0,False,14:06:55.03,2025-09-02,0.0,False,1,0.0,DINEIN1,0.0,0,0,-99.99,-10000000000,<NA>,0.0,0,16949,0,0,0,14:06:55.03,0.0,1,0,0.0,0,0,0,14:06:55.03,14:06:55.03
83,Manam,Manam SM Cebu,16950,0.0,0.0,0,0,105539,0,12,<NA>,15:04:20.867,2025-09-02,15:04:20.867,2025-09-02,True,False,1775.0,1775.0,190.19,0.0,0,1,GRABFOOD,1,False,0.0,0,False,15:04:20.867,2025-09-02,0.0,False,1,0.0,GRABFOOD,0.0,0,0,-99.99,-10000000000,<NA>,0.0,0,16950,0,0,0,15:04:20.867,0.0,1,0,0.0,0,0,0,15:04:20.867,15:04:20.867
83,Manam,Manam SM Cebu,16951,0.0,0.0,1,0,105539,3,1,<NA>,14:20:02.773,2025-09-02,14:20:02.773,2025-09-02,True,False,2680.0,2680.0,310.72,-220.09,0,1,DINEIN1,1,False,0.0,0,False,14:20:02.773,2025-09-02,0.0,False,1,0.0,DINEIN1,0.0,0,0,-99.99,-10000000000,<NA>,0.0,0,16951,0,0,0,14:20:02.773,0.0,1,0,0.0,0,0,0,14:20:02.773,14:20:02.773
83,Manam,Manam SM Cebu,16952,0.0,0.0,0,0,105539,0,12,<NA>,15:21:47.267,2025-09-02,15:21:47.267,2025-09-02,True,False,600.0,600.0,64.29,0.0,0,1,GRABFOOD,1,False,0.0,0,False,15:21:47.267,2025-09-02,0.0,False,1,0.0,GRABFOOD,0.0,0,0,-99.99,-10000000000,<NA>,0.0,0,16952,0,0,0,15:21:47.267,0.0,1,0,0.0,0,0,0,15:21:47.267,15:21:47.267
83,Manam,Manam SM Cebu,16953,0.0,0.0,0,0,105539,0,10,<NA>,15:24:55.447,2025-09-02,15:24:55.447,2025-09-02,True,False,893.0,893.0,95.68,0.0,0,1,FOODPANDA,1,False,0.0,0,False,15:24:55.447,2025-09-02,0.0,False,1,0.0,FOODPANDA,0.0,0,0,-99.99,-10000000000,<NA>,0.0,0,16953,0,0,0,15:24:55.447,0.0,1,0,0.0,0,0,0,15:24:55.447,15:24:55.447
83,Manam,Manam SM Cebu,16954,0.0,0.0,7,0,105539,2,1,<NA>,13:08:33.27,2025-09-02,13:08:33.27,2025-09-02,True,False,662.5,662.5,37.495714285714286,-47.81,0,1,DINEIN1,1,False,62.5,0,False,13:08:33.27,2025-09-02,0.0,False,1,0.0,DINEIN1,0.0,0,0,-99.99,-10000000000,<NA>,0.0,0,16954,0,0,0,13:08:33.27,0.0,1,0,0.0,0,0,0,13:08:33.27,13:08:33.27
83,Manam,Manam SM Cebu,16955,0.0,0.0,0,0,105539,0,10,<NA>,15:38:59.067,2025-09-02,15:38:59.067,2025-09-02,True,False,894.0,894.0,95.79,0.0,0,1,FOODPANDA,1,False,0.0,0,False,15:38:59.067,2025-09-02,0.0,False,1,0.0,FOODPANDA,0.0,0,0,-99.99,-10000000000,<NA>,0.0,0,16955,0,0,0,15:38:59.067,0.0,1,0,0.0,0,0,0,15:38:59.067,15:38:59.067
83,Manam,Manam SM Cebu,16956,0.0,0.0,0,0,108013,0,1,<NA>,15:38:56.33,2025-09-02,15:38:56.33,2025-09-02,True,False,319.46000000000004,319.46000000000004,40.71,0.0,0,1,TAKEOUT,1,False,25.89,0,False,15:38:56.33,2025-09-02,0.0,False,1,0.0,TAKEOUT,0.0,0,0,-99.99,-10000000000,<NA>,0.0,0,16956,0,0,0,15:38:56.33,0.0,1,0,0.0,0,0,0,15:38:56.33,15:38:56.33
83,Manam,Manam SM Cebu,16957,0.0,0.0,0,0,105539,0,12,<NA>,15:46:38.117,2025-09-02,15:46:38.117,2025-09-02,True,False,463.0,463.0,49.61,0.0,0,1,GRABFOOD,1,False,0.0,0,False,15:46:38.117,2025-09-02,0.0,False,1,0.0,GRABFOOD,0.0,0,0,-99.99,-10000000000,<NA>,0.0,0,16957,0,0,0,15:46:38.117,0.0,1,0,0.0,0,0,0,15:46:38.117,15:46:38.117
83,Manam,Manam SM Cebu,16958,0.0,0.0,45,0,105539,4,1,<NA>,14:18:56.117,2025-09-02,14:18:56.117,2025-09-02,True,False,2155.0,2155.0,249.64,-176.83,0,1,DINEIN1,1,False,0.0,0,False,14:18:56.117,2025-09-02,0.0,False,1,0.0,DINEIN1,0.0,0,0,-99.99,-10000000000,<NA>,0.0,0,16958,0,0,0,14:18:56.117,0.0,1,0,0.0,0,0,0,14:18:56.117,14:18:56.117
83,Manam,Manam SM Cebu,16959,0.0,0.0,0,0,105539,0,12,<NA>,16:07:43.84,2025-09-02,16:07:43.84,2025-09-02,True,False,315.0,315.0,33.75,0.0,0,1,GRABFOOD,1,False,0.0,0,False,16:07:43.84,2025-09-02,0.0,False,1,0.0,GRABFOOD,0.0,0,0,-99.99,-10000000000,<NA>,0.0,0,16959,0,0,0,16:07:43.84,0.0,1,0,0.0,0,0,0,16:07:43.84,16:07:43.84
83,Manam,Manam SM Cebu,16960,0.0,0.0,10,0,105539,2,1,<NA>,15:19:42.273,2025-09-02,15:19:42.273,2025-09-02,True,False,1610.0,1610.0,188.57,-133.57,0,1,DINEIN1,1,False,0.0,0,False,15:19:42.273,2025-09-02,0.0,False,1,0.0,DINEIN1,0.0,0,0,-99.99,-10000000000,<NA>,0.0,0,16960,0,0,0,15:19:42.273,0.0,1,0,0.0,0,0,0,15:19:42.273,15:19:42.273
83,Manam,Manam SM Cebu,16961,0.0,0.0,40,0,105539,2,3,<NA>,15:29:34.54,2025-09-02,15:29:34.54,2025-09-02,True,False,709.82,709.82,40.17428571428571,-51.23,0,1,DINEIN1,1,False,66.96,0,False,15:29:34.54,2025-09-02,0.0,False,1,0.0,DINEIN1,0.0,0,0,-99.99,-10000000000,<NA>,0.0,0,16961,0,0,0,15:29:34.54,0.0,1,0,0.0,0,0,0,15:29:34.54,15:29:34.54
83,Manam,Manam SM Cebu,16962,0.0,0.0,20,0,105539,2,1,<NA>,15:17:35.6,2025-09-02,15:17:35.6,2025-09-02,True,False,906.26,906.26,0.0,-67.7,0,1,DINEIN1,1,False,199.11,0,False,15:17:35.6,2025-09-02,0.0,False,1,0.0,DINEIN1,0.0,0,0,-99.99,-10000000000,<NA>,0.0,0,16962,0,0,0,15:17:35.6,0.0,1,0,0.0,0,0,0,15:17:35.6,15:17:35.6
83,Manam,Manam SM Cebu,16963,0.0,0.0,28,0,105539,20,3,<NA>,14:59:41.15,2025-09-02,14:59:41.15,2025-09-02,True,False,6835.0,6835.0,1903.94,-1348.62,0,1,DINEIN1,1,False,0.0,0,False,14:59:41.15,2025-09-02,0.0,False,1,0.0,DINEIN1,0.0,0,0,-99.99,-10000000000,<NA>,0.0,0,16963,0,0,0,14:59:41.15,0.0,1,0,0.0,0,0,0,14:59:41.15,14:59:41.15
83,Manam,Manam SM Cebu,16965,0.0,0.0,0,0,105539,0,10,<NA>,16:37:50.637,2025-09-02,16:37:50.637,2025-09-02,True,False,1566.0,1566.0,167.78,0.0,0,1,FOODPANDA,1,False,0.0,0,False,16:37:50.637,2025-09-02,0.0,False,1,0.0,FOODPANDA,0.0,0,0,-99.99,-10000000000,<NA>,0.0,0,16965,0,0,0,16:37:50.637,0.0,1,0,0.0,0,0,0,16:37:50.637,16:37:50.637
83,Manam,Manam SM Cebu,16966,0.0,0.0,0,0,105539,0,12,<NA>,16:40:16.837,2025-09-02,16:40:16.837,2025-09-02,True,False,905.0,905.0,118.4,0.0,0,1,GRABFOOD,1,False,0.0,0,False,16:40:16.837,2025-09-02,0.0,False,1,0.0,GRABFOOD,0.0,0,0,-99.99,-10000000000,<NA>,0.0,0,16966,0,0,0,16:40:16.837,0.0,1,0,0.0,0,0,0,16:40:16.837,16:40:16.837
83,Manam,Manam SM Cebu,16967,0.0,0.0,0,0,105539,0,12,<NA>,16:51:34.497,2025-09-02,16:51:34.497,2025-09-02,True,False,963.0,963.0,103.18,0.0,0,1,GRABFOOD,1,False,0.0,0,False,16:51:34.497,2025-09-02,0.0,False,1,0.0,GRABFOOD,0.0,0,0,-99.99,-10000000000,<NA>,0.0,0,16967,0,0,0,16:51:34.497,0.0,1,0,0.0,0,0,0,16:51:34.497,16:51:34.497
83,Manam,Manam SM Cebu,16968,0.0,0.0,0,0,105539,0,12,<NA>,16:57:51.63,2025-09-02,16:57:51.63,2025-09-02,True,False,900.0,900.0,96.43,0.0,0,1,GRABFOOD,1,False,0.0,0,False,16:57:51.63,2025-09-02,0.0,False,1,0.0,GRABFOOD,0.0,0,0,-99.99,-10000000000,<NA>,0.0,0,16968,0,0,0,16:57:51.63,0.0,1,0,0.0,0,0,0,16:57:51.63,16:57:51.63
83,Manam,Manam SM Cebu,16969,0.0,0.0,0,0,105539,0,12,<NA>,17:16:24.337,2025-09-02,17:16:24.337,2025-09-02,True,False,1220.0,1220.0,130.72,0.0,0,1,GRABFOOD,1,False,0.0,0,False,17:16:24.337,2025-09-02,0.0,False,1,0.0,GRABFOOD,0.0,0,0,-99.99,-10000000000,<NA>,0.0,0,16969,0,0,0,17:16:24.337,0.0,1,0,0.0,0,0,0,17:16:24.337,17:16:24.337
83,Manam,Manam SM Cebu,16970,0.0,0.0,0,0,108001,0,1,<NA>,17:16:39.947,2025-09-02,17:16:39.947,2025-09-02,True,False,1440.0,1440.0,154.29,0.0,0,1,TAKEOUT,1,False,0.0,0,False,17:16:39.947,2025-09-02,0.0,False,1,0.0,TAKEOUT,0.0,0,0,-99.99,-10000000000,<NA>,0.0,0,16970,0,0,0,17:16:39.947,0.0,1,0,0.0,0,0,0,17:16:39.947,17:16:39.947
83,Manam,Manam SM Cebu,16971,0.0,0.0,0,0,105539,0,12,<NA>,17:23:02.463,2025-09-02,17:23:02.463,2025-09-02,True,False,2620.0,2620.0,280.71,0.0,0,1,GRABFOOD,1,False,0.0,0,False,17:23:02.463,2025-09-02,0.0,False,1,0.0,GRABFOOD,0.0,0,0,-99.99,-10000000000,<NA>,0.0,0,16971,0,0,0,17:23:02.463,0.0,1,0,0.0,0,0,0,17:23:02.463,17:23:02.463
83,Manam,Manam SM Cebu,16972,0.0,0.0,0,0,105539,0,12,<NA>,17:24:33.483,2025-09-02,17:24:33.483,2025-09-02,True,False,2520.0,2520.0,270.0,0.0,0,1,GRABFOOD,1,False,0.0,0,False,17:24:33.483,2025-09-02,0.0,False,1,0.0,GRABFOOD,0.0,0,0,-99.99,-10000000000,<NA>,0.0,0,16972,0,0,0,17:24:33.483,0.0,1,0,0.0,0,0,0,17:24:33.483,17:24:33.483
83,Manam,Manam SM Cebu,16973,0.0,0.0,0,0,105539,0,12,<NA>,17:26:08.9,2025-09-02,17:26:08.9,2025-09-02,True,False,248.0,248.0,26.57,0.0,0,1,GRABFOOD,1,False,0.0,0,False,17:26:08.9,2025-09-02,0.0,False,1,0.0,GRABFOOD,0.0,0,0,-99.99,-10000000000,<NA>,0.0,0,16973,0,0,0,17:26:08.9,0.0,1,0,0.0,0,0,0,17:26:08.9,17:26:08.9
83,Manam,Manam SM Cebu,16974,0.0,0.0,44,0,105539,2,1,<NA>,16:13:44.61,2025-09-02,16:13:44.61,2025-09-02,True,False,724.02,724.02,40.988571428571426,-52.25,0,1,DINEIN1,1,False,68.3,0,False,16:13:44.61,2025-09-02,0.0,False,1,0.0,DINEIN1,0.0,0,0,-99.99,-10000000000,<NA>,0.0,0,16974,0,0,0,16:13:44.61,0.0,1,0,0.0,0,0,0,16:13:44.61,16:13:44.61
83,Manam,Manam SM Cebu,16975,0.0,0.0,0,0,105539,0,12,<NA>,17:29:44.6,2025-09-02,17:29:44.6,2025-09-02,True,False,533.0,533.0,57.11,0.0,0,1,GRABFOOD,1,False,0.0,0,False,17:29:44.6,2025-09-02,0.0,False,1,0.0,GRABFOOD,0.0,0,0,-99.99,-10000000000,<NA>,0.0,0,16975,0,0,0,17:29:44.6,0.0,1,0,0.0,0,0,0,17:29:44.6,17:29:44.6
83,Manam,Manam SM Cebu,16976,0.0,0.0,7,0,105539,2,1,<NA>,17:00:28.553,2025-09-02,17:00:28.553,2025-09-02,True,False,1450.0,1450.0,155.36,-110.04,0,1,DINEIN1,1,False,0.0,0,False,17:00:28.553,2025-09-02,0.0,False,1,0.0,DINEIN1,0.0,0,0,-99.99,-10000000000,<NA>,0.0,0,16976,0,0,0,17:00:28.553,0.0,1,0,0.0,0,0,0,17:00:28.553,17:00:28.553
83,Manam,Manam SM Cebu,16977,0.0,0.0,52,0,105539,2,3,<NA>,17:02:38.073,2025-09-02,17:02:38.073,2025-09-02,True,False,1650.0,1650.0,188.57,-133.57,0,1,DINEIN1,1,False,0.0,0,False,17:02:38.073,2025-09-02,0.0,False,1,0.0,DINEIN1,0.0,0,0,-99.99,-10000000000,<NA>,0.0,0,16977,0,0,0,17:02:38.073,0.0,1,0,0.0,0,0,0,17:02:38.073,17:02:38.073
83,Manam,Manam SM Cebu,16978,0.0,0.0,28,0,105539,2,3,<NA>,16:42:06.137,2025-09-02,16:42:06.137,2025-09-02,True,False,1305.0,1305.0,139.83,-99.04,0,1,DINEIN1,1,False,0.0,0,False,16:42:06.137,2025-09-02,0.0,False,1,0.0,DINEIN1,0.0,0,0,-99.99,-10000000000,<NA>,0.0,0,16978,0,0,0,16:42:06.137,0.0,1,0,0.0,0,0,0,16:42:06.137,16:42:06.137
83,Manam,Manam SM Cebu,16979,0.0,0.0,20,0,105539,2,1,<NA>,17:05:05.75,2025-09-02,17:05:05.75,2025-09-02,True,False,2355.0,2355.0,264.1,-187.08,0,1,DINEIN1,1,False,0.0,0,False,17:05:05.75,2025-09-02,0.0,False,1,0.0,DINEIN1,0.0,0,0,-99.99,-10000000000,<NA>,0.0,0,16979,0,0,0,17:05:05.75,0.0,1,0,0.0,0,0,0,17:05:05.75,17:05:05.75
83,Manam,Manam SM Cebu,16980,0.0,0.0,0,0,108008,0,12,<NA>,17:46:12.53,2025-09-02,17:46:12.53,2025-09-02,True,False,590.0,590.0,63.22,0.0,0,1,GRABFOOD,1,False,0.0,0,False,17:46:12.53,2025-09-02,0.0,False,1,0.0,GRABFOOD,0.0,0,0,-99.99,-10000000000,<NA>,0.0,0,16980,0,0,0,17:46:12.53,0.0,1,0,0.0,0,0,0,17:46:12.53,17:46:12.53
83,Manam,Manam SM Cebu,16981,0.0,0.0,0,0,105539,0,12,<NA>,17:52:08.407,2025-09-02,17:52:08.407,2025-09-02,True,False,758.0,758.0,81.22,0.0,0,1,GRABFOOD,1,False,0.0,0,False,17:52:08.407,2025-09-02,0.0,False,1,0.0,GRABFOOD,0.0,0,0,-99.99,-10000000000,<NA>,0.0,0,16981,0,0,0,17:52:08.407,0.0,1,0,0.0,0,0,0,17:52:08.407,17:52:08.407
83,Manam,Manam SM Cebu,16982,0.0,0.0,45,0,105539,2,1,<NA>,17:04:09.823,2025-09-02,17:04:09.823,2025-09-02,True,False,1380.0,1380.0,147.86,-104.73,0,1,DINEIN1,1,False,0.0,0,False,17:04:09.823,2025-09-02,0.0,False,1,0.0,DINEIN1,0.0,0,0,-99.99,-10000000000,<NA>,0.0,0,16982,0,0,0,17:04:09.823,0.0,1,0,0.0,0,0,0,17:04:09.823,17:04:09.823
83,Manam,Manam SM Cebu,16983,0.0,0.0,10,0,105539,1,3,<NA>,17:17:56.077,2025-09-02,17:17:56.077,2025-09-02,True,False,690.0,690.0,73.93,-52.37,0,1,DINEIN1,1,False,0.0,0,False,17:17:56.077,2025-09-02,0.0,False,1,0.0,DINEIN1,0.0,0,0,-99.99,-10000000000,<NA>,0.0,0,16983,0,0,0,17:17:56.077,0.0,1,0,0.0,0,0,0,17:17:56.077,17:17:56.077
83,Manam,Manam SM Cebu,16984,0.0,0.0,33,0,105539,5,3,<NA>,16:48:49.703,2025-09-02,16:48:49.703,2025-09-02,True,False,2400.1,2400.1,109.92142857142856,-171.31,0,1,DINEIN1,1,False,274.82,0,False,16:48:49.703,2025-09-02,0.0,False,1,0.0,DINEIN1,0.0,0,0,-99.99,-10000000000,<NA>,0.0,0,16984,0,0,0,16:48:49.703,0.0,1,0,0.0,0,0,0,16:48:49.703,16:48:49.703
83,Manam,Manam SM Cebu,16985,0.0,0.0,0,0,105539,0,12,<NA>,18:02:51.787,2025-09-02,18:02:51.787,2025-09-02,True,False,1340.0,1340.0,143.57,0.0,0,1,GRABFOOD,1,False,0.0,0,False,18:02:51.787,2025-09-02,0.0,False,1,0.0,GRABFOOD,0.0,0,0,-99.99,-10000000000,<NA>,0.0,0,16985,0,0,0,18:02:51.787,0.0,1,0,0.0,0,0,0,18:02:51.787,18:02:51.787
83,Manam,Manam SM Cebu,16986,0.0,0.0,17,0,105539,2,3,<NA>,17:42:05.717,2025-09-02,17:42:05.717,2025-09-02,True,False,940.0,940.0,109.82,-77.79,0,1,DINEIN1,1,False,0.0,0,False,17:42:05.717,2025-09-02,0.0,False,1,0.0,DINEIN1,0.0,0,0,-99.99,-10000000000,<NA>,0.0,0,16986,0,0,0,17:42:05.717,0.0,1,0,0.0,0,0,0,17:42:05.717,17:42:05.717
83,Manam,Manam SM Cebu,16987,0.0,0.0,1,0,105539,2,3,<NA>,17:11:02.693,2025-09-02,17:11:02.693,2025-09-02,True,False,1700.0,1700.0,192.85,-136.61,0,1,DINEIN1,1,False,0.0,0,False,17:11:02.693,2025-09-02,0.0,False,1,0.0,DINEIN1,0.0,0,0,-99.99,-10000000000,<NA>,0.0,0,16987,0,0,0,17:11:02.693,0.0,1,0,0.0,0,0,0,17:11:02.693,17:11:02.693
83,Manam,Manam SM Cebu,16988,0.0,0.0,0,0,105539,0,12,<NA>,18:20:03.997,2025-09-02,18:20:03.997,2025-09-02,True,False,615.0,615.0,65.89,0.0,0,1,GRABFOOD,1,False,0.0,0,False,18:20:03.997,2025-09-02,0.0,False,1,0.0,GRABFOOD,0.0,0,0,-99.99,-10000000000,<NA>,0.0,0,16988,0,0,0,18:20:03.997,0.0,1,0,0.0,0,0,0,18:20:03.997,18:20:03.997
83,Manam,Manam SM Cebu,16989,0.0,0.0,0,0,105539,0,12,<NA>,18:12:57.503,2025-09-02,18:12:57.503,2025-09-02,True,False,720.0,720.0,77.14,0.0,0,1,GRABFOOD,1,False,0.0,0,False,18:12:57.503,2025-09-02,0.0,False,1,0.0,GRABFOOD,0.0,0,0,-99.99,-10000000000,<NA>,0.0,0,16989,0,0,0,18:12:57.503,0.0,1,0,0.0,0,0,0,18:12:57.503,18:12:57.503
83,Manam,Manam SM Cebu,16990,0.0,0.0,0,0,105539,0,12,<NA>,18:28:29.173,2025-09-02,18:28:29.173,2025-09-02,True,False,706.0,706.0,75.65,0.0,0,1,GRABFOOD,1,False,0.0,0,False,18:28:29.173,2025-09-02,0.0,False,1,0.0,GRABFOOD,0.0,0,0,-99.99,-10000000000,<NA>,0.0,0,16990,0,0,0,18:28:29.173,0.0,1,0,0.0,0,0,0,18:28:29.173,18:28:29.173
83,Manam,Manam SM Cebu,16991,0.0,0.0,0,0,108013,0,3,PWD-SOLO,18:22:23.683,2025-09-02,18:22:23.683,2025-09-02,True,False,1933.75,1933.75,0.0,0.0,0,1,TAKEOUT,1,False,386.75,0,False,18:22:23.683,2025-09-02,0.0,False,1,0.0,TAKEOUT,0.0,0,0,-99.99,-10000000000,<NA>,0.0,0,16991,0,0,0,18:22:23.683,0.0,1,0,0.0,0,0,0,18:22:23.683,18:22:23.683
83,Manam,Manam SM Cebu,16992,0.0,0.0,11,0,105539,2,3,<NA>,17:44:58.41,2025-09-02,17:44:58.41,2025-09-02,True,False,1684.65,1684.65,95.36142857142856,-121.58,0,1,DINEIN1,1,False,158.94,0,False,17:44:58.41,2025-09-02,0.0,False,1,0.0,DINEIN1,0.0,0,0,-99.99,-10000000000,<NA>,0.0,0,16992,0,0,0,17:44:58.41,0.0,1,0,0.0,0,0,0,17:44:58.41,17:44:58.41
83,Manam,Manam SM Cebu,16993,0.0,0.0,0,0,105539,0,12,<NA>,18:31:17.103,2025-09-02,18:31:17.103,2025-09-02,True,False,825.0,825.0,88.39,0.0,0,1,GRABFOOD,1,False,0.0,0,False,18:31:17.103,2025-09-02,0.0,False,1,0.0,GRABFOOD,0.0,0,0,-99.99,-10000000000,<NA>,0.0,0,16993,0,0,0,18:31:17.103,0.0,1,0,0.0,0,0,0,18:31:17.103,18:31:17.103
83,Manam,Manam SM Cebu,16994,0.0,0.0,0,0,105539,0,12,<NA>,18:33:27.353,2025-09-02,18:33:27.353,2025-09-02,True,False,525.0,525.0,56.25,0.0,0,1,GRABFOOD,1,False,0.0,0,False,18:33:27.353,2025-09-02,0.0,False,1,0.0,GRABFOOD,0.0,0,0,-99.99,-10000000000,<NA>,0.0,0,16994,0,0,0,18:33:27.353,0.0,1,0,0.0,0,0,0,18:33:27.353,18:33:27.353
83,Manam,Manam SM Cebu,16995,0.0,0.0,51,0,105539,2,3,<NA>,17:06:00.877,2025-09-02,17:06:00.877,2025-09-02,True,False,1480.0,1480.0,170.36,-120.67,0,1,DINEIN1,1,False,0.0,0,False,17:06:00.877,2025-09-02,0.0,False,1,0.0,DINEIN1,0.0,0,0,-99.99,-10000000000,<NA>,0.0,0,16995,0,0,0,17:06:00.877,0.0,1,0,0.0,0,0,0,17:06:00.877,17:06:00.877
83,Manam,Manam SM Cebu,16996,0.0,0.0,0,0,105539,0,1,<NA>,17:08:18.183,2025-09-02,17:08:18.183,2025-09-02,True,False,0.0,0.0,0.0,0.0,0,1,ZR-MAN,1,False,0.0,0,False,17:08:18.183,2025-09-02,0.0,False,1,0.0,ZR-MAN,0.0,0,0,-99.99,-10000000000,<NA>,0.0,0,16996,0,0,0,17:08:18.183,0.0,1,0,0.0,0,0,0,17:08:18.183,17:08:18.183
83,Manam,Manam SM Cebu,16997,0.0,0.0,0,0,105539,0,1,<NA>,16:11:23.813,2025-09-02,16:11:23.813,2025-09-02,True,False,0.0,0.0,0.0,0.0,0,1,ZR-MAN,1,False,0.0,0,False,16:11:23.813,2025-09-02,0.0,False,1,0.0,ZR-MAN,0.0,0,0,-99.99,-10000000000,<NA>,0.0,0,16997,0,0,0,16:11:23.813,0.0,1,0,0.0,0,0,0,16:11:23.813,16:11:23.813
83,Manam,Manam SM Cebu,16998,0.0,0.0,0,0,105539,0,12,<NA>,18:41:21.56,2025-09-02,18:41:21.56,2025-09-02,True,False,680.0,680.0,72.86,0.0,0,1,GRABFOOD,1,False,0.0,0,False,18:41:21.56,2025-09-02,0.0,False,1,0.0,GRABFOOD,0.0,0,0,-99.99,-10000000000,<NA>,0.0,0,16998,0,0,0,18:41:21.56,0.0,1,0,0.0,0,0,0,18:41:21.56,18:41:21.56
83,Manam,Manam SM Cebu,16999,0.0,0.0,0,0,105539,0,10,<NA>,18:44:16.83,2025-09-02,18:44:16.83,2025-09-02,True,False,620.0,620.0,66.43,0.0,0,1,FOODPANDA,1,False,0.0,0,False,18:44:16.83,2025-09-02,0.0,False,1,0.0,FOODPANDA,0.0,0,0,-99.99,-10000000000,<NA>,0.0,0,16999,0,0,0,18:44:16.83,0.0,1,0,0.0,0,0,0,18:44:16.83,18:44:16.83
83,Manam,Manam SM Cebu,17000,0.0,0.0,44,0,105539,2,3,<NA>,18:08:04.923,2025-09-02,18:08:04.923,2025-09-02,True,False,1085.0,1085.0,116.25,-82.34,0,1,DINEIN1,1,False,0.0,0,False,18:08:04.923,2025-09-02,0.0,False,1,0.0,DINEIN1,0.0,0,0,-99.99,-10000000000,<NA>,0.0,0,17000,0,0,0,18:08:04.923,0.0,1,0,0.0,0,0,0,18:08:04.923,18:08:04.923
83,Manam,Manam SM Cebu,17001,0.0,0.0,30,0,105539,3,1,<NA>,18:10:38.913,2025-09-02,18:10:38.913,2025-09-02,True,False,1641.4299999999998,1641.4299999999998,147.14285714285714,-145.92,0,1,DINEIN1,1,False,122.62,0,False,18:10:38.913,2025-09-02,0.0,False,1,0.0,DINEIN1,0.0,0,0,-99.99,-10000000000,<NA>,0.0,0,17001,0,0,0,18:10:38.913,0.0,1,0,0.0,0,0,0,18:10:38.913,18:10:38.913
83,Manam,Manam SM Cebu,17002,0.0,0.0,0,0,105539,0,1,<NA>,18:47:58.917,2025-09-02,18:47:58.917,2025-09-02,True,False,0.0,0.0,0.0,0.0,0,1,ZR-COMP +,1,False,0.0,0,False,18:47:58.917,2025-09-02,0.0,False,1,0.0,ZR-COMP +,0.0,0,0,-99.99,-10000000000,<NA>,0.0,0,17002,0,0,0,18:47:58.917,0.0,1,0,0.0,0,0,0,18:47:58.917,18:47:58.917
83,Manam,Manam SM Cebu,17003,0.0,0.0,20,0,105539,2,1,<NA>,18:20:00.333,2025-09-02,18:20:00.333,2025-09-02,True,False,1455.0,1455.0,155.9,-110.42,0,1,DINEIN1,1,False,0.0,0,False,18:20:00.333,2025-09-02,0.0,False,1,0.0,DINEIN1,0.0,0,0,-99.99,-10000000000,<NA>,0.0,0,17003,0,0,0,18:20:00.333,0.0,1,0,0.0,0,0,0,18:20:00.333,18:20:00.333
83,Manam,Manam SM Cebu,17004,0.0,0.0,0,0,105539,0,12,<NA>,18:52:30.053,2025-09-02,18:52:30.053,2025-09-02,True,False,2840.0,2840.0,304.29,0.0,0,1,GRABFOOD,1,False,0.0,0,False,18:52:30.053,2025-09-02,0.0,False,1,0.0,GRABFOOD,0.0,0,0,-99.99,-10000000000,<NA>,0.0,0,17004,0,0,0,18:52:30.053,0.0,1,0,0.0,0,0,0,18:52:30.053,18:52:30.053
83,Manam,Manam SM Cebu,17005,0.0,0.0,40,0,105539,5,1,<NA>,17:05:04.293,2025-09-02,17:05:04.293,2025-09-02,True,False,2225.43,2225.43,156.85571428571427,-170.37,0,1,DINEIN1,1,False,174.29,0,False,17:05:04.293,2025-09-02,0.0,False,1,0.0,DINEIN1,0.0,0,0,-99.99,-10000000000,<NA>,0.0,0,17005,0,0,0,17:05:04.293,0.0,1,0,0.0,0,0,0,17:05:04.293,17:05:04.293
83,Manam,Manam SM Cebu,17006,0.0,0.0,50,0,105539,6,3,<NA>,17:37:47.54,2025-09-02,17:37:47.54,2025-09-02,True,False,6034.29,6034.29,473.5471428571429,-467.5,0,1,DINEIN1,1,False,392.86,0,False,17:37:47.54,2025-09-02,0.0,False,1,0.0,DINEIN1,0.0,0,0,-99.99,-10000000000,<NA>,0.0,0,17006,0,0,0,17:37:47.54,0.0,1,0,0.0,0,0,0,17:37:47.54,17:37:47.54
83,Manam,Manam SM Cebu,17007,0.0,0.0,0,0,105539,0,12,<NA>,18:59:50.09,2025-09-02,18:59:50.09,2025-09-02,True,False,785.0,785.0,84.11,0.0,0,1,GRABFOOD,1,False,0.0,0,False,18:59:50.09,2025-09-02,0.0,False,1,0.0,GRABFOOD,0.0,0,0,-99.99,-10000000000,<NA>,0.0,0,17007,0,0,0,18:59:50.09,0.0,1,0,0.0,0,0,0,18:59:50.09,18:59:50.09
83,Manam,Manam SM Cebu,17008,0.0,0.0,0,0,105539,0,12,<NA>,19:06:50.43,2025-09-02,19:06:50.43,2025-09-02,True,False,315.0,315.0,33.75,0.0,0,1,GRABFOOD,1,False,0.0,0,False,19:06:50.43,2025-09-02,0.0,False,1,0.0,GRABFOOD,0.0,0,0,-99.99,-10000000000,<NA>,0.0,0,17008,0,0,0,19:06:50.43,0.0,1,0,0.0,0,0,0,19:06:50.43,19:06:50.43
83,Manam,Manam SM Cebu,17009,0.0,0.0,0,0,105539,0,1,<NA>,19:09:55.523,2025-09-02,19:09:55.523,2025-09-02,True,False,0.0,0.0,0.0,0.0,0,1,ZR-COMP +,1,False,0.0,0,False,19:09:55.523,2025-09-02,0.0,False,1,0.0,ZR-COMP +,0.0,0,0,-99.99,-10000000000,<NA>,0.0,0,17009,0,0,0,19:09:55.523,0.0,1,0,0.0,0,0,0,19:09:55.523,19:09:55.523
83,Manam,Manam SM Cebu,17010,0.0,0.0,5,0,105539,3,3,<NA>,18:04:24.03,2025-09-02,18:04:24.03,2025-09-02,True,False,1345.0,1345.0,144.11,-102.08,0,1,DINEIN1,1,False,0.0,0,False,18:04:24.03,2025-09-02,0.0,False,1,0.0,DINEIN1,0.0,0,0,-99.99,-10000000000,<NA>,0.0,0,17010,0,0,0,18:04:24.03,0.0,1,0,0.0,0,0,0,18:04:24.03,18:04:24.03
83,Manam,Manam SM Cebu,17011,0.0,0.0,10,0,105539,3,3,<NA>,18:26:18.36,2025-09-02,18:26:18.36,2025-09-02,True,False,1007.5,1007.5,38.75714285714285,-71.37,0,1,DINEIN1,1,False,129.16,0,False,18:26:18.36,2025-09-02,0.0,False,1,0.0,DINEIN1,0.0,0,0,-99.99,-10000000000,<NA>,0.0,0,17011,0,0,0,18:26:18.36,0.0,1,0,0.0,0,0,0,18:26:18.36,18:26:18.36
83,Manam,Manam SM Cebu,17012,0.0,0.0,14,0,105539,5,3,<NA>,18:22:43.11,2025-09-02,18:22:43.11,2025-09-02,True,False,3807.7799999999997,3807.7799999999997,348.85857142857145,-296.53,0,1,DINEIN1,1,False,145.36,0,False,18:22:43.11,2025-09-02,0.0,False,1,0.0,DINEIN1,0.0,0,0,-99.99,-10000000000,<NA>,0.0,0,17012,0,0,0,18:22:43.11,0.0,1,0,0.0,0,0,0,18:22:43.11,18:22:43.11
83,Manam,Manam SM Cebu,17013,0.0,0.0,18,0,105539,2,1,<NA>,18:32:46.863,2025-09-02,18:32:46.863,2025-09-02,True,False,875.44,875.44,49.551428571428566,-63.18,0,1,DINEIN1,1,False,82.59,0,False,18:32:46.863,2025-09-02,0.0,False,1,0.0,DINEIN1,0.0,0,0,-99.99,-10000000000,<NA>,0.0,0,17013,0,0,0,18:32:46.863,0.0,1,0,0.0,0,0,0,18:32:46.863,18:32:46.863
83,Manam,Manam SM Cebu,17014,0.0,0.0,52,0,105539,2,3,<NA>,18:27:48.76,2025-09-02,18:27:48.76,2025-09-02,True,False,1525.0,1525.0,163.4,-115.74,0,1,DINEIN1,1,False,0.0,0,False,18:27:48.76,2025-09-02,0.0,False,1,0.0,DINEIN1,0.0,0,0,-99.99,-10000000000,<NA>,0.0,0,17014,0,0,0,18:27:48.76,0.0,1,0,0.0,0,0,0,18:27:48.76,18:27:48.76
83,Manam,Manam SM Cebu,17015,0.0,0.0,25,0,105539,14,3,20% EMP,17:26:35.023,2025-09-02,17:26:35.023,2025-09-02,True,False,6020.0,6020.0,912.86,-646.61,0,1,DINEIN1,1,False,2130.0,0,False,17:26:35.023,2025-09-02,0.0,False,1,0.0,DINEIN1,0.0,0,0,-99.99,-10000000000,<NA>,0.0,0,17015,0,0,0,17:26:35.023,0.0,1,0,0.0,0,0,0,17:26:35.023,17:26:35.023
83,Manam,Manam SM Cebu,17016,0.0,0.0,19,0,105539,3,3,<NA>,18:29:12.363,2025-09-02,18:29:12.363,2025-09-02,True,False,1591.07,1591.07,117.85714285714285,-116.87,0,1,DINEIN1,1,False,98.21,0,False,18:29:12.363,2025-09-02,0.0,False,1,0.0,DINEIN1,0.0,0,0,-99.99,-10000000000,<NA>,0.0,0,17016,0,0,0,18:29:12.363,0.0,1,0,0.0,0,0,0,18:29:12.363,18:29:12.363
83,Manam,Manam SM Cebu,17017,0.0,0.0,0,0,105539,0,10,<NA>,19:24:02.583,2025-09-02,19:24:02.583,2025-09-02,True,False,155.0,155.0,33.21,0.0,0,1,FOODPANDA,1,False,0.0,0,False,19:24:02.583,2025-09-02,0.0,False,1,0.0,FOODPANDA,0.0,0,0,-99.99,-10000000000,<NA>,0.0,0,17017,0,0,0,19:24:02.583,0.0,1,0,0.0,0,0,0,19:24:02.583,19:24:02.583
83,Manam,Manam SM Cebu,17018,0.0,0.0,51,0,105539,3,3,<NA>,18:46:49.65,2025-09-02,18:46:49.65,2025-09-02,True,False,600.0,600.0,64.28,-45.54,0,1,DINEIN1,1,False,0.0,0,False,18:46:49.65,2025-09-02,0.0,False,1,0.0,DINEIN1,0.0,0,0,-99.99,-10000000000,<NA>,0.0,0,17018,0,0,0,18:46:49.65,0.0,1,0,0.0,0,0,0,18:46:49.65,18:46:49.65
83,Manam,Manam SM Cebu,17019,0.0,0.0,9,0,105539,4,3,<NA>,18:15:20.987,2025-09-02,18:15:20.987,2025-09-02,True,False,2690.0,2690.0,288.21,-204.15,0,1,DINEIN1,1,False,0.0,0,False,18:15:20.987,2025-09-02,0.0,False,1,0.0,DINEIN1,0.0,0,0,-99.99,-10000000000,<NA>,0.0,0,17019,0,0,0,18:15:20.987,0.0,1,0,0.0,0,0,0,18:15:20.987,18:15:20.987
83,Manam,Manam SM Cebu,17020,0.0,0.0,45,0,105539,3,3,<NA>,18:30:53.69,2025-09-02,18:30:53.69,2025-09-02,True,False,1445.0,1445.0,171.97,-121.81,0,1,DINEIN1,1,False,0.0,0,False,18:30:53.69,2025-09-02,0.0,False,1,0.0,DINEIN1,0.0,0,0,-99.99,-10000000000,<NA>,0.0,0,17020,0,0,0,18:30:53.69,0.0,1,0,0.0,0,0,0,18:30:53.69,18:30:53.69
83,Manam,Manam SM Cebu,17021,0.0,0.0,1,0,105539,9,3,<NA>,18:32:17.04,2025-09-02,18:32:17.04,2025-09-02,True,False,3395.66,3395.66,410.47428571428566,-319.83,0,1,DINEIN1,1,False,85.51,0,False,18:32:17.04,2025-09-02,0.0,False,1,0.0,DINEIN1,0.0,0,0,-99.99,-10000000000,<NA>,0.0,0,17021,0,0,0,18:32:17.04,0.0,1,0,0.0,0,0,0,18:32:17.04,18:32:17.04
83,Manam,Manam SM Cebu,17022,0.0,0.0,0,0,105539,0,12,<NA>,19:33:55.437,2025-09-02,19:33:55.437,2025-09-02,True,False,298.0,298.0,31.93,0.0,0,1,GRABFOOD,1,False,0.0,0,False,19:33:55.437,2025-09-02,0.0,False,1,0.0,GRABFOOD,0.0,0,0,-99.99,-10000000000,<NA>,0.0,0,17022,0,0,0,19:33:55.437,0.0,1,0,0.0,0,0,0,19:33:55.437,19:33:55.437
83,Manam,Manam SM Cebu,17023,0.0,0.0,11,0,105539,2,3,<NA>,18:42:42.647,2025-09-02,18:42:42.647,2025-09-02,True,False,2397.32,2397.32,0.0,-181.23,0,1,DINEIN1,1,False,533.03,0,False,18:42:42.647,2025-09-02,0.0,False,1,0.0,DINEIN1,0.0,0,0,-99.99,-10000000000,<NA>,0.0,0,17023,0,0,0,18:42:42.647,0.0,1,0,0.0,0,0,0,18:42:42.647,18:42:42.647
83,Manam,Manam SM Cebu,17026,0.0,0.0,0,0,105539,0,12,<NA>,19:41:07.867,2025-09-02,19:41:07.867,2025-09-02,True,False,400.0,400.0,42.86,0.0,0,1,GRABFOOD,1,False,0.0,0,False,19:41:07.867,2025-09-02,0.0,False,1,0.0,GRABFOOD,0.0,0,0,-99.99,-10000000000,<NA>,0.0,0,17026,0,0,0,19:41:07.867,0.0,1,0,0.0,0,0,0,19:41:07.867,19:41:07.867
83,Manam,Manam SM Cebu,17027,0.0,0.0,0,0,105539,0,12,<NA>,19:46:18.76,2025-09-02,19:46:18.76,2025-09-02,True,False,556.0,556.0,59.57,0.0,0,1,GRABFOOD,1,False,0.0,0,False,19:46:18.76,2025-09-02,0.0,False,1,0.0,GRABFOOD,0.0,0,0,-99.99,-10000000000,<NA>,0.0,0,17027,0,0,0,19:46:18.76,0.0,1,0,0.0,0,0,0,19:46:18.76,19:46:18.76
83,Manam,Manam SM Cebu,17028,0.0,0.0,50,0,105539,5,1,<NA>,19:40:00.33,2025-09-02,19:40:00.33,2025-09-02,True,False,1720.0,1720.0,184.29,-130.54,0,1,DINEIN1,1,False,0.0,0,False,19:40:00.33,2025-09-02,0.0,False,1,0.0,DINEIN1,0.0,0,0,-99.99,-10000000000,<NA>,0.0,0,17028,0,0,0,19:40:00.33,0.0,1,0,0.0,0,0,0,19:40:00.33,19:40:00.33
83,Manam,Manam SM Cebu,17029,0.0,0.0,30,0,105539,7,1,<NA>,18:56:07.273,2025-09-02,18:56:07.273,2025-09-02,True,False,3053.5699999999997,3053.5699999999997,241.06857142857143,-225.4,0,1,DINEIN1,1,False,160.71,0,False,18:56:07.273,2025-09-02,0.0,False,1,0.0,DINEIN1,0.0,0,0,-99.99,-10000000000,<NA>,0.0,0,17029,0,0,0,18:56:07.273,0.0,1,0,0.0,0,0,0,18:56:07.273,18:56:07.273
83,Manam,Manam SM Cebu,17031,0.0,0.0,33,0,105539,3,3,<NA>,18:27:46.747,2025-09-02,18:27:46.747,2025-09-02,True,False,2426.79,2426.79,99.10142857142856,-182.52,0,1,DINEIN1,1,False,330.36,0,False,18:27:46.747,2025-09-02,0.0,False,1,0.0,DINEIN1,0.0,0,0,-99.99,-10000000000,<NA>,0.0,0,17031,0,0,0,18:27:46.747,0.0,1,0,0.0,0,0,0,18:27:46.747,18:27:46.747
83,Manam,Manam SM Cebu,17032,0.0,0.0,28,0,105539,3,1,<NA>,19:20:24.923,2025-09-02,19:20:24.923,2025-09-02,True,False,1156.07,1156.07,44.462857142857146,-81.89,0,1,DINEIN1,1,False,148.22,0,False,19:20:24.923,2025-09-02,0.0,False,1,0.0,DINEIN1,0.0,0,0,-99.99,-10000000000,<NA>,0.0,0,17032,0,0,0,19:20:24.923,0.0,1,0,0.0,0,0,0,19:20:24.923,19:20:24.923
83,Manam,Manam SM Cebu,17033,0.0,0.0,10,0,105539,2,1,<NA>,19:20:35.817,2025-09-02,19:20:35.817,2025-09-02,True,False,810.0,810.0,86.78,-61.47,0,1,DINEIN1,1,False,0.0,0,False,19:20:35.817,2025-09-02,0.0,False,1,0.0,DINEIN1,0.0,0,0,-99.99,-10000000000,<NA>,0.0,0,17033,0,0,0,19:20:35.817,0.0,1,0,0.0,0,0,0,19:20:35.817,19:20:35.817
83,Manam,Manam SM Cebu,17034,0.0,0.0,20,0,105539,8,3,<NA>,19:00:10.477,2025-09-02,19:00:10.477,2025-09-02,True,False,4176.13,4176.13,412.02428571428567,-325.21,0,1,DINEIN1,1,False,98.11,0,False,19:00:10.477,2025-09-02,0.0,False,1,0.0,DINEIN1,0.0,0,0,-99.99,-10000000000,<NA>,0.0,0,17034,0,0,0,19:00:10.477,0.0,1,0,0.0,0,0,0,19:00:10.477,19:00:10.477
83,Manam,Manam SM Cebu,17035,0.0,0.0,0,0,105539,0,10,<NA>,20:05:23.997,2025-09-02,20:05:23.997,2025-09-02,True,False,338.0,338.0,36.21,0.0,0,1,FOODPANDA,1,False,0.0,0,False,20:05:23.997,2025-09-02,0.0,False,1,0.0,FOODPANDA,0.0,0,0,-99.99,-10000000000,<NA>,0.0,0,17035,0,0,0,20:05:23.997,0.0,1,0,0.0,0,0,0,20:05:23.997,20:05:23.997
83,Manam,Manam SM Cebu,17036,0.0,0.0,0,0,105539,0,10,<NA>,20:06:54.413,2025-09-02,20:06:54.413,2025-09-02,True,False,480.0,480.0,51.43,0.0,0,1,FOODPANDA,1,False,0.0,0,False,20:06:54.413,2025-09-02,0.0,False,1,0.0,FOODPANDA,0.0,0,0,-99.99,-10000000000,<NA>,0.0,0,17036,0,0,0,20:06:54.413,0.0,1,0,0.0,0,0,0,20:06:54.413,20:06:54.413
83,Manam,Manam SM Cebu,17037,0.0,0.0,0,0,105539,0,12,<NA>,20:07:34.993,2025-09-02,20:07:34.993,2025-09-02,True,False,268.0,268.0,28.71,0.0,0,1,GRABFOOD,1,False,0.0,0,False,20:07:34.993,2025-09-02,0.0,False,1,0.0,GRABFOOD,0.0,0,0,-99.99,-10000000000,<NA>,0.0,0,17037,0,0,0,20:07:34.993,0.0,1,0,0.0,0,0,0,20:07:34.993,20:07:34.993
83,Manam,Manam SM Cebu,17038,0.0,0.0,0,0,105539,0,12,<NA>,20:15:27.507,2025-09-02,20:15:27.507,2025-09-02,True,False,400.0,400.0,42.86,0.0,0,1,GRABFOOD,1,False,0.0,0,False,20:15:27.507,2025-09-02,0.0,False,1,0.0,GRABFOOD,0.0,0,0,-99.99,-10000000000,<NA>,0.0,0,17038,0,0,0,20:15:27.507,0.0,1,0,0.0,0,0,0,20:15:27.507,20:15:27.507
83,Manam,Manam SM Cebu,17039,0.0,0.0,23,0,105539,5,1,<NA>,19:13:38.933,2025-09-02,19:13:38.933,2025-09-02,True,False,4785.0,4785.0,512.68,-363.15,0,1,DINEIN1,1,False,0.0,0,False,19:13:38.933,2025-09-02,0.0,False,1,0.0,DINEIN1,0.0,0,0,-99.99,-10000000000,<NA>,0.0,0,17039,0,0,0,19:13:38.933,0.0,1,0,0.0,0,0,0,19:13:38.933,19:13:38.933
83,Manam,Manam SM Cebu,17040,0.0,0.0,19,0,105539,5,3,<NA>,19:21:38.92,2025-09-02,19:21:38.92,2025-09-02,True,False,1989.42,1989.42,205.46,-171.95,0,1,DINEIN1,1,False,84.28,0,False,19:21:38.92,2025-09-02,0.0,False,1,0.0,DINEIN1,0.0,0,0,-99.99,-10000000000,<NA>,0.0,0,17040,0,0,0,19:21:38.92,0.0,1,0,0.0,0,0,0,19:21:38.92,19:21:38.92
83,Manam,Manam SM Cebu,17041,0.0,0.0,51,0,105539,2,3,<NA>,19:27:19.337,2025-09-02,19:27:19.337,2025-09-02,True,False,1223.22,1223.22,0.0,-83.18,0,1,DINEIN1,1,False,244.64,0,False,19:27:19.337,2025-09-02,0.0,False,1,0.0,DINEIN1,0.0,0,0,-99.99,-10000000000,<NA>,0.0,0,17041,0,0,0,19:27:19.337,0.0,1,0,0.0,0,0,0,19:27:19.337,19:27:19.337
83,Manam,Manam SM Cebu,17042,0.0,0.0,17,0,105539,6,3,<NA>,19:22:44.17,2025-09-02,19:22:44.17,2025-09-02,True,False,3975.0,3975.0,473.04,-335.07,0,1,DINEIN1,1,False,0.0,0,False,19:22:44.17,2025-09-02,0.0,False,1,0.0,DINEIN1,0.0,0,0,-99.99,-10000000000,<NA>,0.0,0,17042,0,0,0,19:22:44.17,0.0,1,0,0.0,0,0,0,19:22:44.17,19:22:44.17
83,Manam,Manam SM Cebu,17043,0.0,0.0,4,0,105539,6,3,<NA>,19:29:05.473,2025-09-02,19:29:05.473,2025-09-02,True,False,3638.84,3638.84,330.8014285714286,-271.81,0,1,DINEIN1,1,False,110.26,0,False,19:29:05.473,2025-09-02,0.0,False,1,0.0,DINEIN1,0.0,0,0,-99.99,-10000000000,<NA>,0.0,0,17043,0,0,0,19:29:05.473,0.0,1,0,0.0,0,0,0,19:29:05.473,19:29:05.473
83,Manam,Manam SM Cebu,17044,0.0,0.0,40,0,105539,10,3,<NA>,19:14:47.027,2025-09-02,19:14:47.027,2025-09-02,True,False,4712.86,4712.86,163.75857142857143,-332.54,0,1,DINEIN1,1,False,636.87,0,False,19:14:47.027,2025-09-02,0.0,False,1,0.0,DINEIN1,0.0,0,0,-99.99,-10000000000,<NA>,0.0,0,17044,0,0,0,19:14:47.027,0.0,1,0,0.0,0,0,0,19:14:47.027,19:14:47.027
83,Manam,Manam SM Cebu,17045,0.0,0.0,0,0,105539,0,12,<NA>,20:38:06.5,2025-09-02,20:38:06.5,2025-09-02,True,False,845.0,845.0,90.54,0.0,0,1,GRABFOOD,1,False,0.0,0,False,20:38:06.5,2025-09-02,0.0,False,1,0.0,GRABFOOD,0.0,0,0,-99.99,-10000000000,<NA>,0.0,0,17045,0,0,0,20:38:06.5,0.0,1,0,0.0,0,0,0,20:38:06.5,20:38:06.5
83,Manam,Manam SM Cebu,17046,0.0,0.0,52,0,105539,2,3,<NA>,19:38:30.8,2025-09-02,19:38:30.8,2025-09-02,True,False,1350.0,1350.0,153.74,-108.91,0,1,DINEIN1,1,False,0.0,0,False,19:38:30.8,2025-09-02,0.0,False,1,0.0,DINEIN1,0.0,0,0,-99.99,-10000000000,<NA>,0.0,0,17046,0,0,0,19:38:30.8,0.0,1,0,0.0,0,0,0,19:38:30.8,19:38:30.8
83,Manam,Manam SM Cebu,17047,0.0,0.0,9,0,105539,2,1,<NA>,19:49:33.753,2025-09-02,19:49:33.753,2025-09-02,True,False,830.0,830.0,88.93,-62.99,0,1,DINEIN1,1,False,0.0,0,False,19:49:33.753,2025-09-02,0.0,False,1,0.0,DINEIN1,0.0,0,0,-99.99,-10000000000,<NA>,0.0,0,17047,0,0,0,19:49:33.753,0.0,1,0,0.0,0,0,0,19:49:33.753,19:49:33.753
83,Manam,Manam SM Cebu,17048,0.0,0.0,45,0,105539,3,1,<NA>,19:47:27.323,2025-09-02,19:47:27.323,2025-09-02,True,False,1100.0,1100.0,143.03,-101.32,0,1,DINEIN1,1,False,0.0,0,False,19:47:27.323,2025-09-02,0.0,False,1,0.0,DINEIN1,0.0,0,0,-99.99,-10000000000,<NA>,0.0,0,17048,0,0,0,19:47:27.323,0.0,1,0,0.0,0,0,0,19:47:27.323,19:47:27.323
83,Manam,Manam SM Cebu,17049,0.0,0.0,28,0,105539,2,1,<NA>,19:58:16.603,2025-09-02,19:58:16.603,2025-09-02,True,False,1070.0,1070.0,114.64,-81.21,0,1,DINEIN1,1,False,0.0,0,False,19:58:16.603,2025-09-02,0.0,False,1,0.0,DINEIN1,0.0,0,0,-99.99,-10000000000,<NA>,0.0,0,17049,0,0,0,19:58:16.603,0.0,1,0,0.0,0,0,0,19:58:16.603,19:58:16.603
83,Manam,Manam SM Cebu,17051,0.0,0.0,1,0,105539,10,1,<NA>,19:46:31.853,2025-09-02,19:46:31.853,2025-09-02,True,False,2495.0,2495.0,323.57,-229.2,0,1,DINEIN1,1,False,0.0,0,False,19:46:31.853,2025-09-02,0.0,False,1,0.0,DINEIN1,0.0,0,0,-99.99,-10000000000,<NA>,0.0,0,17051,0,0,0,19:46:31.853,0.0,1,0,0.0,0,0,0,19:46:31.853,19:46:31.853
83,Manam,Manam SM Cebu,17052,0.0,0.0,0,0,108013,0,3,<NA>,20:59:07.133,2025-09-02,20:59:07.133,2025-09-02,True,False,625.0,625.0,66.96,0.0,0,1,TAKEOUT,1,False,0.0,0,False,20:59:07.133,2025-09-02,0.0,False,1,0.0,TAKEOUT,0.0,0,0,-99.99,-10000000000,<NA>,0.0,0,17052,0,0,0,20:59:07.133,0.0,1,0,0.0,0,0,0,20:59:07.133,20:59:07.133
83,Manam,Manam SM Cebu,17053,0.0,0.0,11,0,105539,2,3,<NA>,19:57:20.713,2025-09-02,19:57:20.713,2025-09-02,True,False,1598.3,1598.3,96.68428571428572,-123.28,0,1,DINEIN1,1,False,161.16,0,False,19:57:20.713,2025-09-02,0.0,False,1,0.0,DINEIN1,0.0,0,0,-99.99,-10000000000,<NA>,0.0,0,17053,0,0,0,19:57:20.713,0.0,1,0,0.0,0,0,0,19:57:20.713,19:57:20.713
83,Manam,Manam SM Cebu,17054,0.0,0.0,20,0,105539,2,1,<NA>,20:09:12.25,2025-09-02,20:09:12.25,2025-09-02,True,False,1110.0,1110.0,118.93,-84.24,0,1,DINEIN1,1,False,0.0,0,False,20:09:12.25,2025-09-02,0.0,False,1,0.0,DINEIN1,0.0,0,0,-99.99,-10000000000,<NA>,0.0,0,17054,0,0,0,20:09:12.25,0.0,1,0,0.0,0,0,0,20:09:12.25,20:09:12.25
83,Manam,Manam SM Cebu,17055,0.0,0.0,21,0,105539,2,1,<NA>,20:11:54.523,2025-09-02,20:11:54.523,2025-09-02,True,False,1830.0,1830.0,196.06,-138.88,0,1,DINEIN1,1,False,0.0,0,False,20:11:54.523,2025-09-02,0.0,False,1,0.0,DINEIN1,0.0,0,0,-99.99,-10000000000,<NA>,0.0,0,17055,0,0,0,20:11:54.523,0.0,1,0,0.0,0,0,0,20:11:54.523,20:11:54.523
83,Manam,Manam SM Cebu,17056,0.0,0.0,23,0,105539,2,1,<NA>,20:20:48.89,2025-09-02,20:20:48.89,2025-09-02,True,False,1420.0,1420.0,152.13,-107.77,0,1,DINEIN1,1,False,0.0,0,False,20:20:48.89,2025-09-02,0.0,False,1,0.0,DINEIN1,0.0,0,0,-99.99,-10000000000,<NA>,0.0,0,17056,0,0,0,20:20:48.89,0.0,1,0,0.0,0,0,0,20:20:48.89,20:20:48.89
83,Manam,Manam SM Cebu,17057,0.0,0.0,10,0,105539,2,1,<NA>,20:08:15.767,2025-09-02,20:08:15.767,2025-09-02,True,False,1085.0,1085.0,116.26,-82.34,0,1,DINEIN1,1,False,0.0,0,False,20:08:15.767,2025-09-02,0.0,False,1,0.0,DINEIN1,0.0,0,0,-99.99,-10000000000,<NA>,0.0,0,17057,0,0,0,20:08:15.767,0.0,1,0,0.0,0,0,0,20:08:15.767,20:08:15.767
83,Manam,Manam SM Cebu,17058,0.0,0.0,50,0,105539,4,3,<NA>,20:15:26.157,2025-09-02,20:15:26.157,2025-09-02,True,False,2286.38,2286.38,76.20428571428572,-183.53,0,1,DINEIN1,1,False,381.03,0,False,20:15:26.157,2025-09-02,0.0,False,1,0.0,DINEIN1,0.0,0,0,-99.99,-10000000000,<NA>,0.0,0,17058,0,0,0,20:15:26.157,0.0,1,0,0.0,0,0,0,20:15:26.157,20:15:26.157
83,Manam,Manam SM Cebu,17059,0.0,0.0,33,0,105539,2,3,<NA>,19:59:54.367,2025-09-02,19:59:54.367,2025-09-02,True,False,1785.0,1785.0,191.26,-135.47,0,1,DINEIN1,1,False,0.0,0,False,19:59:54.367,2025-09-02,0.0,False,1,0.0,DINEIN1,0.0,0,0,-99.99,-10000000000,<NA>,0.0,0,17059,0,0,0,19:59:54.367,0.0,1,0,0.0,0,0,0,19:59:54.367,19:59:54.367
83,Manam,Manam SM Cebu,17060,0.0,0.0,27,0,105539,2,3,<NA>,20:24:06.75,2025-09-02,20:24:06.75,2025-09-02,True,False,1375.0,1375.0,159.12,-112.7,0,1,DINEIN1,1,False,0.0,0,False,20:24:06.75,2025-09-02,0.0,False,1,0.0,DINEIN1,0.0,0,0,-99.99,-10000000000,<NA>,0.0,0,17060,0,0,0,20:24:06.75,0.0,1,0,0.0,0,0,0,20:24:06.75,20:24:06.75
83,Manam,Manam SM Cebu,17061,0.0,0.0,30,0,105539,5,1,<NA>,19:51:44.61,2025-09-02,19:51:44.61,2025-09-02,True,False,4478.77,4478.77,449.1442857142857,-381.77,0,1,DINEIN1,1,False,187.14,0,False,19:51:44.61,2025-09-02,0.0,False,1,0.0,DINEIN1,0.0,0,0,-99.99,-10000000000,<NA>,0.0,0,17061,0,0,0,19:51:44.61,0.0,1,0,0.0,0,0,0,19:51:44.61,19:51:44.61
83,Manam,Manam SM Cebu,17062,0.0,0.0,14,0,105539,8,3,<NA>,20:39:06.437,2025-09-02,20:39:06.437,2025-09-02,True,False,2915.0,2915.0,324.1,-229.58,0,1,DINEIN1,1,False,0.0,0,False,20:39:06.437,2025-09-02,0.0,False,1,0.0,DINEIN1,0.0,0,0,-99.99,-10000000000,<NA>,0.0,0,17062,0,0,0,20:39:06.437,0.0,1,0,0.0,0,0,0,20:39:06.437,20:39:06.437
83,Manam,Manam SM Cebu,17064,0.0,0.0,19,0,105539,4,3,<NA>,20:41:05.333,2025-09-02,20:41:05.333,2025-09-02,True,False,2875.0,2875.0,340.17,-240.96,0,1,DINEIN1,1,False,0.0,0,False,20:41:05.333,2025-09-02,0.0,False,1,0.0,DINEIN1,0.0,0,0,-99.99,-10000000000,<NA>,0.0,0,17064,0,0,0,20:41:05.333,0.0,1,0,0.0,0,0,0,20:41:05.333,20:41:05.333
83,Manam,Manam SM Cebu,17065,0.0,0.0,35,0,105539,3,3,<NA>,19:59:12.543,2025-09-02,19:59:12.543,2025-09-02,True,False,2150.36,2150.36,159.29142857142855,-157.96,0,1,DINEIN1,1,False,132.74,0,False,19:59:12.543,2025-09-02,0.0,False,1,0.0,DINEIN1,0.0,0,0,-99.99,-10000000000,<NA>,0.0,0,17065,0,0,0,19:59:12.543,0.0,1,0,0.0,0,0,0,19:59:12.543,19:59:12.543
83,Manam,Manam SM Cebu,17071,0.0,0.0,0,0,105539,0,12,<NA>,10:16:29.437,2025-09-03,10:16:29.437,2025-09-03,True,False,1640.0,1640.0,175.72,0.0,0,1,GRABFOOD,1,False,0.0,0,False,10:16:29.437,2025-09-03,0.0,False,1,0.0,GRABFOOD,0.0,0,0,-99.99,-10000000000,<NA>,0.0,0,17071,0,0,0,10:16:29.437,0.0,1,0,0.0,0,0,0,10:16:29.437,10:16:29.437
83,Manam,Manam SM Cebu,17072,0.0,0.0,0,0,105539,0,10,<NA>,10:20:33.44,2025-09-03,10:20:33.44,2025-09-03,True,False,1041.0,1041.0,111.54,0.0,0,1,FOODPANDA,1,False,0.0,0,False,10:20:33.44,2025-09-03,0.0,False,1,0.0,FOODPANDA,0.0,0,0,-99.99,-10000000000,<NA>,0.0,0,17072,0,0,0,10:20:33.44,0.0,1,0,0.0,0,0,0,10:20:33.44,10:20:33.44
83,Manam,Manam SM Cebu,17073,0.0,0.0,0,0,105539,0,12,<NA>,10:21:43.623,2025-09-03,10:21:43.623,2025-09-03,True,False,255.0,255.0,27.32,0.0,0,1,GRABFOOD,1,False,0.0,0,False,10:21:43.623,2025-09-03,0.0,False,1,0.0,GRABFOOD,0.0,0,0,-99.99,-10000000000,<NA>,0.0,0,17073,0,0,0,10:21:43.623,0.0,1,0,0.0,0,0,0,10:21:43.623,10:21:43.623
83,Manam,Manam SM Cebu,17074,0.0,0.0,0,0,105539,0,12,<NA>,10:25:48.107,2025-09-03,10:25:48.107,2025-09-03,True,False,288.0,288.0,30.86,0.0,0,1,GRABFOOD,1,False,0.0,0,False,10:25:48.107,2025-09-03,0.0,False,1,0.0,GRABFOOD,0.0,0,0,-99.99,-10000000000,<NA>,0.0,0,17074,0,0,0,10:25:48.107,0.0,1,0,0.0,0,0,0,10:25:48.107,10:25:48.107
83,Manam,Manam SM Cebu,17075,0.0,0.0,0,0,105539,0,10,<NA>,10:36:08.093,2025-09-03,10:36:08.093,2025-09-03,True,False,480.0,480.0,51.43,0.0,0,1,FOODPANDA,1,False,0.0,0,False,10:36:08.093,2025-09-03,0.0,False,1,0.0,FOODPANDA,0.0,0,0,-99.99,-10000000000,<NA>,0.0,0,17075,0,0,0,10:36:08.093,0.0,1,0,0.0,0,0,0,10:36:08.093,10:36:08.093
83,Manam,Manam SM Cebu,17076,0.0,0.0,0,0,105539,0,12,<NA>,10:43:21.947,2025-09-03,10:43:21.947,2025-09-03,True,False,268.0,268.0,28.71,0.0,0,1,GRABFOOD,1,False,0.0,0,False,10:43:21.947,2025-09-03,0.0,False,1,0.0,GRABFOOD,0.0,0,0,-99.99,-10000000000,<NA>,0.0,0,17076,0,0,0,10:43:21.947,0.0,1,0,0.0,0,0,0,10:43:21.947,10:43:21.947
83,Manam,Manam SM Cebu,17077,0.0,0.0,0,0,108025,0,1,<NA>,10:47:10.343,2025-09-03,10:47:10.343,2025-09-03,True,False,1630.0,1630.0,174.64,0.0,0,1,TAKEOUT,1,False,0.0,0,False,10:47:10.343,2025-09-03,0.0,False,1,0.0,TAKEOUT,0.0,0,0,-99.99,-10000000000,<NA>,0.0,0,17077,0,0,0,10:47:10.343,0.0,1,0,0.0,0,0,0,10:47:10.343,10:47:10.343
83,Manam,Manam SM Cebu,17078,0.0,0.0,0,0,105539,0,12,<NA>,10:57:29.383,2025-09-03,10:57:29.383,2025-09-03,True,False,430.0,430.0,46.07,0.0,0,1,GRABFOOD,1,False,0.0,0,False,10:57:29.383,2025-09-03,0.0,False,1,0.0,GRABFOOD,0.0,0,0,-99.99,-10000000000,<NA>,0.0,0,17078,0,0,0,10:57:29.383,0.0,1,0,0.0,0,0,0,10:57:29.383,10:57:29.383
83,Manam,Manam SM Cebu,17079,0.0,0.0,0,0,105539,0,12,<NA>,11:02:59.897,2025-09-03,11:02:59.897,2025-09-03,True,False,2925.0,2925.0,313.39,0.0,0,1,GRABFOOD,1,False,0.0,0,False,11:02:59.897,2025-09-03,0.0,False,1,0.0,GRABFOOD,0.0,0,0,-99.99,-10000000000,<NA>,0.0,0,17079,0,0,0,11:02:59.897,0.0,1,0,0.0,0,0,0,11:02:59.897,11:02:59.897
83,Manam,Manam SM Cebu,17080,0.0,0.0,0,0,105539,0,12,<NA>,11:04:21.55,2025-09-03,11:04:21.55,2025-09-03,True,False,603.0,603.0,64.61,0.0,0,1,GRABFOOD,1,False,0.0,0,False,11:04:21.55,2025-09-03,0.0,False,1,0.0,GRABFOOD,0.0,0,0,-99.99,-10000000000,<NA>,0.0,0,17080,0,0,0,11:04:21.55,0.0,1,0,0.0,0,0,0,11:04:21.55,11:04:21.55
83,Manam,Manam SM Cebu,17081,0.0,0.0,0,0,105539,0,12,<NA>,11:06:20.593,2025-09-03,11:06:20.593,2025-09-03,True,False,815.0,815.0,87.32,0.0,0,1,GRABFOOD,1,False,0.0,0,False,11:06:20.593,2025-09-03,0.0,False,1,0.0,GRABFOOD,0.0,0,0,-99.99,-10000000000,<NA>,0.0,0,17081,0,0,0,11:06:20.593,0.0,1,0,0.0,0,0,0,11:06:20.593,11:06:20.593
83,Manam,Manam SM Cebu,17082,0.0,0.0,0,0,105539,0,1,<NA>,08:02:47.657,2025-09-03,08:02:47.657,2025-09-03,True,False,0.0,0.0,0.0,0.0,0,1,ZR-TRAINING,1,False,0.0,0,False,08:02:47.657,2025-09-03,0.0,False,1,0.0,ZR-TRAINING,0.0,0,0,-99.99,-10000000000,<NA>,0.0,0,17082,0,0,0,08:02:47.657,0.0,1,0,0.0,0,0,0,08:02:47.657,08:02:47.657
83,Manam,Manam SM Cebu,17083,0.0,0.0,20,0,105539,2,3,<NA>,10:22:07.997,2025-09-03,10:22:07.997,2025-09-03,True,False,1090.0,1090.0,116.79,-82.72,0,1,DINEIN1,1,False,0.0,0,False,10:22:07.997,2025-09-03,0.0,False,1,0.0,DINEIN1,0.0,0,0,-99.99,-10000000000,<NA>,0.0,0,17083,0,0,0,10:22:07.997,0.0,1,0,0.0,0,0,0,10:22:07.997,10:22:07.997
83,Manam,Manam SM Cebu,17084,0.0,0.0,0,0,105539,0,12,<NA>,11:16:08.99,2025-09-03,11:16:08.99,2025-09-03,True,False,268.0,268.0,28.71,0.0,0,1,GRABFOOD,1,False,0.0,0,False,11:16:08.99,2025-09-03,0.0,False,1,0.0,GRABFOOD,0.0,0,0,-99.99,-10000000000,<NA>,0.0,0,17084,0,0,0,11:16:08.99,0.0,1,0,0.0,0,0,0,11:16:08.99,11:16:08.99
83,Manam,Manam SM Cebu,17086,0.0,0.0,31,0,105539,3,1,<NA>,10:48:48.433,2025-09-03,10:48:48.433,2025-09-03,True,False,1615.0,1615.0,210.01,-148.75,0,1,DINEIN1,1,False,0.0,0,False,10:48:48.433,2025-09-03,0.0,False,1,0.0,DINEIN1,0.0,0,0,-99.99,-10000000000,<NA>,0.0,0,17086,0,0,0,10:48:48.433,0.0,1,0,0.0,0,0,0,10:48:48.433,10:48:48.433
83,Manam,Manam SM Cebu,17087,0.0,0.0,0,0,105539,0,12,<NA>,11:42:19.487,2025-09-03,11:42:19.487,2025-09-03,True,False,460.0,460.0,49.29,0.0,0,1,GRABFOOD,1,False,0.0,0,False,11:42:19.487,2025-09-03,0.0,False,1,0.0,GRABFOOD,0.0,0,0,-99.99,-10000000000,<NA>,0.0,0,17087,0,0,0,11:42:19.487,0.0,1,0,0.0,0,0,0,11:42:19.487,11:42:19.487
83,Manam,Manam SM Cebu,17088,0.0,0.0,33,0,105539,5,3,10% LOYAL,10:47:09.76,2025-09-03,10:47:09.76,2025-09-03,True,False,2485.0,2485.0,239.64,-169.73,0,1,DINEIN1,1,False,248.5,0,False,10:47:09.76,2025-09-03,0.0,False,1,0.0,DINEIN1,0.0,0,0,-99.99,-10000000000,10468454,0.0,0,17088,0,0,0,10:47:09.76,0.0,1,0,0.0,0,0,0,10:47:09.76,10:47:09.76
83,Manam,Manam SM Cebu,17089,0.0,0.0,0,0,105539,0,12,<NA>,11:54:10.177,2025-09-03,11:54:10.177,2025-09-03,True,False,1510.0,1510.0,161.78,0.0,0,1,GRABFOOD,1,False,0.0,0,False,11:54:10.177,2025-09-03,0.0,False,1,0.0,GRABFOOD,0.0,0,0,-99.99,-10000000000,<NA>,0.0,0,17089,0,0,0,11:54:10.177,0.0,1,0,0.0,0,0,0,11:54:10.177,11:54:10.177
83,Manam,Manam SM Cebu,17090,0.0,0.0,41,0,105539,2,3,<NA>,11:04:43.517,2025-09-03,11:04:43.517,2025-09-03,True,False,1040.0,1040.0,129.64,-91.83,0,1,DINEIN1,1,False,0.0,0,False,11:04:43.517,2025-09-03,0.0,False,1,0.0,DINEIN1,0.0,0,0,-99.99,-10000000000,<NA>,0.0,0,17090,0,0,0,11:04:43.517,0.0,1,0,0.0,0,0,0,11:04:43.517,11:04:43.517
83,Manam,Manam SM Cebu,17091,0.0,0.0,45,0,105539,2,1,<NA>,11:18:31.307,2025-09-03,11:18:31.307,2025-09-03,True,False,1120.0,1120.0,130.71,-92.59,0,1,DINEIN1,1,False,0.0,0,False,11:18:31.307,2025-09-03,0.0,False,1,0.0,DINEIN1,0.0,0,0,-99.99,-10000000000,<NA>,0.0,0,17091,0,0,0,11:18:31.307,0.0,1,0,0.0,0,0,0,11:18:31.307,11:18:31.307
83,Manam,Manam SM Cebu,17092,0.0,0.0,5,0,105539,4,1,<NA>,11:29:43.247,2025-09-03,11:29:43.247,2025-09-03,True,False,1937.5,1937.5,0.0,-131.75,0,1,DINEIN1,1,False,387.5,0,False,11:29:43.247,2025-09-03,0.0,False,1,0.0,DINEIN1,0.0,0,0,-99.99,-10000000000,<NA>,0.0,0,17092,0,0,0,11:29:43.247,0.0,1,0,0.0,0,0,0,11:29:43.247,11:29:43.247
83,Manam,Manam SM Cebu,17093,0.0,0.0,0,0,105539,0,10,<NA>,12:14:17.337,2025-09-03,12:14:17.337,2025-09-03,True,False,460.0,460.0,49.29,0.0,0,1,FOODPANDA,1,False,0.0,0,False,12:14:17.337,2025-09-03,0.0,False,1,0.0,FOODPANDA,0.0,0,0,-99.99,-10000000000,<NA>,0.0,0,17093,0,0,0,12:14:17.337,0.0,1,0,0.0,0,0,0,12:14:17.337,12:14:17.337
83,Manam,Manam SM Cebu,17094,0.0,0.0,28,0,105539,4,3,<NA>,10:55:02.457,2025-09-03,10:55:02.457,2025-09-03,True,False,1861.6,1861.6,0.0,-147.54,0,1,DINEIN1,1,False,433.92,0,False,10:55:02.457,2025-09-03,0.0,False,1,0.0,DINEIN1,0.0,0,0,-99.99,-10000000000,<NA>,0.0,0,17094,0,0,0,10:55:02.457,0.0,1,0,0.0,0,0,0,10:55:02.457,10:55:02.457
83,Manam,Manam SM Cebu,17095,0.0,0.0,0,0,105539,0,12,<NA>,12:23:50.19,2025-09-03,12:23:50.19,2025-09-03,True,False,861.0,861.0,92.24,0.0,0,1,GRABFOOD,1,False,0.0,0,False,12:23:50.19,2025-09-03,0.0,False,1,0.0,GRABFOOD,0.0,0,0,-99.99,-10000000000,<NA>,0.0,0,17095,0,0,0,12:23:50.19,0.0,1,0,0.0,0,0,0,12:23:50.19,12:23:50.19
83,Manam,Manam SM Cebu,17096,0.0,0.0,20,0,105539,3,3,<NA>,11:39:53.79,2025-09-03,11:39:53.79,2025-09-03,True,False,1522.5,1522.5,67.14285714285714,-123.66,0,1,DINEIN1,1,False,223.8,0,False,11:39:53.79,2025-09-03,0.0,False,1,0.0,DINEIN1,0.0,0,0,-99.99,-10000000000,<NA>,0.0,0,17096,0,0,0,11:39:53.79,0.0,1,0,0.0,0,0,0,11:39:53.79,11:39:53.79
83,Manam,Manam SM Cebu,17097,0.0,0.0,25,0,105539,2,1,<NA>,11:17:24.347,2025-09-03,11:17:24.347,2025-09-03,True,False,982.14,982.14,0.0,-74.07,0,1,DINEIN1,1,False,217.86,0,False,11:17:24.347,2025-09-03,0.0,False,1,0.0,DINEIN1,0.0,0,0,-99.99,-10000000000,<NA>,0.0,0,17097,0,0,0,11:17:24.347,0.0,1,0,0.0,0,0,0,11:17:24.347,11:17:24.347
83,Manam,Manam SM Cebu,17098,0.0,0.0,44,0,105539,3,3,10% LOYAL,11:33:27.85,2025-09-03,11:33:27.85,2025-09-03,True,False,1965.0,1965.0,189.48,-134.22,0,1,DINEIN1,1,False,196.5,0,False,11:33:27.85,2025-09-03,0.0,False,1,0.0,DINEIN1,0.0,0,0,-99.99,-10000000000,10468112,0.0,0,17098,0,0,0,11:33:27.85,0.0,1,0,0.0,0,0,0,11:33:27.85,11:33:27.85
83,Manam,Manam SM Cebu,17099,0.0,0.0,7,0,105539,4,1,<NA>,11:42:08.193,2025-09-03,11:42:08.193,2025-09-03,True,False,2120.0,2120.0,245.9,-174.17,0,1,DINEIN1,1,False,0.0,0,False,11:42:08.193,2025-09-03,0.0,False,1,0.0,DINEIN1,0.0,0,0,-99.99,-10000000000,<NA>,0.0,0,17099,0,0,0,11:42:08.193,0.0,1,0,0.0,0,0,0,11:42:08.193,11:42:08.193
83,Manam,Manam SM Cebu,17100,0.0,0.0,0,0,105539,0,10,<NA>,12:36:35.703,2025-09-03,12:36:35.703,2025-09-03,True,False,248.0,248.0,26.57,0.0,0,1,FOODPANDA,1,False,0.0,0,False,12:36:35.703,2025-09-03,0.0,False,1,0.0,FOODPANDA,0.0,0,0,-99.99,-10000000000,<NA>,0.0,0,17100,0,0,0,12:36:35.703,0.0,1,0,0.0,0,0,0,12:36:35.703,12:36:35.703
83,Manam,Manam SM Cebu,17101,0.0,0.0,51,0,105539,2,1,<NA>,11:56:43.987,2025-09-03,11:56:43.987,2025-09-03,True,False,1410.0,1410.0,162.85,-115.36,0,1,DINEIN1,1,False,0.0,0,False,11:56:43.987,2025-09-03,0.0,False,1,0.0,DINEIN1,0.0,0,0,-99.99,-10000000000,<NA>,0.0,0,17101,0,0,0,11:56:43.987,0.0,1,0,0.0,0,0,0,11:56:43.987,11:56:43.987
83,Manam,Manam SM Cebu,17102,0.0,0.0,21,0,105539,3,3,<NA>,11:15:13.447,2025-09-03,11:15:13.447,2025-09-03,True,False,2123.2,2123.2,163.56857142857143,-162.2,0,1,DINEIN1,1,False,136.3,0,False,11:15:13.447,2025-09-03,0.0,False,1,0.0,DINEIN1,0.0,0,0,-99.99,-10000000000,<NA>,0.0,0,17102,0,0,0,11:15:13.447,0.0,1,0,0.0,0,0,0,11:15:13.447,11:15:13.447
83,Manam,Manam SM Cebu,17104,0.0,0.0,35,0,105539,2,3,<NA>,12:07:23.063,2025-09-03,12:07:23.063,2025-09-03,True,False,1010.0,1010.0,108.22,-76.65,0,1,DINEIN1,1,False,0.0,0,False,12:07:23.063,2025-09-03,0.0,False,1,0.0,DINEIN1,0.0,0,0,-99.99,-10000000000,<NA>,0.0,0,17104,0,0,0,12:07:23.063,0.0,1,0,0.0,0,0,0,12:07:23.063,12:07:23.063
83,Manam,Manam SM Cebu,17105,0.0,0.0,12,0,105539,2,3,<NA>,11:53:58.537,2025-09-03,11:53:58.537,2025-09-03,True,False,2025.0,2025.0,216.96,-153.68,0,1,DINEIN1,1,False,0.0,0,False,11:53:58.537,2025-09-03,0.0,False,1,0.0,DINEIN1,0.0,0,0,-99.99,-10000000000,<NA>,0.0,0,17105,0,0,0,11:53:58.537,0.0,1,0,0.0,0,0,0,11:53:58.537,11:53:58.537
83,Manam,Manam SM Cebu,17106,0.0,0.0,1,0,105539,4,3,<NA>,11:57:25.463,2025-09-03,11:57:25.463,2025-09-03,True,False,1860.0,1860.0,233.58,-165.45,0,1,DINEIN1,1,False,0.0,0,False,11:57:25.463,2025-09-03,0.0,False,1,0.0,DINEIN1,0.0,0,0,-99.99,-10000000000,<NA>,0.0,0,17106,0,0,0,11:57:25.463,0.0,1,0,0.0,0,0,0,11:57:25.463,11:57:25.463
83,Manam,Manam SM Cebu,17107,0.0,0.0,41,0,105539,2,3,<NA>,12:08:59.473,2025-09-03,12:08:59.473,2025-09-03,True,False,979.37,979.37,59.73571428571429,-76.16,0,1,DINEIN1,1,False,99.55,0,False,12:08:59.473,2025-09-03,0.0,False,1,0.0,DINEIN1,0.0,0,0,-99.99,-10000000000,<NA>,0.0,0,17107,0,0,0,12:08:59.473,0.0,1,0,0.0,0,0,0,12:08:59.473,12:08:59.473
83,Manam,Manam SM Cebu,17108,0.0,0.0,10,0,105539,3,3,<NA>,11:36:23.277,2025-09-03,11:36:23.277,2025-09-03,True,False,1275.0,1275.0,154.82,-109.67,0,1,DINEIN1,1,False,0.0,0,False,11:36:23.277,2025-09-03,0.0,False,1,0.0,DINEIN1,0.0,0,0,-99.99,-10000000000,<NA>,0.0,0,17108,0,0,0,11:36:23.277,0.0,1,0,0.0,0,0,0,11:36:23.277,11:36:23.277
83,Manam,Manam SM Cebu,17109,0.0,0.0,50,0,105539,5,3,<NA>,12:00:13.403,2025-09-03,12:00:13.403,2025-09-03,True,False,3641.3599999999997,3641.3599999999997,252.96571428571428,-274.75,0,1,DINEIN1,1,False,281.06,0,False,12:00:13.403,2025-09-03,0.0,False,1,0.0,DINEIN1,0.0,0,0,-99.99,-10000000000,<NA>,0.0,0,17109,0,0,0,12:00:13.403,0.0,1,0,0.0,0,0,0,12:00:13.403,12:00:13.403
83,Manam,Manam SM Cebu,17110,0.0,0.0,40,0,105539,2,1,<NA>,12:05:26.087,2025-09-03,12:05:26.087,2025-09-03,True,False,918.05,918.05,51.97,-66.26,0,1,DINEIN1,1,False,86.62,0,False,12:05:26.087,2025-09-03,0.0,False,1,0.0,DINEIN1,0.0,0,0,-99.99,-10000000000,<NA>,0.0,0,17110,0,0,0,12:05:26.087,0.0,1,0,0.0,0,0,0,12:05:26.087,12:05:26.087
83,Manam,Manam SM Cebu,17111,0.0,0.0,0,0,105539,0,1,<NA>,12:54:03.907,2025-09-03,12:54:03.907,2025-09-03,True,False,0.0,0.0,0.0,0.0,0,1,ZR-COMP +,1,False,0.0,0,False,12:54:03.907,2025-09-03,0.0,False,1,0.0,ZR-COMP +,0.0,0,0,-99.99,-10000000000,<NA>,0.0,0,17111,0,0,0,12:54:03.907,0.0,1,0,0.0,0,0,0,12:54:03.907,12:54:03.907
83,Manam,Manam SM Cebu,17112,0.0,0.0,17,0,105539,3,3,<NA>,12:29:29.793,2025-09-03,12:29:29.793,2025-09-03,True,False,1151.79,1151.79,0.0,-78.32,0,1,DINEIN1,1,False,230.36,0,False,12:29:29.793,2025-09-03,0.0,False,1,0.0,DINEIN1,0.0,0,0,-99.99,-10000000000,<NA>,0.0,0,17112,0,0,0,12:29:29.793,0.0,1,0,0.0,0,0,0,12:29:29.793,12:29:29.793
83,Manam,Manam SM Cebu,17114,0.0,0.0,33,0,105539,3,3,<NA>,12:32:04.09,2025-09-03,12:32:04.09,2025-09-03,True,False,1700.0,1700.0,182.14,-129.02,0,1,DINEIN1,1,False,0.0,0,False,12:32:04.09,2025-09-03,0.0,False,1,0.0,DINEIN1,0.0,0,0,-99.99,-10000000000,<NA>,0.0,0,17114,0,0,0,12:32:04.09,0.0,1,0,0.0,0,0,0,12:32:04.09,12:32:04.09
83,Manam,Manam SM Cebu,17115,0.0,0.0,43,0,105539,1,1,<NA>,12:34:43.393,2025-09-03,12:34:43.393,2025-09-03,True,False,870.0,870.0,93.22,-66.03,0,1,DINEIN1,1,False,0.0,0,False,12:34:43.393,2025-09-03,0.0,False,1,0.0,DINEIN1,0.0,0,0,-99.99,-10000000000,<NA>,0.0,0,17115,0,0,0,12:34:43.393,0.0,1,0,0.0,0,0,0,12:34:43.393,12:34:43.393
83,Manam,Manam SM Cebu,17116,0.0,0.0,45,0,105539,2,3,<NA>,12:27:53.013,2025-09-03,12:27:53.013,2025-09-03,True,False,880.0,880.0,54.114285714285714,-68.99,0,1,DINEIN1,1,False,90.18,0,False,12:27:53.013,2025-09-03,0.0,False,1,0.0,DINEIN1,0.0,0,0,-99.99,-10000000000,<NA>,0.0,0,17116,0,0,0,12:27:53.013,0.0,1,0,0.0,0,0,0,12:27:53.013,12:27:53.013
83,Manam,Manam SM Cebu,17117,0.0,0.0,4,0,105539,2,3,<NA>,12:26:15.197,2025-09-03,12:26:15.197,2025-09-03,True,False,1000.0,1000.0,107.14,-75.89,0,1,DINEIN1,1,False,0.0,0,False,12:26:15.197,2025-09-03,0.0,False,1,0.0,DINEIN1,0.0,0,0,-99.99,-10000000000,<NA>,0.0,0,17117,0,0,0,12:26:15.197,0.0,1,0,0.0,0,0,0,12:26:15.197,12:26:15.197
83,Manam,Manam SM Cebu,17118,0.0,0.0,52,0,105539,2,3,<NA>,12:10:30.823,2025-09-03,12:10:30.823,2025-09-03,True,False,1325.8899999999999,1325.8899999999999,0.0,-90.16,0,1,DINEIN1,1,False,265.18,0,False,12:10:30.823,2025-09-03,0.0,False,1,0.0,DINEIN1,0.0,0,0,-99.99,-10000000000,<NA>,0.0,0,17118,0,0,0,12:10:30.823,0.0,1,0,0.0,0,0,0,12:10:30.823,12:10:30.823
83,Manam,Manam SM Cebu,17119,0.0,0.0,9,0,105539,1,3,<NA>,12:51:01.917,2025-09-03,12:51:01.917,2025-09-03,True,False,985.0,985.0,105.54,-74.75,0,1,DINEIN1,1,False,0.0,0,False,12:51:01.917,2025-09-03,0.0,False,1,0.0,DINEIN1,0.0,0,0,-99.99,-10000000000,<NA>,0.0,0,17119,0,0,0,12:51:01.917,0.0,1,0,0.0,0,0,0,12:51:01.917,12:51:01.917
83,Manam,Manam SM Cebu,17120,0.0,0.0,31,0,105539,2,3,<NA>,12:09:49.437,2025-09-03,12:09:49.437,2025-09-03,True,False,1485.0,1485.0,159.1,-112.7,0,1,DINEIN1,1,False,0.0,0,False,12:09:49.437,2025-09-03,0.0,False,1,0.0,DINEIN1,0.0,0,0,-99.99,-10000000000,<NA>,0.0,0,17120,0,0,0,12:09:49.437,0.0,1,0,0.0,0,0,0,12:09:49.437,12:09:49.437
83,Manam,Manam SM Cebu,17121,0.0,0.0,15,0,105539,3,3,<NA>,11:46:58.383,2025-09-03,11:46:58.383,2025-09-03,True,False,2180.0,2180.0,272.67,-193.15,0,1,DINEIN1,1,False,0.0,0,False,11:46:58.383,2025-09-03,0.0,False,1,0.0,DINEIN1,0.0,0,0,-99.99,-10000000000,<NA>,0.0,0,17121,0,0,0,11:46:58.383,0.0,1,0,0.0,0,0,0,11:46:58.383,11:46:58.383
83,Manam,Manam SM Cebu,17122,0.0,0.0,0,0,105539,0,12,<NA>,13:22:31.007,2025-09-03,13:22:31.007,2025-09-03,True,False,215.0,215.0,23.04,0.0,0,1,GRABFOOD,1,False,0.0,0,False,13:22:31.007,2025-09-03,0.0,False,1,0.0,GRABFOOD,0.0,0,0,-99.99,-10000000000,<NA>,0.0,0,17122,0,0,0,13:22:31.007,0.0,1,0,0.0,0,0,0,13:22:31.007,13:22:31.007
83,Manam,Manam SM Cebu,17123,0.0,0.0,44,0,105539,4,3,<NA>,12:42:10.377,2025-09-03,12:42:10.377,2025-09-03,True,False,2368.08,2368.08,68.97285714285714,-166.11,0,1,DINEIN1,1,False,344.87,0,False,12:42:10.377,2025-09-03,0.0,False,1,0.0,DINEIN1,0.0,0,0,-99.99,-10000000000,<NA>,0.0,0,17123,0,0,0,12:42:10.377,0.0,1,0,0.0,0,0,0,12:42:10.377,12:42:10.377
83,Manam,Manam SM Cebu,17124,0.0,0.0,6,0,105539,2,3,<NA>,12:58:28.117,2025-09-03,12:58:28.117,2025-09-03,True,False,1350.0,1350.0,153.75,-108.91,0,1,DINEIN1,1,False,0.0,0,False,12:58:28.117,2025-09-03,0.0,False,1,0.0,DINEIN1,0.0,0,0,-99.99,-10000000000,<NA>,0.0,0,17124,0,0,0,12:58:28.117,0.0,1,0,0.0,0,0,0,12:58:28.117,12:58:28.117
83,Manam,Manam SM Cebu,17125,0.0,0.0,20,0,105539,2,3,<NA>,12:49:26.907,2025-09-03,12:49:26.907,2025-09-03,True,False,901.78,901.78,0.0,-61.32,0,1,DINEIN1,1,False,180.35,0,False,12:49:26.907,2025-09-03,0.0,False,1,0.0,DINEIN1,0.0,0,0,-99.99,-10000000000,<NA>,0.0,0,17125,0,0,0,12:49:26.907,0.0,1,0,0.0,0,0,0,12:49:26.907,12:49:26.907
83,Manam,Manam SM Cebu,17126,0.0,0.0,23,0,105539,4,3,<NA>,12:16:55.187,2025-09-03,12:16:55.187,2025-09-03,True,False,2379.51,2379.51,196.46571428571428,-176.28,0,1,DINEIN1,1,False,109.15,0,False,12:16:55.187,2025-09-03,0.0,False,1,0.0,DINEIN1,0.0,0,0,-99.99,-10000000000,<NA>,0.0,0,17126,0,0,0,12:16:55.187,0.0,1,0,0.0,0,0,0,12:16:55.187,12:16:55.187
83,Manam,Manam SM Cebu,17127,0.0,0.0,42,0,105539,1,3,<NA>,13:18:28.997,2025-09-03,13:18:28.997,2025-09-03,True,False,380.0,380.0,40.71,-28.84,0,1,DINEIN1,1,False,0.0,0,False,13:18:28.997,2025-09-03,0.0,False,1,0.0,DINEIN1,0.0,0,0,-99.99,-10000000000,<NA>,0.0,0,17127,0,0,0,13:18:28.997,0.0,1,0,0.0,0,0,0,13:18:28.997,13:18:28.997
83,Manam,Manam SM Cebu,17128,0.0,0.0,7,0,105539,2,3,<NA>,12:38:31.653,2025-09-03,12:38:31.653,2025-09-03,True,False,984.29,984.29,55.712857142857146,-71.03,0,1,DINEIN1,1,False,92.86,0,False,12:38:31.653,2025-09-03,0.0,False,1,0.0,DINEIN1,0.0,0,0,-99.99,-10000000000,<NA>,0.0,0,17128,0,0,0,12:38:31.653,0.0,1,0,0.0,0,0,0,12:38:31.653,12:38:31.653
83,Manam,Manam SM Cebu,17129,0.0,0.0,19,0,105539,2,1,<NA>,11:57:55.883,2025-09-03,11:57:55.883,2025-09-03,True,False,1299.1,1299.1,0.0,-88.34,0,1,DINEIN1,1,False,259.82,0,False,11:57:55.883,2025-09-03,0.0,False,1,0.0,DINEIN1,0.0,0,0,-99.99,-10000000000,<NA>,0.0,0,17129,0,0,0,11:57:55.883,0.0,1,0,0.0,0,0,0,11:57:55.883,11:57:55.883
83,Manam,Manam SM Cebu,17130,0.0,0.0,28,0,105539,3,1,<NA>,12:43:29.71,2025-09-03,12:43:29.71,2025-09-03,True,False,2169.64,2169.64,160.71428571428572,-159.38,0,1,DINEIN1,1,False,133.93,0,False,12:43:29.71,2025-09-03,0.0,False,1,0.0,DINEIN1,0.0,0,0,-99.99,-10000000000,<NA>,0.0,0,17130,0,0,0,12:43:29.71,0.0,1,0,0.0,0,0,0,12:43:29.71,12:43:29.71
83,Manam,Manam SM Cebu,17132,0.0,0.0,12,0,105539,3,1,<NA>,13:02:42.263,2025-09-03,13:02:42.263,2025-09-03,True,False,1455.0,1455.0,166.6,-118.01,0,1,DINEIN1,1,False,0.0,0,False,13:02:42.263,2025-09-03,0.0,False,1,0.0,DINEIN1,0.0,0,0,-99.99,-10000000000,<NA>,0.0,0,17132,0,0,0,13:02:42.263,0.0,1,0,0.0,0,0,0,13:02:42.263,13:02:42.263
83,Manam,Manam SM Cebu,17134,0.0,0.0,51,0,105539,2,3,<NA>,13:16:24.457,2025-09-03,13:16:24.457,2025-09-03,True,False,1210.0,1210.0,129.65,-91.83,0,1,DINEIN1,1,False,0.0,0,False,13:16:24.457,2025-09-03,0.0,False,1,0.0,DINEIN1,0.0,0,0,-99.99,-10000000000,<NA>,0.0,0,17134,0,0,0,13:16:24.457,0.0,1,0,0.0,0,0,0,13:16:24.457,13:16:24.457
83,Manam,Manam SM Cebu,17135,0.0,0.0,40,0,105539,1,1,<NA>,13:28:13.207,2025-09-03,13:28:13.207,2025-09-03,True,False,315.0,315.0,33.75,-23.91,0,1,DINEIN1,1,False,0.0,0,False,13:28:13.207,2025-09-03,0.0,False,1,0.0,DINEIN1,0.0,0,0,-99.99,-10000000000,<NA>,0.0,0,17135,0,0,0,13:28:13.207,0.0,1,0,0.0,0,0,0,13:28:13.207,13:28:13.207
83,Manam,Manam SM Cebu,17137,0.0,0.0,21,0,105539,3,3,<NA>,13:01:17.187,2025-09-03,13:01:17.187,2025-09-03,True,False,1769.6399999999999,1769.6399999999999,71.06857142857142,-130.89,0,1,DINEIN1,1,False,236.9,0,False,13:01:17.187,2025-09-03,0.0,False,1,0.0,DINEIN1,0.0,0,0,-99.99,-10000000000,<NA>,0.0,0,17137,0,0,0,13:01:17.187,0.0,1,0,0.0,0,0,0,13:01:17.187,13:01:17.187
83,Manam,Manam SM Cebu,17138,0.0,0.0,0,0,105539,0,12,<NA>,14:00:35.967,2025-09-03,14:00:35.967,2025-09-03,True,False,850.0,850.0,91.07,0.0,0,1,GRABFOOD,1,False,0.0,0,False,14:00:35.967,2025-09-03,0.0,False,1,0.0,GRABFOOD,0.0,0,0,-99.99,-10000000000,<NA>,0.0,0,17138,0,0,0,14:00:35.967,0.0,1,0,0.0,0,0,0,14:00:35.967,14:00:35.967
83,Manam,Manam SM Cebu,17139,0.0,0.0,10,0,105539,2,3,<NA>,13:22:23.9,2025-09-03,13:22:23.9,2025-09-03,True,False,1085.0,1085.0,125.36,-88.79,0,1,DINEIN1,1,False,0.0,0,False,13:22:23.9,2025-09-03,0.0,False,1,0.0,DINEIN1,0.0,0,0,-99.99,-10000000000,<NA>,0.0,0,17139,0,0,0,13:22:23.9,0.0,1,0,0.0,0,0,0,13:22:23.9,13:22:23.9
83,Manam,Manam SM Cebu,17140,0.0,0.0,45,0,105539,1,1,<NA>,13:26:22.59,2025-09-03,13:26:22.59,2025-09-03,True,False,1215.0,1215.0,130.18,-92.21,0,1,DINEIN1,1,False,0.0,0,False,13:26:22.59,2025-09-03,0.0,False,1,0.0,DINEIN1,0.0,0,0,-99.99,-10000000000,<NA>,0.0,0,17140,0,0,0,13:26:22.59,0.0,1,0,0.0,0,0,0,13:26:22.59,13:26:22.59
83,Manam,Manam SM Cebu,17141,0.0,0.0,0,0,105539,0,12,<NA>,14:04:57.903,2025-09-03,14:04:57.903,2025-09-03,True,False,385.0,385.0,41.25,0.0,0,1,GRABFOOD,1,False,0.0,0,False,14:04:57.903,2025-09-03,0.0,False,1,0.0,GRABFOOD,0.0,0,0,-99.99,-10000000000,<NA>,0.0,0,17141,0,0,0,14:04:57.903,0.0,1,0,0.0,0,0,0,14:04:57.903,14:04:57.903
83,Manam,Manam SM Cebu,17144,0.0,0.0,50,0,105539,5,1,<NA>,13:39:29.433,2025-09-03,13:39:29.433,2025-09-03,True,False,3231.8199999999997,3231.8199999999997,293.0228571428571,-248.81,0,1,DINEIN1,1,False,121.96,0,False,13:39:29.433,2025-09-03,0.0,False,1,0.0,DINEIN1,0.0,0,0,-99.99,-10000000000,<NA>,0.0,0,17144,0,0,0,13:39:29.433,0.0,1,0,0.0,0,0,0,13:39:29.433,13:39:29.433
83,Manam,Manam SM Cebu,17145,0.0,0.0,0,0,107992,0,3,<NA>,14:33:50.373,2025-09-03,14:33:50.373,2025-09-03,True,False,580.0,580.0,62.14,0.0,0,1,TAKEOUT,1,False,0.0,0,False,14:33:50.373,2025-09-03,0.0,False,1,0.0,TAKEOUT,0.0,0,0,-99.99,-10000000000,<NA>,0.0,0,17145,0,0,0,14:33:50.373,0.0,1,0,0.0,0,0,0,14:33:50.373,14:33:50.373
83,Manam,Manam SM Cebu,17146,0.0,0.0,28,0,105539,3,3,<NA>,13:52:21.217,2025-09-03,13:52:21.217,2025-09-03,True,False,1925.0,1925.0,206.25,-146.09,0,1,DINEIN1,1,False,0.0,0,False,13:52:21.217,2025-09-03,0.0,False,1,0.0,DINEIN1,0.0,0,0,-99.99,-10000000000,<NA>,0.0,0,17146,0,0,0,13:52:21.217,0.0,1,0,0.0,0,0,0,13:52:21.217,13:52:21.217
83,Manam,Manam SM Cebu,17147,0.0,0.0,23,0,105539,3,1,<NA>,14:18:14.463,2025-09-03,14:18:14.463,2025-09-03,True,False,1480.0,1480.0,158.58,-112.32,0,1,DINEIN1,1,False,0.0,0,False,14:18:14.463,2025-09-03,0.0,False,1,0.0,DINEIN1,0.0,0,0,-99.99,-10000000000,<NA>,0.0,0,17147,0,0,0,14:18:14.463,0.0,1,0,0.0,0,0,0,14:18:14.463,14:18:14.463
83,Manam,Manam SM Cebu,17148,0.0,0.0,42,0,105539,2,1,<NA>,14:15:22.607,2025-09-03,14:15:22.607,2025-09-03,True,False,951.16,951.16,53.841428571428565,-68.65,0,1,DINEIN1,1,False,89.73,0,False,14:15:22.607,2025-09-03,0.0,False,1,0.0,DINEIN1,0.0,0,0,-99.99,-10000000000,<NA>,0.0,0,17148,0,0,0,14:15:22.607,0.0,1,0,0.0,0,0,0,14:15:22.607,14:15:22.607
83,Manam,Manam SM Cebu,17149,0.0,0.0,0,0,105539,0,12,<NA>,14:59:02.44,2025-09-03,14:59:02.44,2025-09-03,True,False,268.0,268.0,28.71,0.0,0,1,GRABFOOD,1,False,0.0,0,False,14:59:02.44,2025-09-03,0.0,False,1,0.0,GRABFOOD,0.0,0,0,-99.99,-10000000000,<NA>,0.0,0,17149,0,0,0,14:59:02.44,0.0,1,0,0.0,0,0,0,14:59:02.44,14:59:02.44
83,Manam,Manam SM Cebu,17150,0.0,0.0,44,0,105539,2,3,<NA>,14:15:10.707,2025-09-03,14:15:10.707,2025-09-03,True,False,1255.0,1255.0,156.42,-110.8,0,1,DINEIN1,1,False,0.0,0,False,14:15:10.707,2025-09-03,0.0,False,1,0.0,DINEIN1,0.0,0,0,-99.99,-10000000000,<NA>,0.0,0,17150,0,0,0,14:15:10.707,0.0,1,0,0.0,0,0,0,14:15:10.707,14:15:10.707
83,Manam,Manam SM Cebu,17151,0.0,0.0,20,0,105539,2,3,<NA>,14:17:00.507,2025-09-03,14:17:00.507,2025-09-03,True,False,1600.0,1600.0,183.22,-129.78,0,1,DINEIN1,1,False,0.0,0,False,14:17:00.507,2025-09-03,0.0,False,1,0.0,DINEIN1,0.0,0,0,-99.99,-10000000000,<NA>,0.0,0,17151,0,0,0,14:17:00.507,0.0,1,0,0.0,0,0,0,14:17:00.507,14:17:00.507
83,Manam,Manam SM Cebu,17152,0.0,0.0,19,0,105539,5,1,<NA>,14:26:08.753,2025-09-03,14:26:08.753,2025-09-03,True,False,794.4,794.4,84.85857142857142,-72.13,0,1,DINEIN1,1,False,35.36,0,False,14:26:08.753,2025-09-03,0.0,False,1,0.0,DINEIN1,0.0,0,0,-99.99,-10000000000,<NA>,0.0,0,17152,0,0,0,14:26:08.753,0.0,1,0,0.0,0,0,0,14:26:08.753,14:26:08.753
83,Manam,Manam SM Cebu,17153,0.0,0.0,35,0,105539,2,3,<NA>,14:33:28.523,2025-09-03,14:33:28.523,2025-09-03,True,False,850.0,850.0,91.07,-64.51,0,1,DINEIN1,1,False,0.0,0,False,14:33:28.523,2025-09-03,0.0,False,1,0.0,DINEIN1,0.0,0,0,-99.99,-10000000000,<NA>,0.0,0,17153,0,0,0,14:33:28.523,0.0,1,0,0.0,0,0,0,14:33:28.523,14:33:28.523
83,Manam,Manam SM Cebu,17154,0.0,0.0,45,0,105539,2,1,<NA>,14:39:19.683,2025-09-03,14:39:19.683,2025-09-03,True,False,1445.0,1445.0,163.92,-116.12,0,1,DINEIN1,1,False,0.0,0,False,14:39:19.683,2025-09-03,0.0,False,1,0.0,DINEIN1,0.0,0,0,-99.99,-10000000000,<NA>,0.0,0,17154,0,0,0,14:39:19.683,0.0,1,0,0.0,0,0,0,14:39:19.683,14:39:19.683
83,Manam,Manam SM Cebu,17155,0.0,0.0,0,0,105539,0,17,<NA>,15:26:00.32,2025-09-03,15:26:00.32,2025-09-03,True,False,2050.0,2050.0,219.64,0.0,0,1,SMONLINE,1,False,0.0,0,False,15:26:00.32,2025-09-03,0.0,False,1,0.0,SMONLINE,0.0,0,0,-99.99,-10000000000,<NA>,0.0,0,17155,0,0,0,15:26:00.32,0.0,1,0,0.0,0,0,0,15:26:00.32,15:26:00.32
83,Manam,Manam SM Cebu,17156,0.0,0.0,10,0,105539,4,1,<NA>,14:33:20.72,2025-09-03,14:33:20.72,2025-09-03,True,False,1690.0,1690.0,199.28,-141.16,0,1,DINEIN1,1,False,0.0,0,False,14:33:20.72,2025-09-03,0.0,False,1,0.0,DINEIN1,0.0,0,0,-99.99,-10000000000,<NA>,0.0,0,17156,0,0,0,14:33:20.72,0.0,1,0,0.0,0,0,0,14:33:20.72,14:33:20.72
83,Manam,Manam SM Cebu,17157,0.0,0.0,21,0,105539,2,3,<NA>,14:47:03.56,2025-09-03,14:47:03.56,2025-09-03,True,False,1826.6100000000001,1826.6100000000001,103.39428571428572,-131.83,0,1,DINEIN1,1,False,172.32,0,False,14:47:03.56,2025-09-03,0.0,False,1,0.0,DINEIN1,0.0,0,0,-99.99,-10000000000,<NA>,0.0,0,17157,0,0,0,14:47:03.56,0.0,1,0,0.0,0,0,0,14:47:03.56,14:47:03.56
83,Manam,Manam SM Cebu,17158,0.0,0.0,28,0,105539,3,1,<NA>,14:58:01.523,2025-09-03,14:58:01.523,2025-09-03,True,False,1795.0,1795.0,80.70857142857142,-148.65,0,1,DINEIN1,1,False,269.04,0,False,14:58:01.523,2025-09-03,0.0,False,1,0.0,DINEIN1,0.0,0,0,-99.99,-10000000000,<NA>,0.0,0,17158,0,0,0,14:58:01.523,0.0,1,0,0.0,0,0,0,14:58:01.523,14:58:01.523
83,Manam,Manam SM Cebu,17160,0.0,0.0,50,0,105539,4,1,<NA>,15:31:17.07,2025-09-03,15:31:17.07,2025-09-03,True,False,1366.07,1366.07,0.0,-92.89,0,1,DINEIN1,1,False,273.21,0,False,15:31:17.07,2025-09-03,0.0,False,1,0.0,DINEIN1,0.0,0,0,-99.99,-10000000000,<NA>,0.0,0,17160,0,0,0,15:31:17.07,0.0,1,0,0.0,0,0,0,15:31:17.07,15:31:17.07
83,Manam,Manam SM Cebu,17162,0.0,0.0,44,0,105539,2,1,<NA>,15:52:53.663,2025-09-03,15:52:53.663,2025-09-03,True,False,428.58000000000004,428.58000000000004,0.0,-29.14,0,1,DINEIN1,1,False,85.72,0,False,15:52:53.663,2025-09-03,0.0,False,1,0.0,DINEIN1,0.0,0,0,-99.99,-10000000000,<NA>,0.0,0,17162,0,0,0,15:52:53.663,0.0,1,0,0.0,0,0,0,15:52:53.663,15:52:53.663
83,Manam,Manam SM Cebu,17164,0.0,0.0,0,0,107992,0,1,<NA>,16:36:41.027,2025-09-03,16:36:41.027,2025-09-03,True,False,1965.0,1965.0,210.54,0.0,0,1,TAKEOUT,1,False,0.0,0,False,16:36:41.027,2025-09-03,0.0,False,1,0.0,TAKEOUT,0.0,0,0,-99.99,-10000000000,<NA>,0.0,0,17164,0,0,0,16:36:41.027,0.0,1,0,0.0,0,0,0,16:36:41.027,16:36:41.027
83,Manam,Manam SM Cebu,17165,0.0,0.0,0,0,107992,0,3,<NA>,16:43:08.06,2025-09-03,16:43:08.06,2025-09-03,True,False,795.0,795.0,85.18,0.0,0,1,TAKEOUT,1,False,0.0,0,False,16:43:08.06,2025-09-03,0.0,False,1,0.0,TAKEOUT,0.0,0,0,-99.99,-10000000000,<NA>,0.0,0,17165,0,0,0,16:43:08.06,0.0,1,0,0.0,0,0,0,16:43:08.06,16:43:08.06
83,Manam,Manam SM Cebu,17166,0.0,0.0,20,0,105539,2,3,<NA>,16:14:13.76,2025-09-03,16:14:13.76,2025-09-03,True,False,1335.0,1335.0,143.04,-101.32,0,1,DINEIN1,1,False,0.0,0,False,16:14:13.76,2025-09-03,0.0,False,1,0.0,DINEIN1,0.0,0,0,-99.99,-10000000000,<NA>,0.0,0,17166,0,0,0,16:14:13.76,0.0,1,0,0.0,0,0,0,16:14:13.76,16:14:13.76
83,Manam,Manam SM Cebu,17167,0.0,0.0,0,0,105539,0,12,<NA>,16:48:38.15,2025-09-03,16:48:38.15,2025-09-03,True,False,2620.0,2620.0,280.71,0.0,0,1,GRABFOOD,1,False,0.0,0,False,16:48:38.15,2025-09-03,0.0,False,1,0.0,GRABFOOD,0.0,0,0,-99.99,-10000000000,<NA>,0.0,0,17167,0,0,0,16:48:38.15,0.0,1,0,0.0,0,0,0,16:48:38.15,16:48:38.15
83,Manam,Manam SM Cebu,17168,0.0,0.0,45,0,105539,1,1,<NA>,16:21:54,2025-09-03,16:21:54,2025-09-03,True,False,525.0,525.0,56.24,-39.84,0,1,DINEIN1,1,False,0.0,0,False,16:21:54,2025-09-03,0.0,False,1,0.0,DINEIN1,0.0,0,0,-99.99,-10000000000,<NA>,0.0,0,17168,0,0,0,16:21:54,0.0,1,0,0.0,0,0,0,16:21:54,16:21:54
83,Manam,Manam SM Cebu,17169,0.0,0.0,1,0,105539,2,1,<NA>,16:08:47.097,2025-09-03,16:08:47.097,2025-09-03,True,False,1690.0,1690.0,191.79,-135.85,0,1,DINEIN1,1,False,0.0,0,False,16:08:47.097,2025-09-03,0.0,False,1,0.0,DINEIN1,0.0,0,0,-99.99,-10000000000,<NA>,0.0,0,17169,0,0,0,16:08:47.097,0.0,1,0,0.0,0,0,0,16:08:47.097,16:08:47.097
83,Manam,Manam SM Cebu,17170,0.0,0.0,0,0,105539,0,12,<NA>,16:56:10.287,2025-09-03,16:56:10.287,2025-09-03,True,False,375.0,375.0,40.18,0.0,0,1,GRABFOOD,1,False,0.0,0,False,16:56:10.287,2025-09-03,0.0,False,1,0.0,GRABFOOD,0.0,0,0,-99.99,-10000000000,<NA>,0.0,0,17170,0,0,0,16:56:10.287,0.0,1,0,0.0,0,0,0,16:56:10.287,16:56:10.287
83,Manam,Manam SM Cebu,17171,0.0,0.0,0,0,107992,0,3,20% EMP,16:50:09.023,2025-09-03,16:50:09.023,2025-09-03,True,False,2720.0,2720.0,233.14,0.0,0,1,TAKEOUT,1,False,544.0,0,False,16:50:09.023,2025-09-03,0.0,False,1,0.0,TAKEOUT,0.0,0,0,-99.99,-10000000000,<NA>,0.0,0,17171,0,0,0,16:50:09.023,0.0,1,0,0.0,0,0,0,16:50:09.023,16:50:09.023
83,Manam,Manam SM Cebu,17172,0.0,0.0,0,0,105539,0,12,<NA>,17:06:05.407,2025-09-03,17:06:05.407,2025-09-03,True,False,440.0,440.0,47.14,0.0,0,1,GRABFOOD,1,False,0.0,0,False,17:06:05.407,2025-09-03,0.0,False,1,0.0,GRABFOOD,0.0,0,0,-99.99,-10000000000,<NA>,0.0,0,17172,0,0,0,17:06:05.407,0.0,1,0,0.0,0,0,0,17:06:05.407,17:06:05.407
83,Manam,Manam SM Cebu,17173,0.0,0.0,7,0,105539,2,1,<NA>,16:26:18.947,2025-09-03,16:26:18.947,2025-09-03,True,False,1613.6599999999999,1613.6599999999999,91.34428571428573,-116.46,0,1,DINEIN1,1,False,152.23,0,False,16:26:18.947,2025-09-03,0.0,False,1,0.0,DINEIN1,0.0,0,0,-99.99,-10000000000,<NA>,0.0,0,17173,0,0,0,16:26:18.947,0.0,1,0,0.0,0,0,0,16:26:18.947,16:26:18.947
83,Manam,Manam SM Cebu,17175,0.0,0.0,0,0,105539,0,12,<NA>,17:16:18.43,2025-09-03,17:16:18.43,2025-09-03,True,False,980.0,980.0,105.0,0.0,0,1,GRABFOOD,1,False,0.0,0,False,17:16:18.43,2025-09-03,0.0,False,1,0.0,GRABFOOD,0.0,0,0,-99.99,-10000000000,<NA>,0.0,0,17175,0,0,0,17:16:18.43,0.0,1,0,0.0,0,0,0,17:16:18.43,17:16:18.43
83,Manam,Manam SM Cebu,17176,0.0,0.0,35,0,105539,2,3,<NA>,16:33:47.75,2025-09-03,16:33:47.75,2025-09-03,True,False,1334.46,1334.46,75.53142857142858,-96.3,0,1,DINEIN1,1,False,125.89,0,False,16:33:47.75,2025-09-03,0.0,False,1,0.0,DINEIN1,0.0,0,0,-99.99,-10000000000,<NA>,0.0,0,17176,0,0,0,16:33:47.75,0.0,1,0,0.0,0,0,0,16:33:47.75,16:33:47.75
83,Manam,Manam SM Cebu,17178,0.0,0.0,28,0,105539,2,3,<NA>,16:36:45.197,2025-09-03,16:36:45.197,2025-09-03,True,False,960.0,960.0,102.85,-72.86,0,1,DINEIN1,1,False,0.0,0,False,16:36:45.197,2025-09-03,0.0,False,1,0.0,DINEIN1,0.0,0,0,-99.99,-10000000000,<NA>,0.0,0,17178,0,0,0,16:36:45.197,0.0,1,0,0.0,0,0,0,16:36:45.197,16:36:45.197
83,Manam,Manam SM Cebu,17179,0.0,0.0,0,0,105539,0,12,<NA>,17:27:58.097,2025-09-03,17:27:58.097,2025-09-03,True,False,518.0,518.0,55.5,0.0,0,1,GRABFOOD,1,False,0.0,0,False,17:27:58.097,2025-09-03,0.0,False,1,0.0,GRABFOOD,0.0,0,0,-99.99,-10000000000,<NA>,0.0,0,17179,0,0,0,17:27:58.097,0.0,1,0,0.0,0,0,0,17:27:58.097,17:27:58.097
83,Manam,Manam SM Cebu,17180,0.0,0.0,41,0,105539,3,1,<NA>,16:30:39.3,2025-09-03,16:30:39.3,2025-09-03,True,False,1895.89,1895.89,81.82285714285713,-146.67,0,1,DINEIN1,1,False,265.48,0,False,16:30:39.3,2025-09-03,0.0,False,1,0.0,DINEIN1,0.0,0,0,-99.99,-10000000000,<NA>,0.0,0,17180,0,0,0,16:30:39.3,0.0,1,0,0.0,0,0,0,16:30:39.3,16:30:39.3
83,Manam,Manam SM Cebu,17181,0.0,0.0,51,0,105539,2,3,<NA>,16:58:40.25,2025-09-03,16:58:40.25,2025-09-03,True,False,1415.0,1415.0,162.33,-114.98,0,1,DINEIN1,1,False,0.0,0,False,16:58:40.25,2025-09-03,0.0,False,1,0.0,DINEIN1,0.0,0,0,-99.99,-10000000000,<NA>,0.0,0,17181,0,0,0,16:58:40.25,0.0,1,0,0.0,0,0,0,16:58:40.25,16:58:40.25
83,Manam,Manam SM Cebu,17182,0.0,0.0,50,0,105539,6,3,<NA>,16:35:31.803,2025-09-03,16:35:31.803,2025-09-03,True,False,1570.0,1570.0,168.21,-119.15,0,1,DINEIN1,1,False,0.0,0,False,16:35:31.803,2025-09-03,0.0,False,1,0.0,DINEIN1,0.0,0,0,-99.99,-10000000000,<NA>,0.0,0,17182,0,0,0,16:35:31.803,0.0,1,0,0.0,0,0,0,16:35:31.803,16:35:31.803
83,Manam,Manam SM Cebu,17183,0.0,0.0,4,0,105539,3,3,<NA>,16:19:55.763,2025-09-03,16:19:55.763,2025-09-03,True,False,2910.0,2910.0,348.21,-246.65,0,1,DINEIN1,1,False,0.0,0,False,16:19:55.763,2025-09-03,0.0,False,1,0.0,DINEIN1,0.0,0,0,-99.99,-10000000000,<NA>,0.0,0,17183,0,0,0,16:19:55.763,0.0,1,0,0.0,0,0,0,16:19:55.763,16:19:55.763
83,Manam,Manam SM Cebu,17184,0.0,0.0,15,0,105539,4,1,<NA>,17:23:22.653,2025-09-03,17:23:22.653,2025-09-03,True,False,1630.13,1630.13,134.59857142857143,-120.76,0,1,DINEIN1,1,False,74.78,0,False,17:23:22.653,2025-09-03,0.0,False,1,0.0,DINEIN1,0.0,0,0,-99.99,-10000000000,<NA>,0.0,0,17184,0,0,0,17:23:22.653,0.0,1,0,0.0,0,0,0,17:23:22.653,17:23:22.653
83,Manam,Manam SM Cebu,17185,0.0,0.0,0,0,105539,0,12,<NA>,17:57:08.37,2025-09-03,17:57:08.37,2025-09-03,True,False,1305.0,1305.0,139.83,0.0,0,1,GRABFOOD,1,False,0.0,0,False,17:57:08.37,2025-09-03,0.0,False,1,0.0,GRABFOOD,0.0,0,0,-99.99,-10000000000,<NA>,0.0,0,17185,0,0,0,17:57:08.37,0.0,1,0,0.0,0,0,0,17:57:08.37,17:57:08.37
83,Manam,Manam SM Cebu,17186,0.0,0.0,0,0,105539,0,12,<NA>,18:00:30.227,2025-09-03,18:00:30.227,2025-09-03,True,False,210.0,210.0,22.5,0.0,0,1,GRABFOOD,1,False,0.0,0,False,18:00:30.227,2025-09-03,0.0,False,1,0.0,GRABFOOD,0.0,0,0,-99.99,-10000000000,<NA>,0.0,0,17186,0,0,0,18:00:30.227,0.0,1,0,0.0,0,0,0,18:00:30.227,18:00:30.227
83,Manam,Manam SM Cebu,17187,0.0,0.0,0,0,105539,0,1,<NA>,17:57:09.483,2025-09-03,17:57:09.483,2025-09-03,True,False,0.0,0.0,0.0,0.0,0,1,ZR-COMP +,1,False,0.0,0,False,17:57:09.483,2025-09-03,0.0,False,1,0.0,ZR-COMP +,0.0,0,0,-99.99,-10000000000,<NA>,0.0,0,17187,0,0,0,17:57:09.483,0.0,1,0,0.0,0,0,0,17:57:09.483,17:57:09.483
83,Manam,Manam SM Cebu,17188,0.0,0.0,52,0,105539,3,3,<NA>,17:06:05.83,2025-09-03,17:06:05.83,2025-09-03,True,False,1750.0,1750.0,204.64,-144.96,0,1,DINEIN1,1,False,0.0,0,False,17:06:05.83,2025-09-03,0.0,False,1,0.0,DINEIN1,0.0,0,0,-99.99,-10000000000,<NA>,0.0,0,17188,0,0,0,17:06:05.83,0.0,1,0,0.0,0,0,0,17:06:05.83,17:06:05.83
83,Manam,Manam SM Cebu,17189,0.0,0.0,0,0,105539,0,10,<NA>,18:04:31.307,2025-09-03,18:04:31.307,2025-09-03,True,False,2625.0,2625.0,562.49,0.0,0,1,FOODPANDA,1,False,0.0,0,False,18:04:31.307,2025-09-03,0.0,False,1,0.0,FOODPANDA,0.0,0,0,-99.99,-10000000000,<NA>,0.0,0,17189,0,0,0,18:04:31.307,0.0,1,0,0.0,0,0,0,18:04:31.307,18:04:31.307
83,Manam,Manam SM Cebu,17190,0.0,0.0,45,0,105539,2,1,<NA>,17:28:19.453,2025-09-03,17:28:19.453,2025-09-03,True,False,965.0,965.0,122.68,-86.9,0,1,DINEIN1,1,False,0.0,0,False,17:28:19.453,2025-09-03,0.0,False,1,0.0,DINEIN1,0.0,0,0,-99.99,-10000000000,<NA>,0.0,0,17190,0,0,0,17:28:19.453,0.0,1,0,0.0,0,0,0,17:28:19.453,17:28:19.453
83,Manam,Manam SM Cebu,17191,0.0,0.0,20,0,105539,2,3,<NA>,17:32:52.99,2025-09-03,17:32:52.99,2025-09-03,True,False,930.0,930.0,99.64,-70.58,0,1,DINEIN1,1,False,0.0,0,False,17:32:52.99,2025-09-03,0.0,False,1,0.0,DINEIN1,0.0,0,0,-99.99,-10000000000,<NA>,0.0,0,17191,0,0,0,17:32:52.99,0.0,1,0,0.0,0,0,0,17:32:52.99,17:32:52.99
83,Manam,Manam SM Cebu,17192,0.0,0.0,7,0,105539,3,3,<NA>,17:35:08.807,2025-09-03,17:35:08.807,2025-09-03,True,False,1450.0,1450.0,155.36,-110.04,0,1,DINEIN1,1,False,0.0,0,False,17:35:08.807,2025-09-03,0.0,False,1,0.0,DINEIN1,0.0,0,0,-99.99,-10000000000,<NA>,0.0,0,17192,0,0,0,17:35:08.807,0.0,1,0,0.0,0,0,0,17:35:08.807,17:35:08.807
83,Manam,Manam SM Cebu,17193,0.0,0.0,35,0,105539,1,3,<NA>,17:16:55.25,2025-09-03,17:16:55.25,2025-09-03,True,False,1775.0,1775.0,215.9,-152.92,0,1,DINEIN1,1,False,0.0,0,False,17:16:55.25,2025-09-03,0.0,False,1,0.0,DINEIN1,0.0,0,0,-99.99,-10000000000,<NA>,0.0,0,17193,0,0,0,17:16:55.25,0.0,1,0,0.0,0,0,0,17:16:55.25,17:16:55.25
83,Manam,Manam SM Cebu,17194,0.0,0.0,30,0,105539,4,1,<NA>,16:56:45.227,2025-09-03,16:56:45.227,2025-09-03,True,False,2240.0,2240.0,326.79,-231.47,0,1,DINEIN1,1,False,0.0,0,False,16:56:45.227,2025-09-03,0.0,False,1,0.0,DINEIN1,0.0,0,0,-99.99,-10000000000,<NA>,0.0,0,17194,0,0,0,16:56:45.227,0.0,1,0,0.0,0,0,0,16:56:45.227,16:56:45.227
83,Manam,Manam SM Cebu,17195,0.0,0.0,42,0,105539,2,3,<NA>,17:48:34.447,2025-09-03,17:48:34.447,2025-09-03,True,False,1100.0,1100.0,117.85,-83.48,0,1,DINEIN1,1,False,0.0,0,False,17:48:34.447,2025-09-03,0.0,False,1,0.0,DINEIN1,0.0,0,0,-99.99,-10000000000,<NA>,0.0,0,17195,0,0,0,17:48:34.447,0.0,1,0,0.0,0,0,0,17:48:34.447,17:48:34.447
83,Manam,Manam SM Cebu,17196,0.0,0.0,43,0,105539,5,1,<NA>,17:02:13.227,2025-09-03,17:02:13.227,2025-09-03,True,False,4910.0,4910.0,526.06,-372.63,0,1,DINEIN1,1,False,0.0,0,False,17:02:13.227,2025-09-03,0.0,False,1,0.0,DINEIN1,0.0,0,0,-99.99,-10000000000,<NA>,0.0,0,17196,0,0,0,17:02:13.227,0.0,1,0,0.0,0,0,0,17:02:13.227,17:02:13.227
83,Manam,Manam SM Cebu,17197,0.0,0.0,10,0,105539,5,3,<NA>,17:52:25.993,2025-09-03,17:52:25.993,2025-09-03,True,False,2260.0,2260.0,242.14,-171.52,0,1,DINEIN1,1,False,0.0,0,False,17:52:25.993,2025-09-03,0.0,False,1,0.0,DINEIN1,0.0,0,0,-99.99,-10000000000,<NA>,0.0,0,17197,0,0,0,17:52:25.993,0.0,1,0,0.0,0,0,0,17:52:25.993,17:52:25.993
83,Manam,Manam SM Cebu,17198,0.0,0.0,40,0,105539,2,1,<NA>,18:03:05.48,2025-09-03,18:03:05.48,2025-09-03,True,False,865.0,865.0,111.42,-78.93,0,1,DINEIN1,1,False,0.0,0,False,18:03:05.48,2025-09-03,0.0,False,1,0.0,DINEIN1,0.0,0,0,-99.99,-10000000000,<NA>,0.0,0,17198,0,0,0,18:03:05.48,0.0,1,0,0.0,0,0,0,18:03:05.48,18:03:05.48
83,Manam,Manam SM Cebu,17199,0.0,0.0,19,0,105539,3,3,<NA>,17:42:59.383,2025-09-03,17:42:59.383,2025-09-03,True,False,1290.0,1290.0,138.22,-97.9,0,1,DINEIN1,1,False,0.0,0,False,17:42:59.383,2025-09-03,0.0,False,1,0.0,DINEIN1,0.0,0,0,-99.99,-10000000000,<NA>,0.0,0,17199,0,0,0,17:42:59.383,0.0,1,0,0.0,0,0,0,17:42:59.383,17:42:59.383
83,Manam,Manam SM Cebu,17200,0.0,0.0,0,0,105539,0,12,<NA>,18:38:28.033,2025-09-03,18:38:28.033,2025-09-03,True,False,268.0,268.0,28.71,0.0,0,1,GRABFOOD,1,False,0.0,0,False,18:38:28.033,2025-09-03,0.0,False,1,0.0,GRABFOOD,0.0,0,0,-99.99,-10000000000,<NA>,0.0,0,17200,0,0,0,18:38:28.033,0.0,1,0,0.0,0,0,0,18:38:28.033,18:38:28.033
83,Manam,Manam SM Cebu,17201,0.0,0.0,0,0,105539,0,12,<NA>,18:40:06.347,2025-09-03,18:40:06.347,2025-09-03,True,False,435.0,435.0,46.61,0.0,0,1,GRABFOOD,1,False,0.0,0,False,18:40:06.347,2025-09-03,0.0,False,1,0.0,GRABFOOD,0.0,0,0,-99.99,-10000000000,<NA>,0.0,0,17201,0,0,0,18:40:06.347,0.0,1,0,0.0,0,0,0,18:40:06.347,18:40:06.347
83,Manam,Manam SM Cebu,17202,0.0,0.0,0,0,105539,0,12,<NA>,18:41:10.093,2025-09-03,18:41:10.093,2025-09-03,True,False,1840.0,1840.0,213.22,0.0,0,1,GRABFOOD,1,False,0.0,0,False,18:41:10.093,2025-09-03,0.0,False,1,0.0,GRABFOOD,0.0,0,0,-99.99,-10000000000,<NA>,0.0,0,17202,0,0,0,18:41:10.093,0.0,1,0,0.0,0,0,0,18:41:10.093,18:41:10.093
83,Manam,Manam SM Cebu,17203,0.0,0.0,0,0,105539,0,12,<NA>,18:44:03.2,2025-09-03,18:44:03.2,2025-09-03,True,False,866.0,866.0,92.78,0.0,0,1,GRABFOOD,1,False,0.0,0,False,18:44:03.2,2025-09-03,0.0,False,1,0.0,GRABFOOD,0.0,0,0,-99.99,-10000000000,<NA>,0.0,0,17203,0,0,0,18:44:03.2,0.0,1,0,0.0,0,0,0,18:44:03.2,18:44:03.2
83,Manam,Manam SM Cebu,17204,0.0,0.0,0,0,105539,0,12,<NA>,18:45:32.197,2025-09-03,18:45:32.197,2025-09-03,True,False,268.0,268.0,57.43,0.0,0,1,FOODPANDA,1,False,0.0,0,False,18:45:32.197,2025-09-03,0.0,False,1,0.0,FOODPANDA,0.0,0,0,-99.99,-10000000000,<NA>,0.0,0,17204,0,0,0,18:45:32.197,0.0,1,0,0.0,0,0,0,18:45:32.197,18:45:32.197
83,Manam,Manam SM Cebu,17205,0.0,0.0,51,0,105539,2,3,<NA>,18:00:45.197,2025-09-03,18:00:45.197,2025-09-03,True,False,1095.0,1095.0,117.31,-83.1,0,1,DINEIN1,1,False,0.0,0,False,18:00:45.197,2025-09-03,0.0,False,1,0.0,DINEIN1,0.0,0,0,-99.99,-10000000000,<NA>,0.0,0,17205,0,0,0,18:00:45.197,0.0,1,0,0.0,0,0,0,18:00:45.197,18:00:45.197
83,Manam,Manam SM Cebu,17206,0.0,0.0,14,0,105539,2,3,<NA>,18:06:30.82,2025-09-03,18:06:30.82,2025-09-03,True,False,1130.98,1130.98,64.01285714285714,-81.63,0,1,DINEIN1,1,False,106.7,0,False,18:06:30.82,2025-09-03,0.0,False,1,0.0,DINEIN1,0.0,0,0,-99.99,-10000000000,<NA>,0.0,0,17206,0,0,0,18:06:30.82,0.0,1,0,0.0,0,0,0,18:06:30.82,18:06:30.82
83,Manam,Manam SM Cebu,17208,0.0,0.0,1,0,105539,5,1,<NA>,18:11:57.267,2025-09-03,18:11:57.267,2025-09-03,True,False,3287.8599999999997,3287.8599999999997,231.18428571428572,-247.86,0,1,DINEIN1,1,False,253.57,0,False,18:11:57.267,2025-09-03,0.0,False,1,0.0,DINEIN1,0.0,0,0,-99.99,-10000000000,<NA>,0.0,0,17208,0,0,0,18:11:57.267,0.0,1,0,0.0,0,0,0,18:11:57.267,18:11:57.267
83,Manam,Manam SM Cebu,17209,0.0,0.0,28,0,105539,2,3,<NA>,17:36:21.733,2025-09-03,17:36:21.733,2025-09-03,True,False,1470.0,1470.0,157.51,-111.56,0,1,DINEIN1,1,False,0.0,0,False,17:36:21.733,2025-09-03,0.0,False,1,0.0,DINEIN1,0.0,0,0,-99.99,-10000000000,<NA>,0.0,0,17209,0,0,0,17:36:21.733,0.0,1,0,0.0,0,0,0,17:36:21.733,17:36:21.733
83,Manam,Manam SM Cebu,17210,0.0,0.0,33,0,105539,2,3,<NA>,18:05:35.867,2025-09-03,18:05:35.867,2025-09-03,True,False,1320.0,1320.0,141.43,-100.18,0,1,DINEIN1,1,False,0.0,0,False,18:05:35.867,2025-09-03,0.0,False,1,0.0,DINEIN1,0.0,0,0,-99.99,-10000000000,<NA>,0.0,0,17210,0,0,0,18:05:35.867,0.0,1,0,0.0,0,0,0,18:05:35.867,18:05:35.867
83,Manam,Manam SM Cebu,17211,0.0,0.0,0,0,105539,0,10,<NA>,18:55:44.553,2025-09-03,18:55:44.553,2025-09-03,True,False,388.0,388.0,41.57,0.0,0,1,FOODPANDA,1,False,0.0,0,False,18:55:44.553,2025-09-03,0.0,False,1,0.0,FOODPANDA,0.0,0,0,-99.99,-10000000000,<NA>,0.0,0,17211,0,0,0,18:55:44.553,0.0,1,0,0.0,0,0,0,18:55:44.553,18:55:44.553
83,Manam,Manam SM Cebu,17212,0.0,0.0,4,0,105539,5,3,15% LOYAL,18:10:39.207,2025-09-03,18:10:39.207,2025-09-03,True,False,4255.0,4255.0,387.51,-274.49,0,1,DINEIN1,1,False,638.25,0,False,18:10:39.207,2025-09-03,0.0,False,1,0.0,DINEIN1,0.0,0,0,-99.99,-10000000000,10468497,0.0,0,17212,0,0,0,18:10:39.207,0.0,1,0,0.0,0,0,0,18:10:39.207,18:10:39.207
83,Manam,Manam SM Cebu,17213,0.0,0.0,0,0,107992,0,1,<NA>,18:57:09.947,2025-09-03,18:57:09.947,2025-09-03,True,False,540.0,540.0,57.86,0.0,0,1,TAKEOUT,1,False,0.0,0,False,18:57:09.947,2025-09-03,0.0,False,1,0.0,TAKEOUT,0.0,0,0,-99.99,-10000000000,<NA>,0.0,0,17213,0,0,0,18:57:09.947,0.0,1,0,0.0,0,0,0,18:57:09.947,18:57:09.947
83,Manam,Manam SM Cebu,17214,0.0,0.0,20,0,105539,2,3,<NA>,18:25:51.533,2025-09-03,18:25:51.533,2025-09-03,True,False,1110.0,1110.0,118.92,-84.24,0,1,DINEIN1,1,False,0.0,0,False,18:25:51.533,2025-09-03,0.0,False,1,0.0,DINEIN1,0.0,0,0,-99.99,-10000000000,<NA>,0.0,0,17214,0,0,0,18:25:51.533,0.0,1,0,0.0,0,0,0,18:25:51.533,18:25:51.533
83,Manam,Manam SM Cebu,17215,0.0,0.0,18,0,105539,3,3,<NA>,18:18:08.017,2025-09-03,18:18:08.017,2025-09-03,True,False,1509.1100000000001,1509.1100000000001,111.78714285714284,-110.85,0,1,DINEIN1,1,False,93.16,0,False,18:18:08.017,2025-09-03,0.0,False,1,0.0,DINEIN1,0.0,0,0,-99.99,-10000000000,<NA>,0.0,0,17215,0,0,0,18:18:08.017,0.0,1,0,0.0,0,0,0,18:18:08.017,18:18:08.017
83,Manam,Manam SM Cebu,17216,0.0,0.0,45,0,105539,4,1,<NA>,18:21:29.74,2025-09-03,18:21:29.74,2025-09-03,True,False,1816.48,1816.48,175.58285714285714,-157.54,0,1,DINEIN1,1,False,97.54,0,False,18:21:29.74,2025-09-03,0.0,False,1,0.0,DINEIN1,0.0,0,0,-99.99,-10000000000,<NA>,0.0,0,17216,0,0,0,18:21:29.74,0.0,1,0,0.0,0,0,0,18:21:29.74,18:21:29.74
83,Manam,Manam SM Cebu,17217,0.0,0.0,0,0,105539,0,10,<NA>,19:12:59.823,2025-09-03,19:12:59.823,2025-09-03,True,False,730.0,730.0,78.22,0.0,0,1,FOODPANDA,1,False,0.0,0,False,19:12:59.823,2025-09-03,0.0,False,1,0.0,FOODPANDA,0.0,0,0,-99.99,-10000000000,<NA>,0.0,0,17217,0,0,0,19:12:59.823,0.0,1,0,0.0,0,0,0,19:12:59.823,19:12:59.823
83,Manam,Manam SM Cebu,17218,0.0,0.0,30,0,105539,5,3,<NA>,18:29:16.73,2025-09-03,18:29:16.73,2025-09-03,True,False,2415.0,2415.0,277.5,-196.56,0,1,DINEIN1,1,False,0.0,0,False,18:29:16.73,2025-09-03,0.0,False,1,0.0,DINEIN1,0.0,0,0,-99.99,-10000000000,<NA>,0.0,0,17218,0,0,0,18:29:16.73,0.0,1,0,0.0,0,0,0,18:29:16.73,18:29:16.73
83,Manam,Manam SM Cebu,17219,0.0,0.0,7,0,105539,5,3,<NA>,18:22:48.557,2025-09-03,18:22:48.557,2025-09-03,True,False,3145.0,3145.0,366.97,-259.93,0,1,DINEIN1,1,False,0.0,0,False,18:22:48.557,2025-09-03,0.0,False,1,0.0,DINEIN1,0.0,0,0,-99.99,-10000000000,<NA>,0.0,0,17219,0,0,0,18:22:48.557,0.0,1,0,0.0,0,0,0,18:22:48.557,18:22:48.557
83,Manam,Manam SM Cebu,17220,0.0,0.0,0,0,105539,0,10,<NA>,19:16:14.713,2025-09-03,19:16:14.713,2025-09-03,True,False,586.0,586.0,62.79,0.0,0,1,FOODPANDA,1,False,0.0,0,False,19:16:14.713,2025-09-03,0.0,False,1,0.0,FOODPANDA,0.0,0,0,-99.99,-10000000000,<NA>,0.0,0,17220,0,0,0,19:16:14.713,0.0,1,0,0.0,0,0,0,19:16:14.713,19:16:14.713
83,Manam,Manam SM Cebu,17221,0.0,0.0,50,0,105539,6,3,<NA>,17:59:35.483,2025-09-03,17:59:35.483,2025-09-03,True,False,4856.61,4856.61,383.15142857142854,-378.6,0,1,DINEIN1,1,False,318.16,0,False,17:59:35.483,2025-09-03,0.0,False,1,0.0,DINEIN1,0.0,0,0,-99.99,-10000000000,<NA>,0.0,0,17221,0,0,0,17:59:35.483,0.0,1,0,0.0,0,0,0,17:59:35.483,17:59:35.483
83,Manam,Manam SM Cebu,17222,0.0,0.0,26,0,105539,4,1,<NA>,17:39:39.947,2025-09-03,17:39:39.947,2025-09-03,True,False,2425.0,2425.0,271.61,-192.39,0,1,DINEIN1,1,False,0.0,0,False,17:39:39.947,2025-09-03,0.0,False,1,0.0,DINEIN1,0.0,0,0,-99.99,-10000000000,<NA>,0.0,0,17222,0,0,0,17:39:39.947,0.0,1,0,0.0,0,0,0,17:39:39.947,17:39:39.947
83,Manam,Manam SM Cebu,17223,0.0,0.0,52,0,105539,3,3,<NA>,18:18:16.967,2025-09-03,18:18:16.967,2025-09-03,True,False,1948.4,1948.4,153.21714285714285,-151.94,0,1,DINEIN1,1,False,127.68,0,False,18:18:16.967,2025-09-03,0.0,False,1,0.0,DINEIN1,0.0,0,0,-99.99,-10000000000,<NA>,0.0,0,17223,0,0,0,18:18:16.967,0.0,1,0,0.0,0,0,0,18:18:16.967,18:18:16.967
83,Manam,Manam SM Cebu,17224,0.0,0.0,12,0,105539,3,1,<NA>,18:06:27.717,2025-09-03,18:06:27.717,2025-09-03,True,False,2290.0,2290.0,245.36,-173.79,0,1,DINEIN1,1,False,0.0,0,False,18:06:27.717,2025-09-03,0.0,False,1,0.0,DINEIN1,0.0,0,0,-99.99,-10000000000,<NA>,0.0,0,17224,0,0,0,18:06:27.717,0.0,1,0,0.0,0,0,0,18:06:27.717,18:06:27.717
83,Manam,Manam SM Cebu,17225,0.0,0.0,35,0,105539,2,1,<NA>,18:35:59.763,2025-09-03,18:35:59.763,2025-09-03,True,False,1020.0,1020.0,109.28,-77.41,0,1,DINEIN1,1,False,0.0,0,False,18:35:59.763,2025-09-03,0.0,False,1,0.0,DINEIN1,0.0,0,0,-99.99,-10000000000,<NA>,0.0,0,17225,0,0,0,18:35:59.763,0.0,1,0,0.0,0,0,0,18:35:59.763,18:35:59.763
83,Manam,Manam SM Cebu,17226,0.0,0.0,21,0,105539,9,3,<NA>,17:22:44.613,2025-09-03,17:22:44.613,2025-09-03,True,False,2683.04,2683.04,0.0,-315.71,0,1,DINEIN1,1,False,928.57,0,False,17:22:44.613,2025-09-03,0.0,False,1,0.0,DINEIN1,0.0,0,0,-99.99,-10000000000,<NA>,0.0,0,17226,0,0,0,17:22:44.613,0.0,1,0,0.0,0,0,0,17:22:44.613,17:22:44.613
83,Manam,Manam SM Cebu,17227,0.0,0.0,0,0,105539,0,12,<NA>,19:24:29.553,2025-09-03,19:24:29.553,2025-09-03,True,False,478.0,478.0,51.21,0.0,0,1,GRABFOOD,1,False,0.0,0,False,19:24:29.553,2025-09-03,0.0,False,1,0.0,GRABFOOD,0.0,0,0,-99.99,-10000000000,<NA>,0.0,0,17227,0,0,0,19:24:29.553,0.0,1,0,0.0,0,0,0,19:24:29.553,19:24:29.553
83,Manam,Manam SM Cebu,17228,0.0,0.0,0,0,105539,0,12,<NA>,19:30:05.937,2025-09-03,19:30:05.937,2025-09-03,True,False,580.0,580.0,62.14,0.0,0,1,GRABFOOD,1,False,0.0,0,False,19:30:05.937,2025-09-03,0.0,False,1,0.0,GRABFOOD,0.0,0,0,-99.99,-10000000000,<NA>,0.0,0,17228,0,0,0,19:30:05.937,0.0,1,0,0.0,0,0,0,19:30:05.937,19:30:05.937
83,Manam,Manam SM Cebu,17229,0.0,0.0,19,0,105539,3,3,<NA>,18:55:05.54,2025-09-03,18:55:05.54,2025-09-03,True,False,1550.0,1550.0,166.05,-117.63,0,1,DINEIN1,1,False,0.0,0,False,18:55:05.54,2025-09-03,0.0,False,1,0.0,DINEIN1,0.0,0,0,-99.99,-10000000000,<NA>,0.0,0,17229,0,0,0,18:55:05.54,0.0,1,0,0.0,0,0,0,18:55:05.54,18:55:05.54
83,Manam,Manam SM Cebu,17230,0.0,0.0,10,0,105539,5,3,<NA>,18:39:59.717,2025-09-03,18:39:59.717,2025-09-03,True,False,2700.0,2700.0,305.35,-216.29,0,1,DINEIN1,1,False,0.0,0,False,18:39:59.717,2025-09-03,0.0,False,1,0.0,DINEIN1,0.0,0,0,-99.99,-10000000000,<NA>,0.0,0,17230,0,0,0,18:39:59.717,0.0,1,0,0.0,0,0,0,18:39:59.717,18:39:59.717
83,Manam,Manam SM Cebu,17231,0.0,0.0,33,0,105539,3,1,<NA>,19:07:03.217,2025-09-03,19:07:03.217,2025-09-03,True,False,1522.8600000000001,1522.8600000000001,58.572857142857146,-107.87,0,1,DINEIN1,1,False,195.24,0,False,19:07:03.217,2025-09-03,0.0,False,1,0.0,DINEIN1,0.0,0,0,-99.99,-10000000000,<NA>,0.0,0,17231,0,0,0,19:07:03.217,0.0,1,0,0.0,0,0,0,19:07:03.217,19:07:03.217
83,Manam,Manam SM Cebu,17232,0.0,0.0,20,0,105539,2,3,<NA>,19:12:08.377,2025-09-03,19:12:08.377,2025-09-03,True,False,970.0,970.0,115.71,-81.96,0,1,DINEIN1,1,False,0.0,0,False,19:12:08.377,2025-09-03,0.0,False,1,0.0,DINEIN1,0.0,0,0,-99.99,-10000000000,<NA>,0.0,0,17232,0,0,0,19:12:08.377,0.0,1,0,0.0,0,0,0,19:12:08.377,19:12:08.377
83,Manam,Manam SM Cebu,17233,0.0,0.0,15,0,105539,4,3,<NA>,19:01:44.437,2025-09-03,19:01:44.437,2025-09-03,True,False,4050.0,4050.0,433.93,-307.37,0,1,DINEIN1,1,False,0.0,0,False,19:01:44.437,2025-09-03,0.0,False,1,0.0,DINEIN1,0.0,0,0,-99.99,-10000000000,<NA>,0.0,0,17233,0,0,0,19:01:44.437,0.0,1,0,0.0,0,0,0,19:01:44.437,19:01:44.437
83,Manam,Manam SM Cebu,17234,0.0,0.0,1,0,105539,6,1,<NA>,18:52:37.96,2025-09-03,18:52:37.96,2025-09-03,True,False,2139.91,2139.91,300.89142857142855,-247.23,0,1,DINEIN1,1,False,100.3,0,False,18:52:37.96,2025-09-03,0.0,False,1,0.0,DINEIN1,0.0,0,0,-99.99,-10000000000,<NA>,0.0,0,17234,0,0,0,18:52:37.96,0.0,1,0,0.0,0,0,0,18:52:37.96,18:52:37.96
83,Manam,Manam SM Cebu,17235,0.0,0.0,0,0,105539,0,12,<NA>,19:56:34.697,2025-09-03,19:56:34.697,2025-09-03,True,False,625.0,625.0,66.96,0.0,0,1,GRABFOOD,1,False,0.0,0,False,19:56:34.697,2025-09-03,0.0,False,1,0.0,GRABFOOD,0.0,0,0,-99.99,-10000000000,<NA>,0.0,0,17235,0,0,0,19:56:34.697,0.0,1,0,0.0,0,0,0,19:56:34.697,19:56:34.697
83,Manam,Manam SM Cebu,17236,0.0,0.0,51,0,105539,2,1,<NA>,19:04:12.66,2025-09-03,19:04:12.66,2025-09-03,True,False,1674.1,1674.1,0.0,-113.84,0,1,DINEIN1,1,False,334.83,0,False,19:04:12.66,2025-09-03,0.0,False,1,0.0,DINEIN1,0.0,0,0,-99.99,-10000000000,<NA>,0.0,0,17236,0,0,0,19:04:12.66,0.0,1,0,0.0,0,0,0,19:04:12.66,19:04:12.66
83,Manam,Manam SM Cebu,17237,0.0,0.0,7,0,105539,6,3,<NA>,19:10:15.47,2025-09-03,19:10:15.47,2025-09-03,True,False,3305.0,3305.0,402.32,-284.98,0,1,DINEIN1,1,False,0.0,0,False,19:10:15.47,2025-09-03,0.0,False,1,0.0,DINEIN1,0.0,0,0,-99.99,-10000000000,<NA>,0.0,0,17237,0,0,0,19:10:15.47,0.0,1,0,0.0,0,0,0,19:10:15.47,19:10:15.47
83,Manam,Manam SM Cebu,17238,0.0,0.0,44,0,105539,12,3,<NA>,18:31:35.17,2025-09-03,18:31:35.17,2025-09-03,True,False,4373.92,4373.92,564.2185714285714,-426.87,0,1,DINEIN1,1,False,85.12,0,False,18:31:35.17,2025-09-03,0.0,False,1,0.0,DINEIN1,0.0,0,0,-99.99,-10000000000,<NA>,0.0,0,17238,0,0,0,18:31:35.17,0.0,1,0,0.0,0,0,0,18:31:35.17,18:31:35.17
83,Manam,Manam SM Cebu,17239,0.0,0.0,30,0,105539,3,3,<NA>,19:20:47.737,2025-09-03,19:20:47.737,2025-09-03,True,False,2320.0,2320.0,248.57,-176.07,0,1,DINEIN1,1,False,0.0,0,False,19:20:47.737,2025-09-03,0.0,False,1,0.0,DINEIN1,0.0,0,0,-99.99,-10000000000,<NA>,0.0,0,17239,0,0,0,19:20:47.737,0.0,1,0,0.0,0,0,0,19:20:47.737,19:20:47.737
83,Manam,Manam SM Cebu,17240,0.0,0.0,32,0,105539,2,3,<NA>,19:35:49.643,2025-09-03,19:35:49.643,2025-09-03,True,False,1355.0,1355.0,156.96,-111.18,0,1,DINEIN1,1,False,0.0,0,False,19:35:49.643,2025-09-03,0.0,False,1,0.0,DINEIN1,0.0,0,0,-99.99,-10000000000,<NA>,0.0,0,17240,0,0,0,19:35:49.643,0.0,1,0,0.0,0,0,0,19:35:49.643,19:35:49.643
83,Manam,Manam SM Cebu,17241,0.0,0.0,52,0,105539,3,1,<NA>,19:30:19.523,2025-09-03,19:30:19.523,2025-09-03,True,False,1340.3600000000001,1340.3600000000001,99.28714285714285,-98.46,0,1,DINEIN1,1,False,82.74,0,False,19:30:19.523,2025-09-03,0.0,False,1,0.0,DINEIN1,0.0,0,0,-99.99,-10000000000,<NA>,0.0,0,17241,0,0,0,19:30:19.523,0.0,1,0,0.0,0,0,0,19:30:19.523,19:30:19.523
83,Manam,Manam SM Cebu,17242,0.0,0.0,28,0,105539,2,1,<NA>,19:15:18.77,2025-09-03,19:15:18.77,2025-09-03,True,False,1660.0,1660.0,195.0,-138.13,0,1,DINEIN1,1,False,0.0,0,False,19:15:18.77,2025-09-03,0.0,False,1,0.0,DINEIN1,0.0,0,0,-99.99,-10000000000,<NA>,0.0,0,17242,0,0,0,19:15:18.77,0.0,1,0,0.0,0,0,0,19:15:18.77,19:15:18.77
83,Manam,Manam SM Cebu,17243,0.0,0.0,27,0,105539,2,3,<NA>,19:27:15.067,2025-09-03,19:27:15.067,2025-09-03,True,False,2176.79,2176.79,123.21428571428572,-157.1,0,1,DINEIN1,1,False,205.35,0,False,19:27:15.067,2025-09-03,0.0,False,1,0.0,DINEIN1,0.0,0,0,-99.99,-10000000000,<NA>,0.0,0,17243,0,0,0,19:27:15.067,0.0,1,0,0.0,0,0,0,19:27:15.067,19:27:15.067
83,Manam,Manam SM Cebu,17244,0.0,0.0,0,0,105539,0,1,<NA>,17:37:24.403,2025-09-03,17:37:24.403,2025-09-03,True,False,0.0,0.0,0.0,0.0,0,1,ZR-MAN,1,False,0.0,0,False,17:37:24.403,2025-09-03,0.0,False,1,0.0,ZR-MAN,0.0,0,0,-99.99,-10000000000,<NA>,0.0,0,17244,0,0,0,17:37:24.403,0.0,1,0,0.0,0,0,0,17:37:24.403,17:37:24.403
83,Manam,Manam SM Cebu,17245,0.0,0.0,18,0,105539,3,3,10% LOYAL,19:13:54.953,2025-09-03,19:13:54.953,2025-09-03,True,False,2200.0,2200.0,212.14,-150.27,0,1,DINEIN1,1,False,220.0,0,False,19:13:54.953,2025-09-03,0.0,False,1,0.0,DINEIN1,0.0,0,0,-99.99,-10000000000,10468333,0.0,0,17245,0,0,0,19:13:54.953,0.0,1,0,0.0,0,0,0,19:13:54.953,19:13:54.953
83,Manam,Manam SM Cebu,17246,0.0,0.0,12,0,105539,3,3,<NA>,19:36:01.31,2025-09-03,19:36:01.31,2025-09-03,True,False,1880.0,1880.0,201.42,-142.68,0,1,DINEIN1,1,False,0.0,0,False,19:36:01.31,2025-09-03,0.0,False,1,0.0,DINEIN1,0.0,0,0,-99.99,-10000000000,<NA>,0.0,0,17246,0,0,0,19:36:01.31,0.0,1,0,0.0,0,0,0,19:36:01.31,19:36:01.31
83,Manam,Manam SM Cebu,17247,0.0,0.0,4,0,105539,6,3,<NA>,19:08:23.453,2025-09-03,19:08:23.453,2025-09-03,True,False,2355.0,2355.0,252.32,-178.73,0,1,DINEIN1,1,False,0.0,0,False,19:08:23.453,2025-09-03,0.0,False,1,0.0,DINEIN1,0.0,0,0,-99.99,-10000000000,<NA>,0.0,0,17247,0,0,0,19:08:23.453,0.0,1,0,0.0,0,0,0,19:08:23.453,19:08:23.453
83,Manam,Manam SM Cebu,17249,0.0,0.0,50,0,105539,8,3,<NA>,19:32:28.1,2025-09-03,19:32:28.1,2025-09-03,True,False,3481.69,3481.69,263.84,-276.59,0,1,DINEIN1,1,False,263.84,0,False,19:32:28.1,2025-09-03,0.0,False,1,0.0,DINEIN1,0.0,0,0,-99.99,-10000000000,<NA>,0.0,0,17249,0,0,0,19:32:28.1,0.0,1,0,0.0,0,0,0,19:32:28.1,19:32:28.1
83,Manam,Manam SM Cebu,17250,0.0,0.0,0,0,105539,0,1,<NA>,20:28:24.397,2025-09-03,20:28:24.397,2025-09-03,True,False,0.0,0.0,0.0,0.0,0,1,ZR-COMP -,1,False,0.0,0,False,20:28:24.397,2025-09-03,0.0,False,1,0.0,ZR-COMP -,0.0,0,0,-99.99,-10000000000,<NA>,0.0,0,17250,0,0,0,20:28:24.397,0.0,1,0,0.0,0,0,0,20:28:24.397,20:28:24.397
83,Manam,Manam SM Cebu,17251,0.0,0.0,45,0,105539,3,3,<NA>,19:18:01.35,2025-09-03,19:18:01.35,2025-09-03,True,False,1900.0,1900.0,287.68,-203.77,0,1,DINEIN1,1,False,0.0,0,False,19:18:01.35,2025-09-03,0.0,False,1,0.0,DINEIN1,0.0,0,0,-99.99,-10000000000,<NA>,0.0,0,17251,0,0,0,19:18:01.35,0.0,1,0,0.0,0,0,0,19:18:01.35,19:18:01.35
83,Manam,Manam SM Cebu,17252,0.0,0.0,10,0,105539,4,3,<NA>,19:43:20.51,2025-09-03,19:43:20.51,2025-09-03,True,False,1961.2,1961.2,177.0885714285714,-158.26,0,1,DINEIN1,1,False,97.99,0,False,19:43:20.51,2025-09-03,0.0,False,1,0.0,DINEIN1,0.0,0,0,-99.99,-10000000000,<NA>,0.0,0,17252,0,0,0,19:43:20.51,0.0,1,0,0.0,0,0,0,19:43:20.51,19:43:20.51
83,Manam,Manam SM Cebu,17253,0.0,0.0,19,0,105539,2,3,<NA>,19:54:25.767,2025-09-03,19:54:25.767,2025-09-03,True,False,1064.74,1064.74,60.26714285714286,-76.84,0,1,DINEIN1,1,False,100.45,0,False,19:54:25.767,2025-09-03,0.0,False,1,0.0,DINEIN1,0.0,0,0,-99.99,-10000000000,<NA>,0.0,0,17253,0,0,0,19:54:25.767,0.0,1,0,0.0,0,0,0,19:54:25.767,19:54:25.767
83,Manam,Manam SM Cebu,17254,0.0,0.0,0,0,105539,0,1,<NA>,11:44:05.417,2025-09-03,11:44:05.417,2025-09-03,True,False,0.0,0.0,0.0,0.0,0,1,ZR-TRAINING,1,False,0.0,0,False,11:44:05.417,2025-09-03,0.0,False,1,0.0,ZR-TRAINING,0.0,0,0,-99.99,-10000000000,<NA>,0.0,0,17254,0,0,0,11:44:05.417,0.0,1,0,0.0,0,0,0,11:44:05.417,11:44:05.417
83,Manam,Manam SM Cebu,17255,0.0,0.0,35,0,105539,1,3,<NA>,19:44:27.96,2025-09-03,19:44:27.96,2025-09-03,True,False,495.0,495.0,53.03,-37.57,0,1,DINEIN1,1,False,0.0,0,False,19:44:27.96,2025-09-03,0.0,False,1,0.0,DINEIN1,0.0,0,0,-99.99,-10000000000,<NA>,0.0,0,17255,0,0,0,19:44:27.96,0.0,1,0,0.0,0,0,0,19:44:27.96,19:44:27.96
83,Manam,Manam SM Cebu,17256,0.0,0.0,0,0,105539,0,12,<NA>,20:42:17.01,2025-09-03,20:42:17.01,2025-09-03,True,False,448.0,448.0,48.0,0.0,0,1,GRABFOOD,1,False,0.0,0,False,20:42:17.01,2025-09-03,0.0,False,1,0.0,GRABFOOD,0.0,0,0,-99.99,-10000000000,<NA>,0.0,0,17256,0,0,0,20:42:17.01,0.0,1,0,0.0,0,0,0,20:42:17.01,20:42:17.01
83,Manam,Manam SM Cebu,17257,0.0,0.0,15,0,105539,2,3,<NA>,20:05:11.807,2025-09-03,20:05:11.807,2025-09-03,True,False,1645.0,1645.0,176.25,-124.84,0,1,DINEIN1,1,False,0.0,0,False,20:05:11.807,2025-09-03,0.0,False,1,0.0,DINEIN1,0.0,0,0,-99.99,-10000000000,<NA>,0.0,0,17257,0,0,0,20:05:11.807,0.0,1,0,0.0,0,0,0,20:05:11.807,20:05:11.807
83,Manam,Manam SM Cebu,17258,0.0,0.0,0,0,105539,0,10,<NA>,20:52:32.103,2025-09-03,20:52:32.103,2025-09-03,True,False,220.0,220.0,23.57,0.0,0,1,FOODPANDA,1,False,0.0,0,False,20:52:32.103,2025-09-03,0.0,False,1,0.0,FOODPANDA,0.0,0,0,-99.99,-10000000000,<NA>,0.0,0,17258,0,0,0,20:52:32.103,0.0,1,0,0.0,0,0,0,20:52:32.103,20:52:32.103
83,Manam,Manam SM Cebu,17259,0.0,0.0,20,0,105539,2,3,<NA>,19:57:12.787,2025-09-03,19:57:12.787,2025-09-03,True,False,1465.0,1465.0,156.96,-111.18,0,1,DINEIN1,1,False,0.0,0,False,19:57:12.787,2025-09-03,0.0,False,1,0.0,DINEIN1,0.0,0,0,-99.99,-10000000000,<NA>,0.0,0,17259,0,0,0,19:57:12.787,0.0,1,0,0.0,0,0,0,19:57:12.787,19:57:12.787
83,Manam,Manam SM Cebu,17260,0.0,0.0,21,0,105539,10,3,<NA>,19:41:40.477,2025-09-03,19:41:40.477,2025-09-03,True,False,5619.29,5619.29,522.8642857142856,-444.43,0,1,DINEIN1,1,False,217.86,0,False,19:41:40.477,2025-09-03,0.0,False,1,0.0,DINEIN1,0.0,0,0,-99.99,-10000000000,<NA>,0.0,0,17260,0,0,0,19:41:40.477,0.0,1,0,0.0,0,0,0,19:41:40.477,19:41:40.477
83,Manam,Manam SM Cebu,17261,0.0,0.0,0,0,105539,0,12,<NA>,20:59:11.667,2025-09-03,20:59:11.667,2025-09-03,True,False,693.0,693.0,74.24,0.0,0,1,GRABFOOD,1,False,0.0,0,False,20:59:11.667,2025-09-03,0.0,False,1,0.0,GRABFOOD,0.0,0,0,-99.99,-10000000000,<NA>,0.0,0,17261,0,0,0,20:59:11.667,0.0,1,0,0.0,0,0,0,20:59:11.667,20:59:11.667
83,Manam,Manam SM Cebu,17262,0.0,0.0,1,0,105539,6,1,<NA>,20:21:48.147,2025-09-03,20:21:48.147,2025-09-03,True,False,2435.0,2435.0,260.9,-184.8,0,1,DINEIN1,1,False,0.0,0,False,20:21:48.147,2025-09-03,0.0,False,1,0.0,DINEIN1,0.0,0,0,-99.99,-10000000000,<NA>,0.0,0,17262,0,0,0,20:21:48.147,0.0,1,0,0.0,0,0,0,20:21:48.147,20:21:48.147
83,Manam,Manam SM Cebu,17267,0.0,0.0,0,0,102267,0,12,GRABPWD 60,10:05:17.847,2025-09-04,10:05:17.847,2025-09-04,True,False,1280.0,1280.0,130.72,0.0,0,1,GRABFOOD,1,False,60.0,0,False,10:05:17.847,2025-09-04,0.0,False,1,0.0,GRABFOOD,0.0,0,0,-99.99,-10000000000,<NA>,0.0,0,17267,0,0,0,10:05:17.847,0.0,1,0,0.0,0,0,0,10:05:17.847,10:05:17.847
83,Manam,Manam SM Cebu,17268,0.0,0.0,0,0,102267,0,12,<NA>,10:20:19.477,2025-09-04,10:20:19.477,2025-09-04,True,False,900.0,900.0,109.28,0.0,0,1,GRABFOOD,1,False,0.0,0,False,10:20:19.477,2025-09-04,0.0,False,1,0.0,GRABFOOD,0.0,0,0,-99.99,-10000000000,<NA>,0.0,0,17268,0,0,0,10:20:19.477,0.0,1,0,0.0,0,0,0,10:20:19.477,10:20:19.477
83,Manam,Manam SM Cebu,17269,0.0,0.0,0,0,102267,0,10,<NA>,10:21:56.083,2025-09-04,10:21:56.083,2025-09-04,True,False,916.0,916.0,98.14,0.0,0,1,FOODPANDA,1,False,0.0,0,False,10:21:56.083,2025-09-04,0.0,False,1,0.0,FOODPANDA,0.0,0,0,-99.99,-10000000000,<NA>,0.0,0,17269,0,0,0,10:21:56.083,0.0,1,0,0.0,0,0,0,10:21:56.083,10:21:56.083
83,Manam,Manam SM Cebu,17270,0.0,0.0,0,0,102267,0,12,<NA>,10:27:10.963,2025-09-04,10:27:10.963,2025-09-04,True,False,448.0,448.0,48.0,0.0,0,1,GRABFOOD,1,False,0.0,0,False,10:27:10.963,2025-09-04,0.0,False,1,0.0,GRABFOOD,0.0,0,0,-99.99,-10000000000,<NA>,0.0,0,17270,0,0,0,10:27:10.963,0.0,1,0,0.0,0,0,0,10:27:10.963,10:27:10.963
83,Manam,Manam SM Cebu,17271,0.0,0.0,0,0,102267,0,12,<NA>,10:45:27.623,2025-09-04,10:45:27.623,2025-09-04,True,False,430.0,430.0,46.07,0.0,0,1,GRABFOOD,1,False,0.0,0,False,10:45:27.623,2025-09-04,0.0,False,1,0.0,GRABFOOD,0.0,0,0,-99.99,-10000000000,<NA>,0.0,0,17271,0,0,0,10:45:27.623,0.0,1,0,0.0,0,0,0,10:45:27.623,10:45:27.623
83,Manam,Manam SM Cebu,17272,0.0,0.0,0,0,102267,0,12,<NA>,11:00:42.677,2025-09-04,11:00:42.677,2025-09-04,True,False,298.0,298.0,31.93,0.0,0,1,GRABFOOD,1,False,0.0,0,False,11:00:42.677,2025-09-04,0.0,False,1,0.0,GRABFOOD,0.0,0,0,-99.99,-10000000000,<NA>,0.0,0,17272,0,0,0,11:00:42.677,0.0,1,0,0.0,0,0,0,11:00:42.677,11:00:42.677
83,Manam,Manam SM Cebu,17273,0.0,0.0,0,0,102267,0,12,<NA>,11:02:04.17,2025-09-04,11:02:04.17,2025-09-04,True,False,904.0,904.0,96.86,0.0,0,1,GRABFOOD,1,False,0.0,0,False,11:02:04.17,2025-09-04,0.0,False,1,0.0,GRABFOOD,0.0,0,0,-99.99,-10000000000,<NA>,0.0,0,17273,0,0,0,11:02:04.17,0.0,1,0,0.0,0,0,0,11:02:04.17,11:02:04.17
83,Manam,Manam SM Cebu,17274,0.0,0.0,0,0,102267,0,12,<NA>,11:03:45.287,2025-09-04,11:03:45.287,2025-09-04,True,False,665.0,665.0,82.5,0.0,0,1,GRABFOOD,1,False,0.0,0,False,11:03:45.287,2025-09-04,0.0,False,1,0.0,GRABFOOD,0.0,0,0,-99.99,-10000000000,<NA>,0.0,0,17274,0,0,0,11:03:45.287,0.0,1,0,0.0,0,0,0,11:03:45.287,11:03:45.287
83,Manam,Manam SM Cebu,17275,0.0,0.0,0,0,102267,0,12,<NA>,11:04:54.147,2025-09-04,11:04:54.147,2025-09-04,True,False,1488.0,1488.0,159.43,0.0,0,1,GRABFOOD,1,False,0.0,0,False,11:04:54.147,2025-09-04,0.0,False,1,0.0,GRABFOOD,0.0,0,0,-99.99,-10000000000,<NA>,0.0,0,17275,0,0,0,11:04:54.147,0.0,1,0,0.0,0,0,0,11:04:54.147,11:04:54.147
83,Manam,Manam SM Cebu,17276,0.0,0.0,0,0,102267,0,12,<NA>,11:07:07.82,2025-09-04,11:07:07.82,2025-09-04,True,False,1635.0,1635.0,175.18,0.0,0,1,GRABFOOD,1,False,0.0,0,False,11:07:07.82,2025-09-04,0.0,False,1,0.0,GRABFOOD,0.0,0,0,-99.99,-10000000000,<NA>,0.0,0,17276,0,0,0,11:07:07.82,0.0,1,0,0.0,0,0,0,11:07:07.82,11:07:07.82
83,Manam,Manam SM Cebu,17277,0.0,0.0,0,0,102267,0,10,<NA>,11:08:07.64,2025-09-04,11:08:07.64,2025-09-04,True,False,278.0,278.0,29.79,0.0,0,1,FOODPANDA,1,False,0.0,0,False,11:08:07.64,2025-09-04,0.0,False,1,0.0,FOODPANDA,0.0,0,0,-99.99,-10000000000,<NA>,0.0,0,17277,0,0,0,11:08:07.64,0.0,1,0,0.0,0,0,0,11:08:07.64,11:08:07.64
83,Manam,Manam SM Cebu,17278,0.0,0.0,0,0,102267,0,12,<NA>,11:11:50.927,2025-09-04,11:11:50.927,2025-09-04,True,False,813.0,813.0,87.1,0.0,0,1,GRABFOOD,1,False,0.0,0,False,11:11:50.927,2025-09-04,0.0,False,1,0.0,GRABFOOD,0.0,0,0,-99.99,-10000000000,<NA>,0.0,0,17278,0,0,0,11:11:50.927,0.0,1,0,0.0,0,0,0,11:11:50.927,11:11:50.927
83,Manam,Manam SM Cebu,17279,0.0,0.0,0,0,102267,0,12,<NA>,11:13:40.797,2025-09-04,11:13:40.797,2025-09-04,True,False,723.0,723.0,77.46,0.0,0,1,GRABFOOD,1,False,0.0,0,False,11:13:40.797,2025-09-04,0.0,False,1,0.0,GRABFOOD,0.0,0,0,-99.99,-10000000000,<NA>,0.0,0,17279,0,0,0,11:13:40.797,0.0,1,0,0.0,0,0,0,11:13:40.797,11:13:40.797
83,Manam,Manam SM Cebu,17280,0.0,0.0,0,0,102267,0,12,<NA>,11:15:55.23,2025-09-04,11:15:55.23,2025-09-04,True,False,365.0,365.0,39.11,0.0,0,1,GRABFOOD,1,False,0.0,0,False,11:15:55.23,2025-09-04,0.0,False,1,0.0,GRABFOOD,0.0,0,0,-99.99,-10000000000,<NA>,0.0,0,17280,0,0,0,11:15:55.23,0.0,1,0,0.0,0,0,0,11:15:55.23,11:15:55.23
83,Manam,Manam SM Cebu,17281,0.0,0.0,0,0,102267,0,1,<NA>,09:17:00.417,2025-09-04,09:17:00.417,2025-09-04,True,False,0.0,0.0,0.0,0.0,0,1,ZR-TRAINING,1,False,0.0,0,False,09:17:00.417,2025-09-04,0.0,False,1,0.0,ZR-TRAINING,0.0,0,0,-99.99,-10000000000,<NA>,0.0,0,17281,0,0,0,09:17:00.417,0.0,1,0,0.0,0,0,0,09:17:00.417,09:17:00.417
83,Manam,Manam SM Cebu,17282,0.0,0.0,0,0,102267,0,12,<NA>,11:18:31.107,2025-09-04,11:18:31.107,2025-09-04,True,False,834.0,834.0,89.36,0.0,0,1,GRABFOOD,1,False,0.0,0,False,11:18:31.107,2025-09-04,0.0,False,1,0.0,GRABFOOD,0.0,0,0,-99.99,-10000000000,<NA>,0.0,0,17282,0,0,0,11:18:31.107,0.0,1,0,0.0,0,0,0,11:18:31.107,11:18:31.107
83,Manam,Manam SM Cebu,17283,0.0,0.0,0,0,102267,0,12,<NA>,11:26:20.53,2025-09-04,11:26:20.53,2025-09-04,True,False,268.0,268.0,28.71,0.0,0,1,GRABFOOD,1,False,0.0,0,False,11:26:20.53,2025-09-04,0.0,False,1,0.0,GRABFOOD,0.0,0,0,-99.99,-10000000000,<NA>,0.0,0,17283,0,0,0,11:26:20.53,0.0,1,0,0.0,0,0,0,11:26:20.53,11:26:20.53
83,Manam,Manam SM Cebu,17284,0.0,0.0,0,0,102267,0,12,<NA>,11:27:22.667,2025-09-04,11:27:22.667,2025-09-04,True,False,1185.0,1185.0,126.96,0.0,0,1,GRABFOOD,1,False,0.0,0,False,11:27:22.667,2025-09-04,0.0,False,1,0.0,GRABFOOD,0.0,0,0,-99.99,-10000000000,<NA>,0.0,0,17284,0,0,0,11:27:22.667,0.0,1,0,0.0,0,0,0,11:27:22.667,11:27:22.667
83,Manam,Manam SM Cebu,17285,0.0,0.0,31,0,102267,3,3,<NA>,11:03:23.527,2025-09-04,11:03:23.527,2025-09-04,True,False,1967.15,1967.15,145.71571428571428,-144.5,0,1,DINEIN1,1,False,121.43,0,False,11:03:23.527,2025-09-04,0.0,False,1,0.0,DINEIN1,0.0,0,0,-99.99,-10000000000,<NA>,0.0,0,17285,0,0,0,11:03:23.527,0.0,1,0,0.0,0,0,0,11:03:23.527,11:03:23.527
83,Manam,Manam SM Cebu,17286,0.0,0.0,20,0,102267,2,3,<NA>,10:47:27.937,2025-09-04,10:47:27.937,2025-09-04,True,False,1815.0,1815.0,194.46,-137.75,0,1,DINEIN1,1,False,0.0,0,False,10:47:27.937,2025-09-04,0.0,False,1,0.0,DINEIN1,0.0,0,0,-99.99,-10000000000,<NA>,0.0,0,17286,0,0,0,10:47:27.937,0.0,1,0,0.0,0,0,0,10:47:27.937,10:47:27.937
83,Manam,Manam SM Cebu,17287,0.0,0.0,0,0,102267,0,10,<NA>,11:53:14.747,2025-09-04,11:53:14.747,2025-09-04,True,False,230.0,230.0,24.64,0.0,0,1,FOODPANDA,1,False,0.0,0,False,11:53:14.747,2025-09-04,0.0,False,1,0.0,FOODPANDA,0.0,0,0,-99.99,-10000000000,<NA>,0.0,0,17287,0,0,0,11:53:14.747,0.0,1,0,0.0,0,0,0,11:53:14.747,11:53:14.747
83,Manam,Manam SM Cebu,17288,0.0,0.0,35,0,102267,2,3,<NA>,11:17:25.763,2025-09-04,11:17:25.763,2025-09-04,True,False,1859.74,1859.74,105.26714285714284,-134.21,0,1,DINEIN1,1,False,175.45,0,False,11:17:25.763,2025-09-04,0.0,False,1,0.0,DINEIN1,0.0,0,0,-99.99,-10000000000,<NA>,0.0,0,17288,0,0,0,11:17:25.763,0.0,1,0,0.0,0,0,0,11:17:25.763,11:17:25.763
83,Manam,Manam SM Cebu,17289,0.0,0.0,0,0,102267,0,12,<NA>,12:05:57.67,2025-09-04,12:05:57.67,2025-09-04,True,False,555.0,555.0,59.46,0.0,0,1,GRABFOOD,1,False,0.0,0,False,12:05:57.67,2025-09-04,0.0,False,1,0.0,GRABFOOD,0.0,0,0,-99.99,-10000000000,<NA>,0.0,0,17289,0,0,0,12:05:57.67,0.0,1,0,0.0,0,0,0,12:05:57.67,12:05:57.67
83,Manam,Manam SM Cebu,17290,0.0,0.0,1,0,102267,3,3,<NA>,11:34:24.09,2025-09-04,11:34:24.09,2025-09-04,True,False,1363.3899999999999,1363.3899999999999,55.357142857142854,-101.95,0,1,DINEIN1,1,False,184.52,0,False,11:34:24.09,2025-09-04,0.0,False,1,0.0,DINEIN1,0.0,0,0,-99.99,-10000000000,<NA>,0.0,0,17290,0,0,0,11:34:24.09,0.0,1,0,0.0,0,0,0,11:34:24.09,11:34:24.09
83,Manam,Manam SM Cebu,17291,0.0,0.0,9,0,102267,7,3,<NA>,11:23:36.747,2025-09-04,11:23:36.747,2025-09-04,True,False,2920.0,2920.0,360.0,-255.0,0,1,DINEIN1,1,False,0.0,0,False,11:23:36.747,2025-09-04,0.0,False,1,0.0,DINEIN1,0.0,0,0,-99.99,-10000000000,<NA>,0.0,0,17291,0,0,0,11:23:36.747,0.0,1,0,0.0,0,0,0,11:23:36.747,11:23:36.747
83,Manam,Manam SM Cebu,17292,0.0,0.0,41,0,102267,2,3,<NA>,11:25:53.61,2025-09-04,11:25:53.61,2025-09-04,True,False,955.71,955.71,58.392857142857146,-74.45,0,1,DINEIN1,1,False,97.32,0,False,11:25:53.61,2025-09-04,0.0,False,1,0.0,DINEIN1,0.0,0,0,-99.99,-10000000000,<NA>,0.0,0,17292,0,0,0,11:25:53.61,0.0,1,0,0.0,0,0,0,11:25:53.61,11:25:53.61
83,Manam,Manam SM Cebu,17293,0.0,0.0,10,0,102267,3,3,<NA>,11:33:10.04,2025-09-04,11:33:10.04,2025-09-04,True,False,1990.0,1990.0,213.22,-151.03,0,1,DINEIN1,1,False,0.0,0,False,11:33:10.04,2025-09-04,0.0,False,1,0.0,DINEIN1,0.0,0,0,-99.99,-10000000000,<NA>,0.0,0,17293,0,0,0,11:33:10.04,0.0,1,0,0.0,0,0,0,11:33:10.04,11:33:10.04
83,Manam,Manam SM Cebu,17294,0.0,0.0,24,0,102267,3,1,<NA>,11:03:56.817,2025-09-04,11:03:56.817,2025-09-04,True,False,1383.92,1383.92,0.0,-94.11,0,1,DINEIN1,1,False,276.79,0,False,11:03:56.817,2025-09-04,0.0,False,1,0.0,DINEIN1,0.0,0,0,-99.99,-10000000000,<NA>,0.0,0,17294,0,0,0,11:03:56.817,0.0,1,0,0.0,0,0,0,11:03:56.817,11:03:56.817
83,Manam,Manam SM Cebu,17295,0.0,0.0,0,0,102267,0,12,<NA>,12:21:04.763,2025-09-04,12:21:04.763,2025-09-04,True,False,528.0,528.0,56.57,0.0,0,1,GRABFOOD,1,False,0.0,0,False,12:21:04.763,2025-09-04,0.0,False,1,0.0,GRABFOOD,0.0,0,0,-99.99,-10000000000,<NA>,0.0,0,17295,0,0,0,12:21:04.763,0.0,1,0,0.0,0,0,0,12:21:04.763,12:21:04.763
83,Manam,Manam SM Cebu,17296,0.0,0.0,0,0,108006,0,1,<NA>,12:08:27.647,2025-09-04,12:08:27.647,2025-09-04,True,False,191.96,191.96,0.0,0.0,0,1,TAKEOUT,1,False,38.39,0,False,12:08:27.647,2025-09-04,0.0,False,1,0.0,TAKEOUT,0.0,0,0,-99.99,-10000000000,<NA>,0.0,0,17296,0,0,0,12:08:27.647,0.0,1,0,0.0,0,0,0,12:08:27.647,12:08:27.647
83,Manam,Manam SM Cebu,17297,0.0,0.0,0,0,108006,0,3,<NA>,12:07:48.687,2025-09-04,12:07:48.687,2025-09-04,True,False,191.96,191.96,0.0,0.0,0,1,TAKEOUT,1,False,38.39,0,False,12:07:48.687,2025-09-04,0.0,False,1,0.0,TAKEOUT,0.0,0,0,-99.99,-10000000000,<NA>,0.0,0,17297,0,0,0,12:07:48.687,0.0,1,0,0.0,0,0,0,12:07:48.687,12:07:48.687
83,Manam,Manam SM Cebu,17298,0.0,0.0,27,0,102267,3,3,<NA>,11:42:18.6,2025-09-04,11:42:18.6,2025-09-04,True,False,2288.9300000000003,2288.9300000000003,88.04285714285713,-162.13,0,1,DINEIN1,1,False,293.45,0,False,11:42:18.6,2025-09-04,0.0,False,1,0.0,DINEIN1,0.0,0,0,-99.99,-10000000000,<NA>,0.0,0,17298,0,0,0,11:42:18.6,0.0,1,0,0.0,0,0,0,11:42:18.6,11:42:18.6
83,Manam,Manam SM Cebu,17299,0.0,0.0,4,0,102267,2,1,<NA>,11:55:33.387,2025-09-04,11:55:33.387,2025-09-04,True,False,1155.0,1155.0,132.86,-94.11,0,1,DINEIN1,1,False,0.0,0,False,11:55:33.387,2025-09-04,0.0,False,1,0.0,DINEIN1,0.0,0,0,-99.99,-10000000000,<NA>,0.0,0,17299,0,0,0,11:55:33.387,0.0,1,0,0.0,0,0,0,11:55:33.387,11:55:33.387
83,Manam,Manam SM Cebu,17300,0.0,0.0,45,0,102267,2,1,<NA>,11:46:41.593,2025-09-04,11:46:41.593,2025-09-04,True,False,993.75,993.75,56.24428571428571,-71.72,0,1,DINEIN1,1,False,93.75,0,False,11:46:41.593,2025-09-04,0.0,False,1,0.0,DINEIN1,0.0,0,0,-99.99,-10000000000,<NA>,0.0,0,17300,0,0,0,11:46:41.593,0.0,1,0,0.0,0,0,0,11:46:41.593,11:46:41.593
83,Manam,Manam SM Cebu,17301,0.0,0.0,0,0,102267,0,12,<NA>,12:49:57.333,2025-09-04,12:49:57.333,2025-09-04,True,False,318.0,318.0,34.07,0.0,0,1,GRABFOOD,1,False,0.0,0,False,12:49:57.333,2025-09-04,0.0,False,1,0.0,GRABFOOD,0.0,0,0,-99.99,-10000000000,<NA>,0.0,0,17301,0,0,0,12:49:57.333,0.0,1,0,0.0,0,0,0,12:49:57.333,12:49:57.333
83,Manam,Manam SM Cebu,17302,0.0,0.0,51,0,102267,3,1,<NA>,12:04:07.547,2025-09-04,12:04:07.547,2025-09-04,True,False,2190.0,2190.0,246.41,-174.55,0,1,DINEIN1,1,False,0.0,0,False,12:04:07.547,2025-09-04,0.0,False,1,0.0,DINEIN1,0.0,0,0,-99.99,-10000000000,<NA>,0.0,0,17302,0,0,0,12:04:07.547,0.0,1,0,0.0,0,0,0,12:04:07.547,12:04:07.547
83,Manam,Manam SM Cebu,17303,0.0,0.0,31,0,102267,3,1,<NA>,11:56:25.937,2025-09-04,11:56:25.937,2025-09-04,True,False,1445.0,1445.0,154.82,-109.67,0,1,DINEIN1,1,False,0.0,0,False,11:56:25.937,2025-09-04,0.0,False,1,0.0,DINEIN1,0.0,0,0,-99.99,-10000000000,<NA>,0.0,0,17303,0,0,0,11:56:25.937,0.0,1,0,0.0,0,0,0,11:56:25.937,11:56:25.937
83,Manam,Manam SM Cebu,17304,0.0,0.0,0,0,102267,0,12,<NA>,13:00:12.65,2025-09-04,13:00:12.65,2025-09-04,True,False,693.0,693.0,74.25,0.0,0,1,GRABFOOD,1,False,0.0,0,False,13:00:12.65,2025-09-04,0.0,False,1,0.0,GRABFOOD,0.0,0,0,-99.99,-10000000000,<NA>,0.0,0,17304,0,0,0,13:00:12.65,0.0,1,0,0.0,0,0,0,13:00:12.65,13:00:12.65
83,Manam,Manam SM Cebu,17305,0.0,0.0,20,0,102267,2,3,<NA>,11:51:44.767,2025-09-04,11:51:44.767,2025-09-04,True,False,1455.0,1455.0,165.0,-116.88,0,1,DINEIN1,1,False,0.0,0,False,11:51:44.767,2025-09-04,0.0,False,1,0.0,DINEIN1,0.0,0,0,-99.99,-10000000000,<NA>,0.0,0,17305,0,0,0,11:51:44.767,0.0,1,0,0.0,0,0,0,11:51:44.767,11:51:44.767
83,Manam,Manam SM Cebu,17307,0.0,0.0,0,0,102267,0,12,<NA>,13:06:24.117,2025-09-04,13:06:24.117,2025-09-04,True,False,468.0,468.0,50.14,0.0,0,1,GRABFOOD,1,False,0.0,0,False,13:06:24.117,2025-09-04,0.0,False,1,0.0,GRABFOOD,0.0,0,0,-99.99,-10000000000,<NA>,0.0,0,17307,0,0,0,13:06:24.117,0.0,1,0,0.0,0,0,0,13:06:24.117,13:06:24.117
83,Manam,Manam SM Cebu,17308,0.0,0.0,19,0,102267,24,3,10% LOYAL,11:59:54.797,2025-09-04,11:59:54.797,2025-09-04,True,False,3605.0,3605.0,1425.71,-1009.87,0,1,DINEIN1,1,False,1478.5,0,False,11:59:54.797,2025-09-04,0.0,False,1,0.0,DINEIN1,0.0,0,0,-99.99,-10000000000,10468333,0.0,0,17308,0,0,0,11:59:54.797,0.0,1,0,0.0,0,0,0,11:59:54.797,11:59:54.797
83,Manam,Manam SM Cebu,17309,0.0,0.0,21,0,102267,4,3,<NA>,12:08:28.243,2025-09-04,12:08:28.243,2025-09-04,True,False,1755.0,1755.0,211.62,-149.89,0,1,DINEIN1,1,False,0.0,0,False,12:08:28.243,2025-09-04,0.0,False,1,0.0,DINEIN1,0.0,0,0,-99.99,-10000000000,<NA>,0.0,0,17309,0,0,0,12:08:28.243,0.0,1,0,0.0,0,0,0,12:08:28.243,12:08:28.243
83,Manam,Manam SM Cebu,17310,0.0,0.0,43,0,102267,6,1,<NA>,10:35:45.73,2025-09-04,10:35:45.73,2025-09-04,True,False,3028.93,3028.93,129.1942857142857,-235.8,0,1,DINEIN1,1,False,426.78,0,False,10:35:45.73,2025-09-04,0.0,False,1,0.0,DINEIN1,0.0,0,0,-99.99,-10000000000,<NA>,0.0,0,17310,0,0,0,10:35:45.73,0.0,1,0,0.0,0,0,0,10:35:45.73,10:35:45.73
83,Manam,Manam SM Cebu,17311,0.0,0.0,0,0,102267,0,12,<NA>,13:14:14.733,2025-09-04,13:14:14.733,2025-09-04,True,False,268.0,268.0,28.71,0.0,0,1,GRABFOOD,1,False,0.0,0,False,13:14:14.733,2025-09-04,0.0,False,1,0.0,GRABFOOD,0.0,0,0,-99.99,-10000000000,<NA>,0.0,0,17311,0,0,0,13:14:14.733,0.0,1,0,0.0,0,0,0,13:14:14.733,13:14:14.733
83,Manam,Manam SM Cebu,17312,0.0,0.0,6,0,102267,2,1,<NA>,12:27:46.637,2025-09-04,12:27:46.637,2025-09-04,True,False,1335.0,1335.0,143.04,-101.32,0,1,DINEIN1,1,False,0.0,0,False,12:27:46.637,2025-09-04,0.0,False,1,0.0,DINEIN1,0.0,0,0,-99.99,-10000000000,<NA>,0.0,0,17312,0,0,0,12:27:46.637,0.0,1,0,0.0,0,0,0,12:27:46.637,12:27:46.637
83,Manam,Manam SM Cebu,17313,0.0,0.0,41,0,102267,4,1,<NA>,12:20:58.177,2025-09-04,12:20:58.177,2025-09-04,True,False,1944.9099999999999,1944.9099999999999,110.08714285714284,-140.36,0,1,DINEIN1,1,False,183.48,0,False,12:20:58.177,2025-09-04,0.0,False,1,0.0,DINEIN1,0.0,0,0,-99.99,-10000000000,<NA>,0.0,0,17313,0,0,0,12:20:58.177,0.0,1,0,0.0,0,0,0,12:20:58.177,12:20:58.177
83,Manam,Manam SM Cebu,17314,0.0,0.0,40,0,102267,2,1,<NA>,12:39:26.853,2025-09-04,12:39:26.853,2025-09-04,True,False,1390.0,1390.0,148.93,-105.49,0,1,DINEIN1,1,False,0.0,0,False,12:39:26.853,2025-09-04,0.0,False,1,0.0,DINEIN1,0.0,0,0,-99.99,-10000000000,<NA>,0.0,0,17314,0,0,0,12:39:26.853,0.0,1,0,0.0,0,0,0,12:39:26.853,12:39:26.853
83,Manam,Manam SM Cebu,17315,0.0,0.0,33,0,102267,2,1,<NA>,12:32:46.34,2025-09-04,12:32:46.34,2025-09-04,True,False,1990.0,1990.0,213.2,-151.03,0,1,DINEIN1,1,False,0.0,0,False,12:32:46.34,2025-09-04,0.0,False,1,0.0,DINEIN1,0.0,0,0,-99.99,-10000000000,<NA>,0.0,0,17315,0,0,0,12:32:46.34,0.0,1,0,0.0,0,0,0,12:32:46.34,12:32:46.34
83,Manam,Manam SM Cebu,17316,0.0,0.0,28,0,102267,2,1,<NA>,12:03:38.997,2025-09-04,12:03:38.997,2025-09-04,True,False,1355.0,1355.0,145.18,-102.83,0,1,DINEIN1,1,False,0.0,0,False,12:03:38.997,2025-09-04,0.0,False,1,0.0,DINEIN1,0.0,0,0,-99.99,-10000000000,<NA>,0.0,0,17316,0,0,0,12:03:38.997,0.0,1,0,0.0,0,0,0,12:03:38.997,12:03:38.997
83,Manam,Manam SM Cebu,17317,0.0,0.0,1,0,102267,5,1,<NA>,12:25:16.067,2025-09-04,12:25:16.067,2025-09-04,True,False,3255.0,3255.0,348.76,-247.03,0,1,DINEIN1,1,False,0.0,0,False,12:25:16.067,2025-09-04,0.0,False,1,0.0,DINEIN1,0.0,0,0,-99.99,-10000000000,<NA>,0.0,0,17317,0,0,0,12:25:16.067,0.0,1,0,0.0,0,0,0,12:25:16.067,12:25:16.067
83,Manam,Manam SM Cebu,17318,0.0,0.0,27,0,102267,2,3,<NA>,12:33:00.5,2025-09-04,12:33:00.5,2025-09-04,True,False,1745.0,1745.0,186.97,-132.43,0,1,DINEIN1,1,False,0.0,0,False,12:33:00.5,2025-09-04,0.0,False,1,0.0,DINEIN1,0.0,0,0,-99.99,-10000000000,<NA>,0.0,0,17318,0,0,0,12:33:00.5,0.0,1,0,0.0,0,0,0,12:33:00.5,12:33:00.5
83,Manam,Manam SM Cebu,17319,0.0,0.0,23,0,102267,2,1,<NA>,12:26:35.647,2025-09-04,12:26:35.647,2025-09-04,True,False,1142.86,1142.86,0.0,-77.71,0,1,DINEIN1,1,False,228.59,0,False,12:26:35.647,2025-09-04,0.0,False,1,0.0,DINEIN1,0.0,0,0,-99.99,-10000000000,<NA>,0.0,0,17319,0,0,0,12:26:35.647,0.0,1,0,0.0,0,0,0,12:26:35.647,12:26:35.647
83,Manam,Manam SM Cebu,17320,0.0,0.0,35,0,102267,2,6,<NA>,12:14:59.303,2025-09-04,12:14:59.303,2025-09-04,True,False,1635.0,1635.0,215.35,-152.54,0,1,DINEIN1,1,False,0.0,0,False,12:14:59.303,2025-09-04,0.0,False,1,0.0,DINEIN1,0.0,0,0,-99.99,-10000000000,<NA>,0.0,0,17320,0,0,0,12:14:59.303,0.0,1,0,0.0,0,0,0,12:14:59.303,12:14:59.303
83,Manam,Manam SM Cebu,17321,0.0,0.0,0,0,102267,0,12,<NA>,13:29:23.077,2025-09-04,13:29:23.077,2025-09-04,True,False,440.0,440.0,47.14,0.0,0,1,GRABFOOD,1,False,0.0,0,False,13:29:23.077,2025-09-04,0.0,False,1,0.0,GRABFOOD,0.0,0,0,-99.99,-10000000000,<NA>,0.0,0,17321,0,0,0,13:29:23.077,0.0,1,0,0.0,0,0,0,13:29:23.077,13:29:23.077
83,Manam,Manam SM Cebu,17322,0.0,0.0,7,0,102267,4,3,10% LOYAL,12:21:40.387,2025-09-04,12:21:40.387,2025-09-04,True,False,2470.0,2470.0,238.17,-168.71,0,1,DINEIN1,1,False,247.0,0,False,12:21:40.387,2025-09-04,0.0,False,1,0.0,DINEIN1,0.0,0,0,-99.99,-10000000000,10468478,0.0,0,17322,0,0,0,12:21:40.387,0.0,1,0,0.0,0,0,0,12:21:40.387,12:21:40.387
83,Manam,Manam SM Cebu,17323,0.0,0.0,0,0,105539,0,10,<NA>,13:39:43.933,2025-09-04,13:39:43.933,2025-09-04,True,False,320.0,320.0,34.29,0.0,0,1,FOODPANDA,1,False,0.0,0,False,13:39:43.933,2025-09-04,0.0,False,1,0.0,FOODPANDA,0.0,0,0,-99.99,-10000000000,<NA>,0.0,0,17323,0,0,0,13:39:43.933,0.0,1,0,0.0,0,0,0,13:39:43.933,13:39:43.933
83,Manam,Manam SM Cebu,17324,0.0,0.0,50,0,105539,5,1,<NA>,12:23:05.093,2025-09-04,12:23:05.093,2025-09-04,True,False,2564.9300000000003,2564.9300000000003,199.92857142857144,-217.15,0,1,DINEIN1,1,False,222.15,0,False,12:23:05.093,2025-09-04,0.0,False,1,0.0,DINEIN1,0.0,0,0,-99.99,-10000000000,<NA>,0.0,0,17324,0,0,0,12:23:05.093,0.0,1,0,0.0,0,0,0,12:23:05.093,12:23:05.093
83,Manam,Manam SM Cebu,17325,0.0,0.0,20,0,105539,2,3,<NA>,13:02:37.56,2025-09-04,13:02:37.56,2025-09-04,True,False,1685.0,1685.0,180.54,-127.88,0,1,DINEIN1,1,False,0.0,0,False,13:02:37.56,2025-09-04,0.0,False,1,0.0,DINEIN1,0.0,0,0,-99.99,-10000000000,<NA>,0.0,0,17325,0,0,0,13:02:37.56,0.0,1,0,0.0,0,0,0,13:02:37.56,13:02:37.56
83,Manam,Manam SM Cebu,17326,0.0,0.0,52,0,105539,3,3,<NA>,12:07:24.73,2025-09-04,12:07:24.73,2025-09-04,True,False,1933.3899999999999,1933.3899999999999,143.21,-142.02,0,1,DINEIN1,1,False,119.34,0,False,12:07:24.73,2025-09-04,0.0,False,1,0.0,DINEIN1,0.0,0,0,-99.99,-10000000000,<NA>,0.0,0,17326,0,0,0,12:07:24.73,0.0,1,0,0.0,0,0,0,12:07:24.73,12:07:24.73
83,Manam,Manam SM Cebu,17327,0.0,0.0,4,0,105539,2,3,<NA>,12:48:24.657,2025-09-04,12:48:24.657,2025-09-04,True,False,1705.0,1705.0,203.56,-144.2,0,1,DINEIN1,1,False,0.0,0,False,12:48:24.657,2025-09-04,0.0,False,1,0.0,DINEIN1,0.0,0,0,-99.99,-10000000000,<NA>,0.0,0,17327,0,0,0,12:48:24.657,0.0,1,0,0.0,0,0,0,12:48:24.657,12:48:24.657
83,Manam,Manam SM Cebu,17328,0.0,0.0,0,0,105539,0,1,<NA>,13:51:35.723,2025-09-04,13:51:35.723,2025-09-04,True,False,0.0,0.0,0.0,0.0,0,1,ZR-MAN,1,False,0.0,0,False,13:51:35.723,2025-09-04,0.0,False,1,0.0,ZR-MAN,0.0,0,0,-99.99,-10000000000,<NA>,0.0,0,17328,0,0,0,13:51:35.723,0.0,1,0,0.0,0,0,0,13:51:35.723,13:51:35.723
83,Manam,Manam SM Cebu,17329,0.0,0.0,45,0,105539,4,3,<NA>,12:40:58.817,2025-09-04,12:40:58.817,2025-09-04,True,False,2615.0,2615.0,280.17,-198.46,0,1,DINEIN1,1,False,0.0,0,False,12:40:58.817,2025-09-04,0.0,False,1,0.0,DINEIN1,0.0,0,0,-99.99,-10000000000,<NA>,0.0,0,17329,0,0,0,12:40:58.817,0.0,1,0,0.0,0,0,0,12:40:58.817,12:40:58.817
83,Manam,Manam SM Cebu,17330,0.0,0.0,0,0,105539,0,1,<NA>,13:53:00.303,2025-09-04,13:53:00.303,2025-09-04,True,False,0.0,0.0,0.0,0.0,0,1,ZR-MAN,1,False,0.0,0,False,13:53:00.303,2025-09-04,0.0,False,1,0.0,ZR-MAN,0.0,0,0,-99.99,-10000000000,<NA>,0.0,0,17330,0,0,0,13:53:00.303,0.0,1,0,0.0,0,0,0,13:53:00.303,13:53:00.303
83,Manam,Manam SM Cebu,17331,0.0,0.0,27,0,105539,2,3,<NA>,13:28:51.49,2025-09-04,13:28:51.49,2025-09-04,True,False,640.0,640.0,77.67,-55.02,0,1,DINEIN1,1,False,0.0,0,False,13:28:51.49,2025-09-04,0.0,False,1,0.0,DINEIN1,0.0,0,0,-99.99,-10000000000,<NA>,0.0,0,17331,0,0,0,13:28:51.49,0.0,1,0,0.0,0,0,0,13:28:51.49,13:28:51.49
83,Manam,Manam SM Cebu,17332,0.0,0.0,21,0,105539,2,1,<NA>,13:17:34.103,2025-09-04,13:17:34.103,2025-09-04,True,False,749.99,749.99,0.0,-51.0,0,1,DINEIN1,1,False,150.0,0,False,13:17:34.103,2025-09-04,0.0,False,1,0.0,DINEIN1,0.0,0,0,-99.99,-10000000000,<NA>,0.0,0,17332,0,0,0,13:17:34.103,0.0,1,0,0.0,0,0,0,13:17:34.103,13:17:34.103
83,Manam,Manam SM Cebu,17333,0.0,0.0,0,0,105539,0,12,<NA>,14:05:00.67,2025-09-04,14:05:00.67,2025-09-04,True,False,255.0,255.0,27.32,0.0,0,1,GRABFOOD,1,False,0.0,0,False,14:05:00.67,2025-09-04,0.0,False,1,0.0,GRABFOOD,0.0,0,0,-99.99,-10000000000,<NA>,0.0,0,17333,0,0,0,14:05:00.67,0.0,1,0,0.0,0,0,0,14:05:00.67,14:05:00.67
83,Manam,Manam SM Cebu,17334,0.0,0.0,10,0,105539,4,3,<NA>,13:06:39.763,2025-09-04,13:06:39.763,2025-09-04,True,False,2027.9099999999999,2027.9099999999999,63.61571428571429,-153.21,0,1,DINEIN1,1,False,318.08,0,False,13:06:39.763,2025-09-04,0.0,False,1,0.0,DINEIN1,0.0,0,0,-99.99,-10000000000,<NA>,0.0,0,17334,0,0,0,13:06:39.763,0.0,1,0,0.0,0,0,0,13:06:39.763,13:06:39.763
83,Manam,Manam SM Cebu,17335,0.0,0.0,30,0,105539,5,3,<NA>,12:54:04.287,2025-09-04,12:54:04.287,2025-09-04,True,False,7265.0,7265.0,830.89,-588.55,0,1,DINEIN1,1,False,0.0,0,False,12:54:04.287,2025-09-04,0.0,False,1,0.0,DINEIN1,0.0,0,0,-99.99,-10000000000,<NA>,0.0,0,17335,0,0,0,12:54:04.287,0.0,1,0,0.0,0,0,0,12:54:04.287,12:54:04.287
83,Manam,Manam SM Cebu,17336,0.0,0.0,51,0,105539,2,3,<NA>,13:14:16.24,2025-09-04,13:14:16.24,2025-09-04,True,False,1235.0,1235.0,132.31,-93.73,0,1,DINEIN1,1,False,0.0,0,False,13:14:16.24,2025-09-04,0.0,False,1,0.0,DINEIN1,0.0,0,0,-99.99,-10000000000,<NA>,0.0,0,17336,0,0,0,13:14:16.24,0.0,1,0,0.0,0,0,0,13:14:16.24,13:14:16.24
83,Manam,Manam SM Cebu,17337,0.0,0.0,14,0,105539,4,3,<NA>,13:08:04.92,2025-09-04,13:08:04.92,2025-09-04,True,False,799.11,799.11,0.0,-71.04,0,1,DINEIN1,1,False,208.94,0,False,13:08:04.92,2025-09-04,0.0,False,1,0.0,DINEIN1,0.0,0,0,-99.99,-10000000000,<NA>,0.0,0,17337,0,0,0,13:08:04.92,0.0,1,0,0.0,0,0,0,13:08:04.92,13:08:04.92
83,Manam,Manam SM Cebu,17338,0.0,0.0,0,0,105539,0,12,<NA>,14:23:43.55,2025-09-04,14:23:43.55,2025-09-04,True,False,851.0,851.0,91.17,0.0,0,1,GRABFOOD,1,False,0.0,0,False,14:23:43.55,2025-09-04,0.0,False,1,0.0,GRABFOOD,0.0,0,0,-99.99,-10000000000,<NA>,0.0,0,17338,0,0,0,14:23:43.55,0.0,1,0,0.0,0,0,0,14:23:43.55,14:23:43.55
83,Manam,Manam SM Cebu,17339,0.0,0.0,28,0,105539,2,3,<NA>,13:48:14.8,2025-09-04,13:48:14.8,2025-09-04,True,False,1440.0,1440.0,163.93,-116.12,0,1,DINEIN1,1,False,0.0,0,False,13:48:14.8,2025-09-04,0.0,False,1,0.0,DINEIN1,0.0,0,0,-99.99,-10000000000,<NA>,0.0,0,17339,0,0,0,13:48:14.8,0.0,1,0,0.0,0,0,0,13:48:14.8,13:48:14.8
83,Manam,Manam SM Cebu,17340,0.0,0.0,44,0,105539,2,3,<NA>,14:02:20.467,2025-09-04,14:02:20.467,2025-09-04,True,False,740.0,740.0,79.29,-56.16,0,1,DINEIN1,1,False,0.0,0,False,14:02:20.467,2025-09-04,0.0,False,1,0.0,DINEIN1,0.0,0,0,-99.99,-10000000000,<NA>,0.0,0,17340,0,0,0,14:02:20.467,0.0,1,0,0.0,0,0,0,14:02:20.467,14:02:20.467
83,Manam,Manam SM Cebu,17343,0.0,0.0,0,0,105539,0,12,<NA>,14:48:07.533,2025-09-04,14:48:07.533,2025-09-04,True,False,175.0,175.0,18.75,0.0,0,1,GRABFOOD,1,False,0.0,0,False,14:48:07.533,2025-09-04,0.0,False,1,0.0,GRABFOOD,0.0,0,0,-99.99,-10000000000,<NA>,0.0,0,17343,0,0,0,14:48:07.533,0.0,1,0,0.0,0,0,0,14:48:07.533,14:48:07.533
83,Manam,Manam SM Cebu,17344,0.0,0.0,20,0,105539,2,1,<NA>,13:59:36.463,2025-09-04,13:59:36.463,2025-09-04,True,False,1187.49,1187.49,0.0,-80.75,0,1,DINEIN1,1,False,237.5,0,False,13:59:36.463,2025-09-04,0.0,False,1,0.0,DINEIN1,0.0,0,0,-99.99,-10000000000,<NA>,0.0,0,17344,0,0,0,13:59:36.463,0.0,1,0,0.0,0,0,0,13:59:36.463,13:59:36.463
83,Manam,Manam SM Cebu,17345,0.0,0.0,11,0,105539,4,3,<NA>,13:04:06.937,2025-09-04,13:04:06.937,2025-09-04,True,False,2745.0,2745.0,317.67,-225.02,0,1,DINEIN1,1,False,0.0,0,False,13:04:06.937,2025-09-04,0.0,False,1,0.0,DINEIN1,0.0,0,0,-99.99,-10000000000,<NA>,0.0,0,17345,0,0,0,13:04:06.937,0.0,1,0,0.0,0,0,0,13:04:06.937,13:04:06.937
83,Manam,Manam SM Cebu,17347,0.0,0.0,21,0,105539,8,1,<NA>,14:24:30.227,2025-09-04,14:24:30.227,2025-09-04,True,False,2876.79,2876.79,284.5228571428571,-250.9,0,1,DINEIN1,1,False,155.36,0,False,14:24:30.227,2025-09-04,0.0,False,1,0.0,DINEIN1,0.0,0,0,-99.99,-10000000000,<NA>,0.0,0,17347,0,0,0,14:24:30.227,0.0,1,0,0.0,0,0,0,14:24:30.227,14:24:30.227
83,Manam,Manam SM Cebu,17348,0.0,0.0,0,0,100490,0,1,<NA>,15:15:38.793,2025-09-04,15:15:38.793,2025-09-04,True,False,430.0,430.0,65.89,0.0,0,1,TAKEOUT,1,False,0.0,0,False,15:15:38.793,2025-09-04,0.0,False,1,0.0,TAKEOUT,0.0,0,0,-99.99,-10000000000,<NA>,0.0,0,17348,0,0,0,15:15:38.793,0.0,1,0,0.0,0,0,0,15:15:38.793,15:15:38.793
83,Manam,Manam SM Cebu,17349,0.0,0.0,0,0,105539,0,10,<NA>,15:19:19.28,2025-09-04,15:19:19.28,2025-09-04,True,False,388.0,388.0,41.57,0.0,0,1,FOODPANDA,1,False,0.0,0,False,15:19:19.28,2025-09-04,0.0,False,1,0.0,FOODPANDA,0.0,0,0,-99.99,-10000000000,<NA>,0.0,0,17349,0,0,0,15:19:19.28,0.0,1,0,0.0,0,0,0,15:19:19.28,15:19:19.28
83,Manam,Manam SM Cebu,17350,0.0,0.0,0,0,105539,0,12,<NA>,15:21:13,2025-09-04,15:21:13,2025-09-04,True,False,980.0,980.0,105.0,0.0,0,1,GRABFOOD,1,False,0.0,0,False,15:21:13,2025-09-04,0.0,False,1,0.0,GRABFOOD,0.0,0,0,-99.99,-10000000000,<NA>,0.0,0,17350,0,0,0,15:21:13,0.0,1,0,0.0,0,0,0,15:21:13,15:21:13
83,Manam,Manam SM Cebu,17351,0.0,0.0,7,0,105539,2,3,<NA>,14:14:42.903,2025-09-04,14:14:42.903,2025-09-04,True,False,1500.0,1500.0,160.72,-113.84,0,1,DINEIN1,1,False,0.0,0,False,14:14:42.903,2025-09-04,0.0,False,1,0.0,DINEIN1,0.0,0,0,-99.99,-10000000000,<NA>,0.0,0,17351,0,0,0,14:14:42.903,0.0,1,0,0.0,0,0,0,14:14:42.903,14:14:42.903
83,Manam,Manam SM Cebu,17352,0.0,0.0,0,0,105539,0,12,<NA>,15:28:42.127,2025-09-04,15:28:42.127,2025-09-04,True,False,400.0,400.0,42.86,0.0,0,1,GRABFOOD,1,False,0.0,0,False,15:28:42.127,2025-09-04,0.0,False,1,0.0,GRABFOOD,0.0,0,0,-99.99,-10000000000,<NA>,0.0,0,17352,0,0,0,15:28:42.127,0.0,1,0,0.0,0,0,0,15:28:42.127,15:28:42.127
83,Manam,Manam SM Cebu,17353,0.0,0.0,45,0,105539,1,1,<NA>,14:54:19.913,2025-09-04,14:54:19.913,2025-09-04,True,False,285.0,285.0,30.54,-21.63,0,1,DINEIN1,1,False,0.0,0,False,14:54:19.913,2025-09-04,0.0,False,1,0.0,DINEIN1,0.0,0,0,-99.99,-10000000000,<NA>,0.0,0,17353,0,0,0,14:54:19.913,0.0,1,0,0.0,0,0,0,14:54:19.913,14:54:19.913
83,Manam,Manam SM Cebu,17354,0.0,0.0,35,0,105539,2,3,<NA>,15:07:54.353,2025-09-04,15:07:54.353,2025-09-04,True,False,1110.0,1110.0,118.93,-84.24,0,1,DINEIN1,1,False,0.0,0,False,15:07:54.353,2025-09-04,0.0,False,1,0.0,DINEIN1,0.0,0,0,-99.99,-10000000000,<NA>,0.0,0,17354,0,0,0,15:07:54.353,0.0,1,0,0.0,0,0,0,15:07:54.353,15:07:54.353
83,Manam,Manam SM Cebu,17355,0.0,0.0,0,0,105539,0,10,<NA>,15:51:30.313,2025-09-04,15:51:30.313,2025-09-04,True,False,255.0,255.0,27.32,0.0,0,1,FOODPANDA,1,False,0.0,0,False,15:51:30.313,2025-09-04,0.0,False,1,0.0,FOODPANDA,0.0,0,0,-99.99,-10000000000,<NA>,0.0,0,17355,0,0,0,15:51:30.313,0.0,1,0,0.0,0,0,0,15:51:30.313,15:51:30.313
83,Manam,Manam SM Cebu,17356,0.0,0.0,27,0,105539,4,3,<NA>,15:02:04.953,2025-09-04,15:02:04.953,2025-09-04,True,False,1765.0900000000001,1765.0900000000001,99.91,-127.39,0,1,DINEIN1,1,False,166.51,0,False,15:02:04.953,2025-09-04,0.0,False,1,0.0,DINEIN1,0.0,0,0,-99.99,-10000000000,<NA>,0.0,0,17356,0,0,0,15:02:04.953,0.0,1,0,0.0,0,0,0,15:02:04.953,15:02:04.953
83,Manam,Manam SM Cebu,17357,0.0,0.0,41,0,105539,3,3,<NA>,14:57:17.317,2025-09-04,14:57:17.317,2025-09-04,True,False,2195.0,2195.0,253.39,-179.49,0,1,DINEIN1,1,False,0.0,0,False,14:57:17.317,2025-09-04,0.0,False,1,0.0,DINEIN1,0.0,0,0,-99.99,-10000000000,<NA>,0.0,0,17357,0,0,0,14:57:17.317,0.0,1,0,0.0,0,0,0,14:57:17.317,14:57:17.317
83,Manam,Manam SM Cebu,17358,0.0,0.0,31,0,105539,3,3,<NA>,15:18:02.717,2025-09-04,15:18:02.717,2025-09-04,True,False,2126.25,2126.25,181.18571428571428,-176.02,0,1,DINEIN1,1,False,147.91,0,False,15:18:02.717,2025-09-04,0.0,False,1,0.0,DINEIN1,0.0,0,0,-99.99,-10000000000,<NA>,0.0,0,17358,0,0,0,15:18:02.717,0.0,1,0,0.0,0,0,0,15:18:02.717,15:18:02.717
83,Manam,Manam SM Cebu,17359,0.0,0.0,20,0,105539,2,3,<NA>,15:24:47.017,2025-09-04,15:24:47.017,2025-09-04,True,False,1275.0,1275.0,136.62,-96.76,0,1,DINEIN1,1,False,0.0,0,False,15:24:47.017,2025-09-04,0.0,False,1,0.0,DINEIN1,0.0,0,0,-99.99,-10000000000,<NA>,0.0,0,17359,0,0,0,15:24:47.017,0.0,1,0,0.0,0,0,0,15:24:47.017,15:24:47.017
83,Manam,Manam SM Cebu,17360,0.0,0.0,0,0,105539,0,12,<NA>,16:18:39.69,2025-09-04,16:18:39.69,2025-09-04,True,False,248.0,248.0,26.57,0.0,0,1,GRABFOOD,1,False,0.0,0,False,16:18:39.69,2025-09-04,0.0,False,1,0.0,GRABFOOD,0.0,0,0,-99.99,-10000000000,<NA>,0.0,0,17360,0,0,0,16:18:39.69,0.0,1,0,0.0,0,0,0,16:18:39.69,16:18:39.69
83,Manam,Manam SM Cebu,17361,0.0,0.0,50,0,105539,6,3,<NA>,15:32:29.527,2025-09-04,15:32:29.527,2025-09-04,True,False,4525.0,4525.0,573.21,-406.03,0,1,DINEIN1,1,False,0.0,0,False,15:32:29.527,2025-09-04,0.0,False,1,0.0,DINEIN1,0.0,0,0,-99.99,-10000000000,<NA>,0.0,0,17361,0,0,0,15:32:29.527,0.0,1,0,0.0,0,0,0,15:32:29.527,15:32:29.527
83,Manam,Manam SM Cebu,17362,0.0,0.0,44,0,105539,3,1,<NA>,15:59:48.76,2025-09-04,15:59:48.76,2025-09-04,True,False,1595.0,1595.0,170.89,-121.05,0,1,DINEIN1,1,False,0.0,0,False,15:59:48.76,2025-09-04,0.0,False,1,0.0,DINEIN1,0.0,0,0,-99.99,-10000000000,<NA>,0.0,0,17362,0,0,0,15:59:48.76,0.0,1,0,0.0,0,0,0,15:59:48.76,15:59:48.76
83,Manam,Manam SM Cebu,17364,0.0,0.0,0,0,105539,0,12,<NA>,16:41:04.67,2025-09-04,16:41:04.67,2025-09-04,True,False,248.0,248.0,26.57,0.0,0,1,GRABFOOD,1,False,0.0,0,False,16:41:04.67,2025-09-04,0.0,False,1,0.0,GRABFOOD,0.0,0,0,-99.99,-10000000000,<NA>,0.0,0,17364,0,0,0,16:41:04.67,0.0,1,0,0.0,0,0,0,16:41:04.67,16:41:04.67
83,Manam,Manam SM Cebu,17365,0.0,0.0,26,0,105539,4,3,<NA>,16:27:27.83,2025-09-04,16:27:27.83,2025-09-04,True,False,610.0,610.0,65.36,-46.29,0,1,DINEIN1,1,False,0.0,0,False,16:27:27.83,2025-09-04,0.0,False,1,0.0,DINEIN1,0.0,0,0,-99.99,-10000000000,<NA>,0.0,0,17365,0,0,0,16:27:27.83,0.0,1,0,0.0,0,0,0,16:27:27.83,16:27:27.83
83,Manam,Manam SM Cebu,17366,0.0,0.0,0,0,105539,0,10,<NA>,16:46:16.693,2025-09-04,16:46:16.693,2025-09-04,True,False,268.0,268.0,28.71,0.0,0,1,FOODPANDA,1,False,0.0,0,False,16:46:16.693,2025-09-04,0.0,False,1,0.0,FOODPANDA,0.0,0,0,-99.99,-10000000000,<NA>,0.0,0,17366,0,0,0,16:46:16.693,0.0,1,0,0.0,0,0,0,16:46:16.693,16:46:16.693
83,Manam,Manam SM Cebu,17368,0.0,0.0,0,0,105539,0,12,<NA>,17:00:13.793,2025-09-04,17:00:13.793,2025-09-04,True,False,870.0,870.0,93.21,0.0,0,1,GRABFOOD,1,False,0.0,0,False,17:00:13.793,2025-09-04,0.0,False,1,0.0,GRABFOOD,0.0,0,0,-99.99,-10000000000,<NA>,0.0,0,17368,0,0,0,17:00:13.793,0.0,1,0,0.0,0,0,0,17:00:13.793,17:00:13.793
83,Manam,Manam SM Cebu,17369,0.0,0.0,28,0,105539,2,1,<NA>,16:29:00.647,2025-09-04,16:29:00.647,2025-09-04,True,False,1651.8,1651.8,0.0,-119.61,0,1,DINEIN1,1,False,351.79,0,False,16:29:00.647,2025-09-04,0.0,False,1,0.0,DINEIN1,0.0,0,0,-99.99,-10000000000,<NA>,0.0,0,17369,0,0,0,16:29:00.647,0.0,1,0,0.0,0,0,0,16:29:00.647,16:29:00.647
83,Manam,Manam SM Cebu,17371,0.0,0.0,4,0,105539,1,3,<NA>,16:43:45.943,2025-09-04,16:43:45.943,2025-09-04,True,False,405.0,405.0,43.39,-30.74,0,1,DINEIN1,1,False,0.0,0,False,16:43:45.943,2025-09-04,0.0,False,1,0.0,DINEIN1,0.0,0,0,-99.99,-10000000000,<NA>,0.0,0,17371,0,0,0,16:43:45.943,0.0,1,0,0.0,0,0,0,16:43:45.943,16:43:45.943
83,Manam,Manam SM Cebu,17372,0.0,0.0,0,0,105539,0,12,<NA>,17:15:18.697,2025-09-04,17:15:18.697,2025-09-04,True,False,771.0,771.0,82.6,0.0,0,1,GRABFOOD,1,False,0.0,0,False,17:15:18.697,2025-09-04,0.0,False,1,0.0,GRABFOOD,0.0,0,0,-99.99,-10000000000,<NA>,0.0,0,17372,0,0,0,17:15:18.697,0.0,1,0,0.0,0,0,0,17:15:18.697,17:15:18.697
83,Manam,Manam SM Cebu,17373,0.0,0.0,33,0,105539,2,3,<NA>,16:38:27.273,2025-09-04,16:38:27.273,2025-09-04,True,False,575.8900000000001,575.8900000000001,0.0,-50.39,0,1,DINEIN1,1,False,148.21,0,False,16:38:27.273,2025-09-04,0.0,False,1,0.0,DINEIN1,0.0,0,0,-99.99,-10000000000,<NA>,0.0,0,17373,0,0,0,16:38:27.273,0.0,1,0,0.0,0,0,0,16:38:27.273,16:38:27.273
83,Manam,Manam SM Cebu,17374,0.0,0.0,0,0,105539,0,12,<NA>,17:18:37.667,2025-09-04,17:18:37.667,2025-09-04,True,False,480.0,480.0,51.43,0.0,0,1,GRABFOOD,1,False,0.0,0,False,17:18:37.667,2025-09-04,0.0,False,1,0.0,GRABFOOD,0.0,0,0,-99.99,-10000000000,<NA>,0.0,0,17374,0,0,0,17:18:37.667,0.0,1,0,0.0,0,0,0,17:18:37.667,17:18:37.667
83,Manam,Manam SM Cebu,17375,0.0,0.0,31,0,105539,1,3,<NA>,16:41:26.763,2025-09-04,16:41:26.763,2025-09-04,True,False,500.0,500.0,53.57,-37.95,0,1,DINEIN1,1,False,0.0,0,False,16:41:26.763,2025-09-04,0.0,False,1,0.0,DINEIN1,0.0,0,0,-99.99,-10000000000,<NA>,0.0,0,17375,0,0,0,16:41:26.763,0.0,1,0,0.0,0,0,0,16:41:26.763,16:41:26.763
83,Manam,Manam SM Cebu,17376,0.0,0.0,20,0,105539,2,1,<NA>,16:31:39.983,2025-09-04,16:31:39.983,2025-09-04,True,False,1907.07,1907.07,107.94428571428573,-137.63,0,1,DINEIN1,1,False,179.91,0,False,16:31:39.983,2025-09-04,0.0,False,1,0.0,DINEIN1,0.0,0,0,-99.99,-10000000000,<NA>,0.0,0,17376,0,0,0,16:31:39.983,0.0,1,0,0.0,0,0,0,16:31:39.983,16:31:39.983
83,Manam,Manam SM Cebu,17377,0.0,0.0,22,0,105539,6,1,<NA>,16:38:12.643,2025-09-04,16:38:12.643,2025-09-04,True,False,2653.5699999999997,2653.5699999999997,260.70428571428573,-214.22,0,1,DINEIN1,1,False,86.9,0,False,16:38:12.643,2025-09-04,0.0,False,1,0.0,DINEIN1,0.0,0,0,-99.99,-10000000000,<NA>,0.0,0,17377,0,0,0,16:38:12.643,0.0,1,0,0.0,0,0,0,16:38:12.643,16:38:12.643
83,Manam,Manam SM Cebu,17379,0.0,0.0,0,0,105539,0,12,<NA>,17:32:45.457,2025-09-04,17:32:45.457,2025-09-04,True,False,533.0,533.0,57.11,0.0,0,1,GRABFOOD,1,False,0.0,0,False,17:32:45.457,2025-09-04,0.0,False,1,0.0,GRABFOOD,0.0,0,0,-99.99,-10000000000,<NA>,0.0,0,17379,0,0,0,17:32:45.457,0.0,1,0,0.0,0,0,0,17:32:45.457,17:32:45.457
83,Manam,Manam SM Cebu,17380,0.0,0.0,0,0,105539,0,12,<NA>,17:41:32.783,2025-09-04,17:41:32.783,2025-09-04,True,False,460.0,460.0,49.29,0.0,0,1,GRABFOOD,1,False,0.0,0,False,17:41:32.783,2025-09-04,0.0,False,1,0.0,GRABFOOD,0.0,0,0,-99.99,-10000000000,<NA>,0.0,0,17380,0,0,0,17:41:32.783,0.0,1,0,0.0,0,0,0,17:41:32.783,17:41:32.783
83,Manam,Manam SM Cebu,17381,0.0,0.0,10,0,105539,2,3,<NA>,16:56:59.177,2025-09-04,16:56:59.177,2025-09-04,True,False,910.0,910.0,107.68,-76.27,0,1,DINEIN1,1,False,0.0,0,False,16:56:59.177,2025-09-04,0.0,False,1,0.0,DINEIN1,0.0,0,0,-99.99,-10000000000,<NA>,0.0,0,17381,0,0,0,16:56:59.177,0.0,1,0,0.0,0,0,0,16:56:59.177,16:56:59.177
83,Manam,Manam SM Cebu,17382,0.0,0.0,40,0,105539,3,3,<NA>,17:10:57.03,2025-09-04,17:10:57.03,2025-09-04,True,False,1565.0,1565.0,167.68,-118.77,0,1,DINEIN1,1,False,0.0,0,False,17:10:57.03,2025-09-04,0.0,False,1,0.0,DINEIN1,0.0,0,0,-99.99,-10000000000,<NA>,0.0,0,17382,0,0,0,17:10:57.03,0.0,1,0,0.0,0,0,0,17:10:57.03,17:10:57.03
83,Manam,Manam SM Cebu,17383,0.0,0.0,0,0,105539,0,12,<NA>,18:00:10.883,2025-09-04,18:00:10.883,2025-09-04,True,False,625.0,625.0,66.96,0.0,0,1,GRABFOOD,1,False,0.0,0,False,18:00:10.883,2025-09-04,0.0,False,1,0.0,GRABFOOD,0.0,0,0,-99.99,-10000000000,<NA>,0.0,0,17383,0,0,0,18:00:10.883,0.0,1,0,0.0,0,0,0,18:00:10.883,18:00:10.883
83,Manam,Manam SM Cebu,17384,0.0,0.0,0,0,105539,0,12,<NA>,18:01:58.367,2025-09-04,18:01:58.367,2025-09-04,True,False,895.0,895.0,95.9,0.0,0,1,GRABFOOD,1,False,0.0,0,False,18:01:58.367,2025-09-04,0.0,False,1,0.0,GRABFOOD,0.0,0,0,-99.99,-10000000000,<NA>,0.0,0,17384,0,0,0,18:01:58.367,0.0,1,0,0.0,0,0,0,18:01:58.367,18:01:58.367
83,Manam,Manam SM Cebu,17385,0.0,0.0,0,0,108013,0,3,<NA>,18:03:29.123,2025-09-04,18:03:29.123,2025-09-04,True,False,437.5,437.5,0.0,0.0,0,1,TAKEOUT,1,False,87.5,0,False,18:03:29.123,2025-09-04,0.0,False,1,0.0,TAKEOUT,0.0,0,0,-99.99,-10000000000,<NA>,0.0,0,17385,0,0,0,18:03:29.123,0.0,1,0,0.0,0,0,0,18:03:29.123,18:03:29.123
83,Manam,Manam SM Cebu,17386,0.0,0.0,50,0,105539,7,3,<NA>,17:09:45.727,2025-09-04,17:09:45.727,2025-09-04,True,False,3798.34,3798.34,320.66,-299.82,0,1,DINEIN1,1,False,213.77,0,False,17:09:45.727,2025-09-04,0.0,False,1,0.0,DINEIN1,0.0,0,0,-99.99,-10000000000,<NA>,0.0,0,17386,0,0,0,17:09:45.727,0.0,1,0,0.0,0,0,0,17:09:45.727,17:09:45.727
83,Manam,Manam SM Cebu,17387,0.0,0.0,0,0,105539,0,10,<NA>,18:15:43.667,2025-09-04,18:15:43.667,2025-09-04,True,False,596.0,596.0,63.86,0.0,0,1,FOODPANDA,1,False,0.0,0,False,18:15:43.667,2025-09-04,0.0,False,1,0.0,FOODPANDA,0.0,0,0,-99.99,-10000000000,<NA>,0.0,0,17387,0,0,0,18:15:43.667,0.0,1,0,0.0,0,0,0,18:15:43.667,18:15:43.667
83,Manam,Manam SM Cebu,17388,0.0,0.0,0,0,105539,0,12,<NA>,18:18:00.507,2025-09-04,18:18:00.507,2025-09-04,True,False,830.0,830.0,88.92,0.0,0,1,GRABFOOD,1,False,0.0,0,False,18:18:00.507,2025-09-04,0.0,False,1,0.0,GRABFOOD,0.0,0,0,-99.99,-10000000000,<NA>,0.0,0,17388,0,0,0,18:18:00.507,0.0,1,0,0.0,0,0,0,18:18:00.507,18:18:00.507
83,Manam,Manam SM Cebu,17389,0.0,0.0,11,0,105539,4,3,<NA>,17:28:44.037,2025-09-04,17:28:44.037,2025-09-04,True,False,1980.0,1980.0,314.99,-223.13,0,1,DINEIN1,1,False,0.0,0,False,17:28:44.037,2025-09-04,0.0,False,1,0.0,DINEIN1,0.0,0,0,-99.99,-10000000000,<NA>,0.0,0,17389,0,0,0,17:28:44.037,0.0,1,0,0.0,0,0,0,17:28:44.037,17:28:44.037
83,Manam,Manam SM Cebu,17390,0.0,0.0,20,0,105539,2,3,<NA>,17:43:22.913,2025-09-04,17:43:22.913,2025-09-04,True,False,1520.0,1520.0,172.51,-122.19,0,1,DINEIN1,1,False,0.0,0,False,17:43:22.913,2025-09-04,0.0,False,1,0.0,DINEIN1,0.0,0,0,-99.99,-10000000000,<NA>,0.0,0,17390,0,0,0,17:43:22.913,0.0,1,0,0.0,0,0,0,17:43:22.913,17:43:22.913
83,Manam,Manam SM Cebu,17391,0.0,0.0,43,0,105539,5,3,<NA>,17:15:29.647,2025-09-04,17:15:29.647,2025-09-04,True,False,3294.75,3294.75,254.5742857142857,-276.49,0,1,DINEIN1,1,False,282.85,0,False,17:15:29.647,2025-09-04,0.0,False,1,0.0,DINEIN1,0.0,0,0,-99.99,-10000000000,<NA>,0.0,0,17391,0,0,0,17:15:29.647,0.0,1,0,0.0,0,0,0,17:15:29.647,17:15:29.647
83,Manam,Manam SM Cebu,17392,0.0,0.0,0,0,105539,0,12,<NA>,18:28:12.17,2025-09-04,18:28:12.17,2025-09-04,True,False,620.0,620.0,66.43,0.0,0,1,GRABFOOD,1,False,0.0,0,False,18:28:12.17,2025-09-04,0.0,False,1,0.0,GRABFOOD,0.0,0,0,-99.99,-10000000000,<NA>,0.0,0,17392,0,0,0,18:28:12.17,0.0,1,0,0.0,0,0,0,18:28:12.17,18:28:12.17
83,Manam,Manam SM Cebu,17393,0.0,0.0,26,0,105539,1,1,<NA>,17:45:17.36,2025-09-04,17:45:17.36,2025-09-04,True,False,920.0,920.0,98.57,-69.82,0,1,DINEIN1,1,False,0.0,0,False,17:45:17.36,2025-09-04,0.0,False,1,0.0,DINEIN1,0.0,0,0,-99.99,-10000000000,<NA>,0.0,0,17393,0,0,0,17:45:17.36,0.0,1,0,0.0,0,0,0,17:45:17.36,17:45:17.36
83,Manam,Manam SM Cebu,17394,0.0,0.0,10,0,105539,3,1,<NA>,18:00:16.627,2025-09-04,18:00:16.627,2025-09-04,True,False,1105.0,1105.0,127.49,-90.31,0,1,DINEIN1,1,False,0.0,0,False,18:00:16.627,2025-09-04,0.0,False,1,0.0,DINEIN1,0.0,0,0,-99.99,-10000000000,<NA>,0.0,0,17394,0,0,0,18:00:16.627,0.0,1,0,0.0,0,0,0,18:00:16.627,18:00:16.627
83,Manam,Manam SM Cebu,17395,0.0,0.0,51,0,105539,2,1,<NA>,17:34:16.773,2025-09-04,17:34:16.773,2025-09-04,True,False,2790.0,2790.0,298.92,-211.74,0,1,DINEIN1,1,False,0.0,0,False,17:34:16.773,2025-09-04,0.0,False,1,0.0,DINEIN1,0.0,0,0,-99.99,-10000000000,<NA>,0.0,0,17395,0,0,0,17:34:16.773,0.0,1,0,0.0,0,0,0,17:34:16.773,17:34:16.773
83,Manam,Manam SM Cebu,17396,0.0,0.0,52,0,105539,3,3,<NA>,17:41:48.86,2025-09-04,17:41:48.86,2025-09-04,True,False,2060.0,2060.0,238.92,-169.24,0,1,DINEIN1,1,False,0.0,0,False,17:41:48.86,2025-09-04,0.0,False,1,0.0,DINEIN1,0.0,0,0,-99.99,-10000000000,<NA>,0.0,0,17396,0,0,0,17:41:48.86,0.0,1,0,0.0,0,0,0,17:41:48.86,17:41:48.86
83,Manam,Manam SM Cebu,17397,0.0,0.0,31,0,105539,2,3,<NA>,17:45:20.237,2025-09-04,17:45:20.237,2025-09-04,True,False,1504.83,1504.83,85.17714285714287,-108.6,0,1,DINEIN1,1,False,141.97,0,False,17:45:20.237,2025-09-04,0.0,False,1,0.0,DINEIN1,0.0,0,0,-99.99,-10000000000,<NA>,0.0,0,17397,0,0,0,17:45:20.237,0.0,1,0,0.0,0,0,0,17:45:20.237,17:45:20.237
83,Manam,Manam SM Cebu,17398,0.0,0.0,28,0,105539,4,3,<NA>,17:40:40.623,2025-09-04,17:40:40.623,2025-09-04,True,False,3177.55,3177.55,262.3614285714286,-235.4,0,1,DINEIN1,1,False,145.77,0,False,17:40:40.623,2025-09-04,0.0,False,1,0.0,DINEIN1,0.0,0,0,-99.99,-10000000000,<NA>,0.0,0,17398,0,0,0,17:40:40.623,0.0,1,0,0.0,0,0,0,17:40:40.623,17:40:40.623
83,Manam,Manam SM Cebu,17399,0.0,0.0,7,0,105539,2,3,<NA>,17:54:10.657,2025-09-04,17:54:10.657,2025-09-04,True,False,2195.0,2195.0,235.17,-166.58,0,1,DINEIN1,1,False,0.0,0,False,17:54:10.657,2025-09-04,0.0,False,1,0.0,DINEIN1,0.0,0,0,-99.99,-10000000000,<NA>,0.0,0,17399,0,0,0,17:54:10.657,0.0,1,0,0.0,0,0,0,17:54:10.657,17:54:10.657
83,Manam,Manam SM Cebu,17400,0.0,0.0,6,0,105539,2,3,<NA>,18:05:15.833,2025-09-04,18:05:15.833,2025-09-04,True,False,1295.0,1295.0,138.74,-98.28,0,1,DINEIN1,1,False,0.0,0,False,18:05:15.833,2025-09-04,0.0,False,1,0.0,DINEIN1,0.0,0,0,-99.99,-10000000000,<NA>,0.0,0,17400,0,0,0,18:05:15.833,0.0,1,0,0.0,0,0,0,18:05:15.833,18:05:15.833
83,Manam,Manam SM Cebu,17401,0.0,0.0,4,0,105539,3,3,<NA>,18:03:27.66,2025-09-04,18:03:27.66,2025-09-04,True,False,1125.0,1125.0,120.54,-85.38,0,1,DINEIN1,1,False,0.0,0,False,18:03:27.66,2025-09-04,0.0,False,1,0.0,DINEIN1,0.0,0,0,-99.99,-10000000000,<NA>,0.0,0,17401,0,0,0,18:03:27.66,0.0,1,0,0.0,0,0,0,18:03:27.66,18:03:27.66
83,Manam,Manam SM Cebu,17402,0.0,0.0,19,0,105539,5,1,<NA>,17:44:16.91,2025-09-04,17:44:16.91,2025-09-04,True,False,2960.79,2960.79,276.8928571428571,-235.33,0,1,DINEIN1,1,False,115.35,0,False,17:44:16.91,2025-09-04,0.0,False,1,0.0,DINEIN1,0.0,0,0,-99.99,-10000000000,<NA>,0.0,0,17402,0,0,0,17:44:16.91,0.0,1,0,0.0,0,0,0,17:44:16.91,17:44:16.91
83,Manam,Manam SM Cebu,17403,0.0,0.0,34,0,105539,4,3,<NA>,17:59:06.54,2025-09-04,17:59:06.54,2025-09-04,True,False,2245.0,2245.0,249.63,-176.83,0,1,DINEIN1,1,False,0.0,0,False,17:59:06.54,2025-09-04,0.0,False,1,0.0,DINEIN1,0.0,0,0,-99.99,-10000000000,<NA>,0.0,0,17403,0,0,0,17:59:06.54,0.0,1,0,0.0,0,0,0,17:59:06.54,17:59:06.54
83,Manam,Manam SM Cebu,17404,0.0,0.0,0,0,105539,0,1,<NA>,18:45:48.58,2025-09-04,18:45:48.58,2025-09-04,True,False,720.0,720.0,77.14,0.0,0,1,TAKEOUT,1,False,0.0,0,False,18:45:48.58,2025-09-04,0.0,False,1,0.0,TAKEOUT,0.0,0,0,-99.99,-10000000000,<NA>,0.0,0,17404,0,0,0,18:45:48.58,0.0,1,0,0.0,0,0,0,18:45:48.58,18:45:48.58
83,Manam,Manam SM Cebu,17405,0.0,0.0,0,0,105539,0,10,<NA>,18:52:42.637,2025-09-04,18:52:42.637,2025-09-04,True,False,455.0,455.0,48.75,0.0,0,1,FOODPANDA,1,False,0.0,0,False,18:52:42.637,2025-09-04,0.0,False,1,0.0,FOODPANDA,0.0,0,0,-99.99,-10000000000,<NA>,0.0,0,17405,0,0,0,18:52:42.637,0.0,1,0,0.0,0,0,0,18:52:42.637,18:52:42.637
83,Manam,Manam SM Cebu,17407,0.0,0.0,0,0,105539,0,12,<NA>,18:54:46.893,2025-09-04,18:54:46.893,2025-09-04,True,False,620.0,620.0,66.43,0.0,0,1,GRABFOOD,1,False,0.0,0,False,18:54:46.893,2025-09-04,0.0,False,1,0.0,GRABFOOD,0.0,0,0,-99.99,-10000000000,<NA>,0.0,0,17407,0,0,0,18:54:46.893,0.0,1,0,0.0,0,0,0,18:54:46.893,18:54:46.893
83,Manam,Manam SM Cebu,17408,0.0,0.0,41,0,105539,3,3,<NA>,18:00:37.913,2025-09-04,18:00:37.913,2025-09-04,True,False,1759.83,1759.83,130.36428571428573,-129.28,0,1,DINEIN1,1,False,108.63,0,False,18:00:37.913,2025-09-04,0.0,False,1,0.0,DINEIN1,0.0,0,0,-99.99,-10000000000,<NA>,0.0,0,17408,0,0,0,18:00:37.913,0.0,1,0,0.0,0,0,0,18:00:37.913,18:00:37.913
83,Manam,Manam SM Cebu,17409,0.0,0.0,45,0,105539,5,3,<NA>,18:12:51.137,2025-09-04,18:12:51.137,2025-09-04,True,False,2585.0,2585.0,305.89,-216.67,0,1,DINEIN1,1,False,0.0,0,False,18:12:51.137,2025-09-04,0.0,False,1,0.0,DINEIN1,0.0,0,0,-99.99,-10000000000,<NA>,0.0,0,17409,0,0,0,18:12:51.137,0.0,1,0,0.0,0,0,0,18:12:51.137,18:12:51.137
83,Manam,Manam SM Cebu,17410,0.0,0.0,11,0,105539,3,3,<NA>,18:23:14.01,2025-09-04,18:23:14.01,2025-09-04,True,False,2700.0,2700.0,289.28,-204.91,0,1,DINEIN1,1,False,0.0,0,False,18:23:14.01,2025-09-04,0.0,False,1,0.0,DINEIN1,0.0,0,0,-99.99,-10000000000,<NA>,0.0,0,17410,0,0,0,18:23:14.01,0.0,1,0,0.0,0,0,0,18:23:14.01,18:23:14.01
83,Manam,Manam SM Cebu,17411,0.0,0.0,0,0,105539,0,12,<NA>,19:06:38.41,2025-09-04,19:06:38.41,2025-09-04,True,False,1865.0,1865.0,199.82,0.0,0,1,GRABFOOD,1,False,0.0,0,False,19:06:38.41,2025-09-04,0.0,False,1,0.0,GRABFOOD,0.0,0,0,-99.99,-10000000000,<NA>,0.0,0,17411,0,0,0,19:06:38.41,0.0,1,0,0.0,0,0,0,19:06:38.41,19:06:38.41
83,Manam,Manam SM Cebu,17412,0.0,0.0,0,0,105539,0,12,<NA>,19:09:39.703,2025-09-04,19:09:39.703,2025-09-04,True,False,626.0,626.0,67.07,0.0,0,1,GRABFOOD,1,False,0.0,0,False,19:09:39.703,2025-09-04,0.0,False,1,0.0,GRABFOOD,0.0,0,0,-99.99,-10000000000,<NA>,0.0,0,17412,0,0,0,19:09:39.703,0.0,1,0,0.0,0,0,0,19:09:39.703,19:09:39.703
83,Manam,Manam SM Cebu,17413,0.0,0.0,50,0,105539,5,3,<NA>,18:25:02.457,2025-09-04,18:25:02.457,2025-09-04,True,False,1830.0,1830.0,196.08,-138.88,0,1,DINEIN1,1,False,0.0,0,False,18:25:02.457,2025-09-04,0.0,False,1,0.0,DINEIN1,0.0,0,0,-99.99,-10000000000,<NA>,0.0,0,17413,0,0,0,18:25:02.457,0.0,1,0,0.0,0,0,0,18:25:02.457,18:25:02.457
83,Manam,Manam SM Cebu,17414,0.0,0.0,1,0,105539,5,3,<NA>,17:08:12.76,2025-09-04,17:08:12.76,2025-09-04,True,False,3852.0,3852.0,94.49714285714285,-281.14,0,1,DINEIN1,1,False,630.0,0,False,17:08:12.76,2025-09-04,0.0,False,1,0.0,DINEIN1,0.0,0,0,-99.99,-10000000000,<NA>,0.0,0,17414,0,0,0,17:08:12.76,0.0,1,0,0.0,0,0,0,17:08:12.76,17:08:12.76
83,Manam,Manam SM Cebu,17415,0.0,0.0,0,0,105539,0,10,<NA>,19:14:46.083,2025-09-04,19:14:46.083,2025-09-04,True,False,428.0,428.0,45.86,0.0,0,1,FOODPANDA,1,False,0.0,0,False,19:14:46.083,2025-09-04,0.0,False,1,0.0,FOODPANDA,0.0,0,0,-99.99,-10000000000,<NA>,0.0,0,17415,0,0,0,19:14:46.083,0.0,1,0,0.0,0,0,0,19:14:46.083,19:14:46.083
83,Manam,Manam SM Cebu,17416,0.0,0.0,0,0,105539,0,12,GRABPWD 60,19:15:32.813,2025-09-04,19:15:32.813,2025-09-04,True,False,200.0,200.0,15.0,0.0,0,1,GRABFOOD,1,False,60.0,0,False,19:15:32.813,2025-09-04,0.0,False,1,0.0,GRABFOOD,0.0,0,0,-99.99,-10000000000,<NA>,0.0,0,17416,0,0,0,19:15:32.813,0.0,1,0,0.0,0,0,0,19:15:32.813,19:15:32.813
83,Manam,Manam SM Cebu,17417,0.0,0.0,15,0,105539,2,3,<NA>,18:14:11.107,2025-09-04,18:14:11.107,2025-09-04,True,False,2155.0,2155.0,246.97,-174.93,0,1,DINEIN1,1,False,0.0,0,False,18:14:11.107,2025-09-04,0.0,False,1,0.0,DINEIN1,0.0,0,0,-99.99,-10000000000,<NA>,0.0,0,17417,0,0,0,18:14:11.107,0.0,1,0,0.0,0,0,0,18:14:11.107,18:14:11.107
83,Manam,Manam SM Cebu,17418,0.0,0.0,51,0,105539,8,3,<NA>,18:36:14.913,2025-09-04,18:36:14.913,2025-09-04,True,False,4950.0,4950.0,1000.19,-708.46,0,1,DINEIN1,1,False,0.0,0,False,18:36:14.913,2025-09-04,0.0,False,1,0.0,DINEIN1,0.0,0,0,-99.99,-10000000000,<NA>,0.0,0,17418,0,0,0,18:36:14.913,0.0,1,0,0.0,0,0,0,18:36:14.913,18:36:14.913
83,Manam,Manam SM Cebu,17419,0.0,0.0,0,0,105539,0,10,<NA>,19:24:26.467,2025-09-04,19:24:26.467,2025-09-04,True,False,200.0,200.0,21.43,0.0,0,1,FOODPANDA,1,False,0.0,0,False,19:24:26.467,2025-09-04,0.0,False,1,0.0,FOODPANDA,0.0,0,0,-99.99,-10000000000,<NA>,0.0,0,17419,0,0,0,19:24:26.467,0.0,1,0,0.0,0,0,0,19:24:26.467,19:24:26.467
83,Manam,Manam SM Cebu,17420,0.0,0.0,10,0,105539,3,3,<NA>,18:55:09.51,2025-09-04,18:55:09.51,2025-09-04,True,False,910.0,910.0,35.002857142857145,-64.46,0,1,DINEIN1,1,False,116.66,0,False,18:55:09.51,2025-09-04,0.0,False,1,0.0,DINEIN1,0.0,0,0,-99.99,-10000000000,<NA>,0.0,0,17420,0,0,0,18:55:09.51,0.0,1,0,0.0,0,0,0,18:55:09.51,18:55:09.51
83,Manam,Manam SM Cebu,17421,0.0,0.0,0,0,105539,0,12,<NA>,19:33:12.64,2025-09-04,19:33:12.64,2025-09-04,True,False,1710.0,1710.0,183.21,0.0,0,1,GRABFOOD,1,False,0.0,0,False,19:33:12.64,2025-09-04,0.0,False,1,0.0,GRABFOOD,0.0,0,0,-99.99,-10000000000,<NA>,0.0,0,17421,0,0,0,19:33:12.64,0.0,1,0,0.0,0,0,0,19:33:12.64,19:33:12.64
83,Manam,Manam SM Cebu,17422,0.0,0.0,21,0,105539,9,3,<NA>,18:09:38.003,2025-09-04,18:09:38.003,2025-09-04,True,False,4026.7,4026.7,693.7385714285714,-539.85,0,1,DINEIN1,1,False,144.34,0,False,18:09:38.003,2025-09-04,0.0,False,1,0.0,DINEIN1,0.0,0,0,-99.99,-10000000000,<NA>,0.0,0,17422,0,0,0,18:09:38.003,0.0,1,0,0.0,0,0,0,18:09:38.003,18:09:38.003
83,Manam,Manam SM Cebu,17423,0.0,0.0,0,0,105539,0,12,<NA>,19:42:01.523,2025-09-04,19:42:01.523,2025-09-04,True,False,610.0,610.0,65.36,0.0,0,1,FOODPANDA,1,False,0.0,0,False,19:42:01.523,2025-09-04,0.0,False,1,0.0,FOODPANDA,0.0,0,0,-99.99,-10000000000,<NA>,0.0,0,17423,0,0,0,19:42:01.523,0.0,1,0,0.0,0,0,0,19:42:01.523,19:42:01.523
83,Manam,Manam SM Cebu,17424,0.0,0.0,9,0,105539,6,3,<NA>,18:51:40.03,2025-09-04,18:51:40.03,2025-09-04,True,False,4555.0,4555.0,540.53,-382.88,0,1,DINEIN1,1,False,0.0,0,False,18:51:40.03,2025-09-04,0.0,False,1,0.0,DINEIN1,0.0,0,0,-99.99,-10000000000,<NA>,0.0,0,17424,0,0,0,18:51:40.03,0.0,1,0,0.0,0,0,0,18:51:40.03,18:51:40.03
83,Manam,Manam SM Cebu,17425,0.0,0.0,0,0,105539,0,1,<NA>,11:31:56.92,2025-09-04,11:31:56.92,2025-09-04,True,False,0.0,0.0,0.0,0.0,0,1,ZR-TRAINING,1,False,0.0,0,False,11:31:56.92,2025-09-04,0.0,False,1,0.0,ZR-TRAINING,0.0,0,0,-99.99,-10000000000,<NA>,0.0,0,17425,0,0,0,11:31:56.92,0.0,1,0,0.0,0,0,0,11:31:56.92,11:31:56.92
83,Manam,Manam SM Cebu,17426,0.0,0.0,50,0,105539,5,3,<NA>,19:13:33.743,2025-09-04,19:13:33.743,2025-09-04,True,False,1990.0,1990.0,213.22,-151.03,0,1,DINEIN1,1,False,0.0,0,False,19:13:33.743,2025-09-04,0.0,False,1,0.0,DINEIN1,0.0,0,0,-99.99,-10000000000,<NA>,0.0,0,17426,0,0,0,19:13:33.743,0.0,1,0,0.0,0,0,0,19:13:33.743,19:13:33.743
83,Manam,Manam SM Cebu,17427,0.0,0.0,26,0,105539,4,3,<NA>,18:41:58.453,2025-09-04,18:41:58.453,2025-09-04,True,False,2840.17,2840.17,171.62571428571428,-216.52,0,1,DINEIN1,1,False,283.03,0,False,18:41:58.453,2025-09-04,0.0,False,1,0.0,DINEIN1,0.0,0,0,-99.99,-10000000000,<NA>,0.0,0,17427,0,0,0,18:41:58.453,0.0,1,0,0.0,0,0,0,18:41:58.453,18:41:58.453
83,Manam,Manam SM Cebu,17428,0.0,0.0,0,0,105539,0,10,<NA>,20:01:18.2,2025-09-04,20:01:18.2,2025-09-04,True,False,1530.0,1530.0,163.93,0.0,0,1,FOODPANDA,1,False,0.0,0,False,20:01:18.2,2025-09-04,0.0,False,1,0.0,FOODPANDA,0.0,0,0,-99.99,-10000000000,<NA>,0.0,0,17428,0,0,0,20:01:18.2,0.0,1,0,0.0,0,0,0,20:01:18.2,20:01:18.2
83,Manam,Manam SM Cebu,17429,0.0,0.0,20,0,105539,2,3,<NA>,18:41:51.177,2025-09-04,18:41:51.177,2025-09-04,True,False,1093.12,1093.12,61.87142857142857,-78.89,0,1,DINEIN1,1,False,103.13,0,False,18:41:51.177,2025-09-04,0.0,False,1,0.0,DINEIN1,0.0,0,0,-99.99,-10000000000,<NA>,0.0,0,17429,0,0,0,18:41:51.177,0.0,1,0,0.0,0,0,0,18:41:51.177,18:41:51.177
83,Manam,Manam SM Cebu,17430,0.0,0.0,0,0,105539,0,1,<NA>,20:04:28.62,2025-09-04,20:04:28.62,2025-09-04,True,False,0.0,0.0,0.0,0.0,0,1,ZR-COMP +,1,False,0.0,0,False,20:04:28.62,2025-09-04,0.0,False,1,0.0,ZR-COMP +,0.0,0,0,-99.99,-10000000000,<NA>,0.0,0,17430,0,0,0,20:04:28.62,0.0,1,0,0.0,0,0,0,20:04:28.62,20:04:28.62
83,Manam,Manam SM Cebu,17431,0.0,0.0,19,0,105539,5,3,<NA>,18:58:01.53,2025-09-04,18:58:01.53,2025-09-04,True,False,3274.85,3274.85,234.27714285714285,-252.75,0,1,DINEIN1,1,False,258.57,0,False,18:58:01.53,2025-09-04,0.0,False,1,0.0,DINEIN1,0.0,0,0,-99.99,-10000000000,<NA>,0.0,0,17431,0,0,0,18:58:01.53,0.0,1,0,0.0,0,0,0,18:58:01.53,18:58:01.53
83,Manam,Manam SM Cebu,17432,0.0,0.0,14,0,105539,5,1,<NA>,19:23:25.89,2025-09-04,19:23:25.89,2025-09-04,True,False,1895.0,1895.0,203.03,-143.82,0,1,DINEIN1,1,False,0.0,0,False,19:23:25.89,2025-09-04,0.0,False,1,0.0,DINEIN1,0.0,0,0,-99.99,-10000000000,<NA>,0.0,0,17432,0,0,0,19:23:25.89,0.0,1,0,0.0,0,0,0,19:23:25.89,19:23:25.89
83,Manam,Manam SM Cebu,17433,0.0,0.0,0,0,105539,0,12,<NA>,20:10:51.193,2025-09-04,20:10:51.193,2025-09-04,True,False,278.0,278.0,29.79,0.0,0,1,GRABFOOD,1,False,0.0,0,False,20:10:51.193,2025-09-04,0.0,False,1,0.0,GRABFOOD,0.0,0,0,-99.99,-10000000000,<NA>,0.0,0,17433,0,0,0,20:10:51.193,0.0,1,0,0.0,0,0,0,20:10:51.193,20:10:51.193
83,Manam,Manam SM Cebu,17435,0.0,0.0,51,0,105539,3,3,<NA>,19:32:11.027,2025-09-04,19:32:11.027,2025-09-04,True,False,1490.0,1490.0,159.65,-113.08,0,1,DINEIN1,1,False,0.0,0,False,19:32:11.027,2025-09-04,0.0,False,1,0.0,DINEIN1,0.0,0,0,-99.99,-10000000000,<NA>,0.0,0,17435,0,0,0,19:32:11.027,0.0,1,0,0.0,0,0,0,19:32:11.027,19:32:11.027
83,Manam,Manam SM Cebu,17436,0.0,0.0,11,0,105539,3,1,<NA>,19:08:10.94,2025-09-04,19:08:10.94,2025-09-04,True,False,1535.0,1535.0,204.12,-144.58,0,1,DINEIN1,1,False,0.0,0,False,19:08:10.94,2025-09-04,0.0,False,1,0.0,DINEIN1,0.0,0,0,-99.99,-10000000000,<NA>,0.0,0,17436,0,0,0,19:08:10.94,0.0,1,0,0.0,0,0,0,19:08:10.94,19:08:10.94
83,Manam,Manam SM Cebu,17438,0.0,0.0,0,0,105539,0,12,<NA>,20:18:14.873,2025-09-04,20:18:14.873,2025-09-04,True,False,1975.0,1975.0,211.6,0.0,0,1,GRABFOOD,1,False,0.0,0,False,20:18:14.873,2025-09-04,0.0,False,1,0.0,GRABFOOD,0.0,0,0,-99.99,-10000000000,<NA>,0.0,0,17438,0,0,0,20:18:14.873,0.0,1,0,0.0,0,0,0,20:18:14.873,20:18:14.873
83,Manam,Manam SM Cebu,17439,0.0,0.0,10,0,105539,2,1,<NA>,19:35:25.233,2025-09-04,19:35:25.233,2025-09-04,True,False,2763.4,2763.4,0.0,-193.07,0,1,DINEIN1,1,False,567.86,0,False,19:35:25.233,2025-09-04,0.0,False,1,0.0,DINEIN1,0.0,0,0,-99.99,-10000000000,<NA>,0.0,0,17439,0,0,0,19:35:25.233,0.0,1,0,0.0,0,0,0,19:35:25.233,19:35:25.233
83,Manam,Manam SM Cebu,17440,0.0,0.0,52,0,105539,3,1,<NA>,19:34:31.18,2025-09-04,19:34:31.18,2025-09-04,True,False,2812.51,2812.51,0.0,-191.25,0,1,DINEIN1,1,False,562.51,0,False,19:34:31.18,2025-09-04,0.0,False,1,0.0,DINEIN1,0.0,0,0,-99.99,-10000000000,<NA>,0.0,0,17440,0,0,0,19:34:31.18,0.0,1,0,0.0,0,0,0,19:34:31.18,19:34:31.18
83,Manam,Manam SM Cebu,17442,0.0,0.0,1,0,105539,8,3,<NA>,19:24:18.457,2025-09-04,19:24:18.457,2025-09-04,True,False,5165.4,5165.4,450.65428571428566,-402.67,0,1,DINEIN1,1,False,249.33,0,False,19:24:18.457,2025-09-04,0.0,False,1,0.0,DINEIN1,0.0,0,0,-99.99,-10000000000,<NA>,0.0,0,17442,0,0,0,19:24:18.457,0.0,1,0,0.0,0,0,0,19:24:18.457,19:24:18.457
83,Manam,Manam SM Cebu,17443,0.0,0.0,45,0,105539,2,3,<NA>,19:59:33.307,2025-09-04,19:59:33.307,2025-09-04,True,False,1680.0,1680.0,180.01,-127.5,0,1,DINEIN1,1,False,0.0,0,False,19:59:33.307,2025-09-04,0.0,False,1,0.0,DINEIN1,0.0,0,0,-99.99,-10000000000,<NA>,0.0,0,17443,0,0,0,19:59:33.307,0.0,1,0,0.0,0,0,0,19:59:33.307,19:59:33.307
83,Manam,Manam SM Cebu,17444,0.0,0.0,28,0,105539,3,1,<NA>,19:02:15.587,2025-09-04,19:02:15.587,2025-09-04,True,False,3245.0,3245.0,362.14,-256.52,0,1,DINEIN1,1,False,0.0,0,False,19:02:15.587,2025-09-04,0.0,False,1,0.0,DINEIN1,0.0,0,0,-99.99,-10000000000,<NA>,0.0,0,17444,0,0,0,19:02:15.587,0.0,1,0,0.0,0,0,0,19:02:15.587,19:02:15.587
83,Manam,Manam SM Cebu,17445,0.0,0.0,4,0,105539,4,3,<NA>,19:53:01.497,2025-09-04,19:53:01.497,2025-09-04,True,False,2640.0,2640.0,314.99,-223.13,0,1,DINEIN1,1,False,0.0,0,False,19:53:01.497,2025-09-04,0.0,False,1,0.0,DINEIN1,0.0,0,0,-99.99,-10000000000,<NA>,0.0,0,17445,0,0,0,19:53:01.497,0.0,1,0,0.0,0,0,0,19:53:01.497,19:53:01.497
83,Manam,Manam SM Cebu,17446,0.0,0.0,9,0,105539,4,3,<NA>,19:50:00.7,2025-09-04,19:50:00.7,2025-09-04,True,False,2583.75,2583.75,146.25285714285715,-186.47,0,1,DINEIN1,1,False,243.74,0,False,19:50:00.7,2025-09-04,0.0,False,1,0.0,DINEIN1,0.0,0,0,-99.99,-10000000000,<NA>,0.0,0,17446,0,0,0,19:50:00.7,0.0,1,0,0.0,0,0,0,19:50:00.7,19:50:00.7
83,Manam,Manam SM Cebu,17447,0.0,0.0,21,0,105539,13,3,<NA>,19:37:01.187,2025-09-04,19:37:01.187,2025-09-04,True,False,3120.17,3120.17,719.2614285714286,-541.01,0,1,DINEIN1,1,False,99.45,0,False,19:37:01.187,2025-09-04,0.0,False,1,0.0,DINEIN1,0.0,0,0,-99.99,-10000000000,<NA>,0.0,0,17447,0,0,0,19:37:01.187,0.0,1,0,0.0,0,0,0,19:37:01.187,19:37:01.187
83,Manam,Manam SM Cebu,17448,0.0,0.0,30,0,105539,20,3,<NA>,18:38:06.127,2025-09-04,18:38:06.127,2025-09-04,True,False,6751.63,6751.63,1811.3642857142856,-1624.37,0,1,DINEIN1,1,False,1005.8,0,False,18:38:06.127,2025-09-04,0.0,False,1,0.0,DINEIN1,0.0,0,0,-99.99,-10000000000,<NA>,0.0,0,17448,0,0,0,18:38:06.127,0.0,1,0,0.0,0,0,0,18:38:06.127,18:38:06.127
83,Manam,Manam SM Cebu,17449,0.0,0.0,51,0,105539,2,3,<NA>,20:18:51.823,2025-09-04,20:18:51.823,2025-09-04,True,False,2616.0699999999997,2616.0699999999997,0.0,-211.89,0,1,DINEIN1,1,False,623.22,0,False,20:18:51.823,2025-09-04,0.0,False,1,0.0,DINEIN1,0.0,0,0,-99.99,-10000000000,<NA>,0.0,0,17449,0,0,0,20:18:51.823,0.0,1,0,0.0,0,0,0,20:18:51.823,20:18:51.823
83,Manam,Manam SM Cebu,17450,0.0,0.0,0,0,105539,0,1,<NA>,20:58:45.653,2025-09-04,20:58:45.653,2025-09-04,True,False,0.0,0.0,0.0,0.0,0,1,ZR-COMP +,1,False,0.0,0,False,20:58:45.653,2025-09-04,0.0,False,1,0.0,ZR-COMP +,0.0,0,0,-99.99,-10000000000,<NA>,0.0,0,17450,0,0,0,20:58:45.653,0.0,1,0,0.0,0,0,0,20:58:45.653,20:58:45.653
83,Manam,Manam SM Cebu,17451,0.0,0.0,0,0,105539,0,1,<NA>,21:07:33.077,2025-09-04,21:07:33.077,2025-09-04,True,False,0.0,0.0,0.0,0.0,0,1,ZR-COMP +,1,False,0.0,0,False,21:07:33.077,2025-09-04,0.0,False,1,0.0,ZR-COMP +,0.0,0,0,-99.99,-10000000000,<NA>,0.0,0,17451,0,0,0,21:07:33.077,0.0,1,0,0.0,0,0,0,21:07:33.077,21:07:33.077
83,Manam,Manam SM Cebu,17452,0.0,0.0,14,0,105539,6,1,<NA>,20:17:29.047,2025-09-04,20:17:29.047,2025-09-04,True,False,3645.0,3645.0,468.74,-332.03,0,1,DINEIN1,1,False,0.0,0,False,20:17:29.047,2025-09-04,0.0,False,1,0.0,DINEIN1,0.0,0,0,-99.99,-10000000000,<NA>,0.0,0,17452,0,0,0,20:17:29.047,0.0,1,0,0.0,0,0,0,20:17:29.047,20:17:29.047
83,Manam,Manam SM Cebu,17453,0.0,0.0,19,0,105539,5,3,<NA>,20:22:56.537,2025-09-04,20:22:56.537,2025-09-04,True,False,2735.0,2735.0,302.14,-214.02,0,1,DINEIN1,1,False,0.0,0,False,20:22:56.537,2025-09-04,0.0,False,1,0.0,DINEIN1,0.0,0,0,-99.99,-10000000000,<NA>,0.0,0,17453,0,0,0,20:22:56.537,0.0,1,0,0.0,0,0,0,20:22:56.537,20:22:56.537
83,Manam,Manam SM Cebu,17454,0.0,0.0,26,0,105539,2,1,<NA>,20:32:27.3,2025-09-04,20:32:27.3,2025-09-04,True,False,901.79,901.79,0.0,-61.32,0,1,DINEIN1,1,False,180.36,0,False,20:32:27.3,2025-09-04,0.0,False,1,0.0,DINEIN1,0.0,0,0,-99.99,-10000000000,<NA>,0.0,0,17454,0,0,0,20:32:27.3,0.0,1,0,0.0,0,0,0,20:32:27.3,20:32:27.3
83,Manam,Manam SM Cebu,17455,0.0,0.0,50,0,105539,7,1,<NA>,19:55:09.29,2025-09-04,19:55:09.29,2025-09-04,True,False,4630.0,4630.0,515.89,-365.42,0,1,DINEIN1,1,False,0.0,0,False,19:55:09.29,2025-09-04,0.0,False,1,0.0,DINEIN1,0.0,0,0,-99.99,-10000000000,<NA>,0.0,0,17455,0,0,0,19:55:09.29,0.0,1,0,0.0,0,0,0,19:55:09.29,19:55:09.29
83,Manam,Manam SM Cebu,17456,0.0,0.0,3,0,105539,3,3,<NA>,20:44:06.54,2025-09-04,20:44:06.54,2025-09-04,True,False,1841.78,1841.78,136.42285714285714,-135.29,0,1,DINEIN1,1,False,113.69,0,False,20:44:06.54,2025-09-04,0.0,False,1,0.0,DINEIN1,0.0,0,0,-99.99,-10000000000,<NA>,0.0,0,17456,0,0,0,20:44:06.54,0.0,1,0,0.0,0,0,0,20:44:06.54,20:44:06.54
83,Manam,Manam SM Cebu,17458,0.0,0.0,1,0,105539,3,3,<NA>,20:43:16.533,2025-09-04,20:43:16.533,2025-09-04,True,False,1528.3899999999999,1528.3899999999999,113.21142857142856,-112.27,0,1,DINEIN1,1,False,94.34,0,False,20:43:16.533,2025-09-04,0.0,False,1,0.0,DINEIN1,0.0,0,0,-99.99,-10000000000,<NA>,0.0,0,17458,0,0,0,20:43:16.533,0.0,1,0,0.0,0,0,0,20:43:16.533,20:43:16.533
83,Manam,Manam SM Cebu,17459,0.0,0.0,11,0,105539,4,3,<NA>,20:25:24.147,2025-09-04,20:25:24.147,2025-09-04,True,False,2205.0,2205.0,236.25,-167.34,0,1,DINEIN1,1,False,0.0,0,False,20:25:24.147,2025-09-04,0.0,False,1,0.0,DINEIN1,0.0,0,0,-99.99,-10000000000,<NA>,0.0,0,17459,0,0,0,20:25:24.147,0.0,1,0,0.0,0,0,0,20:25:24.147,20:25:24.147
83,Manam,Manam SM Cebu,17460,0.0,0.0,10,0,105539,5,3,<NA>,20:33:02.59,2025-09-04,20:33:02.59,2025-09-04,True,False,2190.0,2190.0,234.64,-166.21,0,1,DINEIN1,1,False,0.0,0,False,20:33:02.59,2025-09-04,0.0,False,1,0.0,DINEIN1,0.0,0,0,-99.99,-10000000000,<NA>,0.0,0,17460,0,0,0,20:33:02.59,0.0,1,0,0.0,0,0,0,20:33:02.59,20:33:02.59
83,Manam,Manam SM Cebu,17467,0.0,0.0,0,0,102267,0,1,<NA>,08:06:25,2025-09-05,08:06:25,2025-09-05,True,False,0.0,0.0,0.0,0.0,0,1,ZR-TRAINING,1,False,0.0,0,False,08:06:25,2025-09-05,0.0,False,1,0.0,ZR-TRAINING,0.0,0,0,-99.99,-10000000000,<NA>,0.0,0,17467,0,0,0,08:06:25,0.0,1,0,0.0,0,0,0,08:06:25,08:06:25
83,Manam,Manam SM Cebu,17468,0.0,0.0,0,0,102267,0,12,<NA>,10:25:48.733,2025-09-05,10:25:48.733,2025-09-05,True,False,463.0,463.0,49.61,0.0,0,1,GRABFOOD,1,False,0.0,0,False,10:25:48.733,2025-09-05,0.0,False,1,0.0,GRABFOOD,0.0,0,0,-99.99,-10000000000,<NA>,0.0,0,17468,0,0,0,10:25:48.733,0.0,1,0,0.0,0,0,0,10:25:48.733,10:25:48.733
83,Manam,Manam SM Cebu,17469,0.0,0.0,0,0,102267,0,12,<NA>,10:28:50.407,2025-09-05,10:28:50.407,2025-09-05,True,False,460.0,460.0,49.29,0.0,0,1,GRABFOOD,1,False,0.0,0,False,10:28:50.407,2025-09-05,0.0,False,1,0.0,GRABFOOD,0.0,0,0,-99.99,-10000000000,<NA>,0.0,0,17469,0,0,0,10:28:50.407,0.0,1,0,0.0,0,0,0,10:28:50.407,10:28:50.407
83,Manam,Manam SM Cebu,17470,0.0,0.0,0,0,102267,0,10,<NA>,10:30:22.053,2025-09-05,10:30:22.053,2025-09-05,True,False,666.0,666.0,71.36,0.0,0,1,FOODPANDA,1,False,0.0,0,False,10:30:22.053,2025-09-05,0.0,False,1,0.0,FOODPANDA,0.0,0,0,-99.99,-10000000000,<NA>,0.0,0,17470,0,0,0,10:30:22.053,0.0,1,0,0.0,0,0,0,10:30:22.053,10:30:22.053
83,Manam,Manam SM Cebu,17471,0.0,0.0,0,0,102267,0,12,<NA>,10:34:03.8,2025-09-05,10:34:03.8,2025-09-05,True,False,268.0,268.0,258.43,0.0,0,1,GRABFOOD,1,False,0.0,0,False,10:34:03.8,2025-09-05,0.0,False,1,0.0,GRABFOOD,0.0,0,0,-99.99,-10000000000,<NA>,0.0,0,17471,0,0,0,10:34:03.8,0.0,1,0,0.0,0,0,0,10:34:03.8,10:34:03.8
83,Manam,Manam SM Cebu,17472,0.0,0.0,0,0,102267,0,12,<NA>,10:36:57.46,2025-09-05,10:36:57.46,2025-09-05,True,False,268.0,268.0,229.71,0.0,0,1,GRABFOOD,1,False,0.0,0,False,10:36:57.46,2025-09-05,0.0,False,1,0.0,GRABFOOD,0.0,0,0,-99.99,-10000000000,<NA>,0.0,0,17472,0,0,0,10:36:57.46,0.0,1,0,0.0,0,0,0,10:36:57.46,10:36:57.46
83,Manam,Manam SM Cebu,17473,0.0,0.0,0,0,102267,0,15,<NA>,10:41:00.343,2025-09-05,10:41:00.343,2025-09-05,True,False,2780.0,2780.0,297.86,0.0,0,1,MOFO,1,False,0.0,0,False,10:41:00.343,2025-09-05,0.0,False,1,0.0,MOFO,0.0,0,0,-99.99,-10000000000,<NA>,0.0,0,17473,0,0,0,10:41:00.343,0.0,1,0,0.0,0,0,0,10:41:00.343,10:41:00.343
83,Manam,Manam SM Cebu,17474,0.0,0.0,0,0,102267,0,12,<NA>,10:43:54.353,2025-09-05,10:43:54.353,2025-09-05,True,False,953.0,953.0,102.1,0.0,0,1,GRABFOOD,1,False,0.0,0,False,10:43:54.353,2025-09-05,0.0,False,1,0.0,GRABFOOD,0.0,0,0,-99.99,-10000000000,<NA>,0.0,0,17474,0,0,0,10:43:54.353,0.0,1,0,0.0,0,0,0,10:43:54.353,10:43:54.353
83,Manam,Manam SM Cebu,17475,0.0,0.0,0,0,102267,0,12,<NA>,10:46:22.273,2025-09-05,10:46:22.273,2025-09-05,True,False,400.0,400.0,42.86,0.0,0,1,GRABFOOD,1,False,0.0,0,False,10:46:22.273,2025-09-05,0.0,False,1,0.0,GRABFOOD,0.0,0,0,-99.99,-10000000000,<NA>,0.0,0,17475,0,0,0,10:46:22.273,0.0,1,0,0.0,0,0,0,10:46:22.273,10:46:22.273
83,Manam,Manam SM Cebu,17476,0.0,0.0,0,0,102267,0,12,<NA>,10:48:35.727,2025-09-05,10:48:35.727,2025-09-05,True,False,655.0,655.0,70.18,0.0,0,1,GRABFOOD,1,False,0.0,0,False,10:48:35.727,2025-09-05,0.0,False,1,0.0,GRABFOOD,0.0,0,0,-99.99,-10000000000,<NA>,0.0,0,17476,0,0,0,10:48:35.727,0.0,1,0,0.0,0,0,0,10:48:35.727,10:48:35.727
83,Manam,Manam SM Cebu,17477,0.0,0.0,0,0,102267,0,12,<NA>,10:52:00.977,2025-09-05,10:52:00.977,2025-09-05,True,False,255.0,255.0,27.32,0.0,0,1,GRABFOOD,1,False,0.0,0,False,10:52:00.977,2025-09-05,0.0,False,1,0.0,GRABFOOD,0.0,0,0,-99.99,-10000000000,<NA>,0.0,0,17477,0,0,0,10:52:00.977,0.0,1,0,0.0,0,0,0,10:52:00.977,10:52:00.977
83,Manam,Manam SM Cebu,17478,0.0,0.0,20,0,102267,2,3,<NA>,10:16:42.367,2025-09-05,10:16:42.367,2025-09-05,True,False,1339.19,1339.19,75.8,-96.64,0,1,DINEIN1,1,False,126.34,0,False,10:16:42.367,2025-09-05,0.0,False,1,0.0,DINEIN1,0.0,0,0,-99.99,-10000000000,<NA>,0.0,0,17478,0,0,0,10:16:42.367,0.0,1,0,0.0,0,0,0,10:16:42.367,10:16:42.367
83,Manam,Manam SM Cebu,17479,0.0,0.0,0,0,102267,0,12,<NA>,10:58:28.193,2025-09-05,10:58:28.193,2025-09-05,True,False,505.0,505.0,54.11,0.0,0,1,GRABFOOD,1,False,0.0,0,False,10:58:28.193,2025-09-05,0.0,False,1,0.0,GRABFOOD,0.0,0,0,-99.99,-10000000000,<NA>,0.0,0,17479,0,0,0,10:58:28.193,0.0,1,0,0.0,0,0,0,10:58:28.193,10:58:28.193
83,Manam,Manam SM Cebu,17480,0.0,0.0,0,0,102267,0,12,<NA>,11:03:35.35,2025-09-05,11:03:35.35,2025-09-05,True,False,1029.0,1029.0,110.25,0.0,0,1,GRABFOOD,1,False,0.0,0,False,11:03:35.35,2025-09-05,0.0,False,1,0.0,GRABFOOD,0.0,0,0,-99.99,-10000000000,<NA>,0.0,0,17480,0,0,0,11:03:35.35,0.0,1,0,0.0,0,0,0,11:03:35.35,11:03:35.35
83,Manam,Manam SM Cebu,17481,0.0,0.0,28,0,102267,3,3,<NA>,10:17:39.387,2025-09-05,10:17:39.387,2025-09-05,True,False,2042.8600000000001,2042.8600000000001,78.57142857142857,-144.7,0,1,DINEIN1,1,False,261.9,0,False,10:17:39.387,2025-09-05,0.0,False,1,0.0,DINEIN1,0.0,0,0,-99.99,-10000000000,<NA>,0.0,0,17481,0,0,0,10:17:39.387,0.0,1,0,0.0,0,0,0,10:17:39.387,10:17:39.387
83,Manam,Manam SM Cebu,17482,0.0,0.0,0,0,102267,0,10,<NA>,11:11:35.043,2025-09-05,11:11:35.043,2025-09-05,True,False,905.0,905.0,113.57,0.0,0,1,FOODPANDA,1,False,0.0,0,False,11:11:35.043,2025-09-05,0.0,False,1,0.0,FOODPANDA,0.0,0,0,-99.99,-10000000000,<NA>,0.0,0,17482,0,0,0,11:11:35.043,0.0,1,0,0.0,0,0,0,11:11:35.043,11:11:35.043
83,Manam,Manam SM Cebu,17484,0.0,0.0,0,0,102267,0,10,<NA>,11:27:23.267,2025-09-05,11:27:23.267,2025-09-05,True,False,235.0,235.0,25.18,0.0,0,1,FOODPANDA,1,False,0.0,0,False,11:27:23.267,2025-09-05,0.0,False,1,0.0,FOODPANDA,0.0,0,0,-99.99,-10000000000,<NA>,0.0,0,17484,0,0,0,11:27:23.267,0.0,1,0,0.0,0,0,0,11:27:23.267,11:27:23.267
83,Manam,Manam SM Cebu,17485,0.0,0.0,50,0,102267,7,3,<NA>,10:19:40.803,2025-09-05,10:19:40.803,2025-09-05,True,False,3450.91,3450.91,0.0,-261.98,0,1,DINEIN1,1,False,770.54,0,False,10:19:40.803,2025-09-05,0.0,False,1,0.0,DINEIN1,0.0,0,0,-99.99,-10000000000,<NA>,0.0,0,17485,0,0,0,10:19:40.803,0.0,1,0,0.0,0,0,0,10:19:40.803,10:19:40.803
83,Manam,Manam SM Cebu,17486,0.0,0.0,0,0,102267,0,12,<NA>,11:40:16.683,2025-09-05,11:40:16.683,2025-09-05,True,False,1405.0,1405.0,150.53,0.0,0,1,GRABFOOD,1,False,0.0,0,False,11:40:16.683,2025-09-05,0.0,False,1,0.0,GRABFOOD,0.0,0,0,-99.99,-10000000000,<NA>,0.0,0,17486,0,0,0,11:40:16.683,0.0,1,0,0.0,0,0,0,11:40:16.683,11:40:16.683
83,Manam,Manam SM Cebu,17487,0.0,0.0,0,0,102267,0,12,<NA>,11:43:37.407,2025-09-05,11:43:37.407,2025-09-05,True,False,626.0,626.0,67.07,0.0,0,1,GRABFOOD,1,False,0.0,0,False,11:43:37.407,2025-09-05,0.0,False,1,0.0,GRABFOOD,0.0,0,0,-99.99,-10000000000,<NA>,0.0,0,17487,0,0,0,11:43:37.407,0.0,1,0,0.0,0,0,0,11:43:37.407,11:43:37.407
83,Manam,Manam SM Cebu,17488,0.0,0.0,23,0,102267,5,1,<NA>,10:59:28.817,2025-09-05,10:59:28.817,2025-09-05,True,False,3475.0,3475.0,419.47,-297.12,0,1,DINEIN1,1,False,0.0,0,False,10:59:28.817,2025-09-05,0.0,False,1,0.0,DINEIN1,0.0,0,0,-99.99,-10000000000,<NA>,0.0,0,17488,0,0,0,10:59:28.817,0.0,1,0,0.0,0,0,0,10:59:28.817,10:59:28.817
83,Manam,Manam SM Cebu,17489,0.0,0.0,0,0,102267,0,12,<NA>,11:50:39.07,2025-09-05,11:50:39.07,2025-09-05,True,False,603.0,603.0,93.32,0.0,0,1,GRABFOOD,1,False,0.0,0,False,11:50:39.07,2025-09-05,0.0,False,1,0.0,GRABFOOD,0.0,0,0,-99.99,-10000000000,<NA>,0.0,0,17489,0,0,0,11:50:39.07,0.0,1,0,0.0,0,0,0,11:50:39.07,11:50:39.07
83,Manam,Manam SM Cebu,17490,0.0,0.0,51,0,102267,5,3,<NA>,10:55:20.683,2025-09-05,10:55:20.683,2025-09-05,True,False,3958.1,3958.1,185.78142857142856,-289.52,0,1,DINEIN1,1,False,464.47,0,False,10:55:20.683,2025-09-05,0.0,False,1,0.0,DINEIN1,0.0,0,0,-99.99,-10000000000,<NA>,0.0,0,17490,0,0,0,10:55:20.683,0.0,1,0,0.0,0,0,0,10:55:20.683,10:55:20.683
83,Manam,Manam SM Cebu,17491,0.0,0.0,0,0,102267,0,12,<NA>,11:53:52.57,2025-09-05,11:53:52.57,2025-09-05,True,False,305.0,305.0,32.68,0.0,0,1,GRABFOOD,1,False,0.0,0,False,11:53:52.57,2025-09-05,0.0,False,1,0.0,GRABFOOD,0.0,0,0,-99.99,-10000000000,<NA>,0.0,0,17491,0,0,0,11:53:52.57,0.0,1,0,0.0,0,0,0,11:53:52.57,11:53:52.57
83,Manam,Manam SM Cebu,17492,0.0,0.0,0,0,102267,0,12,<NA>,11:54:56.873,2025-09-05,11:54:56.873,2025-09-05,True,False,315.0,315.0,33.75,0.0,0,1,GRABFOOD,1,False,0.0,0,False,11:54:56.873,2025-09-05,0.0,False,1,0.0,GRABFOOD,0.0,0,0,-99.99,-10000000000,<NA>,0.0,0,17492,0,0,0,11:54:56.873,0.0,1,0,0.0,0,0,0,11:54:56.873,11:54:56.873
83,Manam,Manam SM Cebu,17493,0.0,0.0,5,0,102267,9,3,<NA>,11:13:03.447,2025-09-05,11:13:03.447,2025-09-05,True,False,2862.1800000000003,2862.1800000000003,442.38428571428574,-344.69,0,1,DINEIN1,1,False,92.16,0,False,11:13:03.447,2025-09-05,0.0,False,1,0.0,DINEIN1,0.0,0,0,-99.99,-10000000000,<NA>,0.0,0,17493,0,0,0,11:13:03.447,0.0,1,0,0.0,0,0,0,11:13:03.447,11:13:03.447
83,Manam,Manam SM Cebu,17494,0.0,0.0,0,0,108012,0,12,<NA>,11:53:13.357,2025-09-05,11:53:13.357,2025-09-05,True,False,1760.0,1760.0,188.57,0.0,0,1,GRABFOOD,1,False,0.0,0,False,11:53:13.357,2025-09-05,0.0,False,1,0.0,GRABFOOD,0.0,0,0,-99.99,-10000000000,<NA>,0.0,0,17494,0,0,0,11:53:13.357,0.0,1,0,0.0,0,0,0,11:53:13.357,11:53:13.357
83,Manam,Manam SM Cebu,17495,0.0,0.0,0,0,102267,0,12,<NA>,11:55:27.64,2025-09-05,11:55:27.64,2025-09-05,True,False,670.0,670.0,71.79,0.0,0,1,GRABFOOD,1,False,0.0,0,False,11:55:27.64,2025-09-05,0.0,False,1,0.0,GRABFOOD,0.0,0,0,-99.99,-10000000000,<NA>,0.0,0,17495,0,0,0,11:55:27.64,0.0,1,0,0.0,0,0,0,11:55:27.64,11:55:27.64
83,Manam,Manam SM Cebu,17496,0.0,0.0,0,0,102267,0,12,<NA>,11:55:59.627,2025-09-05,11:55:59.627,2025-09-05,True,False,575.0,575.0,72.86,0.0,0,1,GRABFOOD,1,False,0.0,0,False,11:55:59.627,2025-09-05,0.0,False,1,0.0,GRABFOOD,0.0,0,0,-99.99,-10000000000,<NA>,0.0,0,17496,0,0,0,11:55:59.627,0.0,1,0,0.0,0,0,0,11:55:59.627,11:55:59.627
83,Manam,Manam SM Cebu,17497,0.0,0.0,0,0,102267,0,12,<NA>,11:56:27.387,2025-09-05,11:56:27.387,2025-09-05,True,False,616.0,616.0,171.43,0.0,0,1,GRABFOOD,1,False,0.0,0,False,11:56:27.387,2025-09-05,0.0,False,1,0.0,GRABFOOD,0.0,0,0,-99.99,-10000000000,<NA>,0.0,0,17497,0,0,0,11:56:27.387,0.0,1,0,0.0,0,0,0,11:56:27.387,11:56:27.387
83,Manam,Manam SM Cebu,17498,0.0,0.0,0,0,102267,0,12,<NA>,11:57:30.34,2025-09-05,11:57:30.34,2025-09-05,True,False,603.0,603.0,64.61,0.0,0,1,GRABFOOD,1,False,0.0,0,False,11:57:30.34,2025-09-05,0.0,False,1,0.0,GRABFOOD,0.0,0,0,-99.99,-10000000000,<NA>,0.0,0,17498,0,0,0,11:57:30.34,0.0,1,0,0.0,0,0,0,11:57:30.34,11:57:30.34
83,Manam,Manam SM Cebu,17499,0.0,0.0,44,0,102267,2,3,<NA>,11:24:51.753,2025-09-05,11:24:51.753,2025-09-05,True,False,870.53,870.53,0.0,-64.36,0,1,DINEIN1,1,False,189.29,0,False,11:24:51.753,2025-09-05,0.0,False,1,0.0,DINEIN1,0.0,0,0,-99.99,-10000000000,<NA>,0.0,0,17499,0,0,0,11:24:51.753,0.0,1,0,0.0,0,0,0,11:24:51.753,11:24:51.753
83,Manam,Manam SM Cebu,17500,0.0,0.0,20,0,102267,4,1,<NA>,11:23:36.473,2025-09-05,11:23:36.473,2025-09-05,True,False,2156.25,2156.25,0.0,-146.63,0,1,DINEIN1,1,False,431.25,0,False,11:23:36.473,2025-09-05,0.0,False,1,0.0,DINEIN1,0.0,0,0,-99.99,-10000000000,<NA>,0.0,0,17500,0,0,0,11:23:36.473,0.0,1,0,0.0,0,0,0,11:23:36.473,11:23:36.473
83,Manam,Manam SM Cebu,17501,0.0,0.0,0,0,102267,0,12,<NA>,11:57:06.667,2025-09-05,11:57:06.667,2025-09-05,True,False,655.0,655.0,70.18,0.0,0,1,GRABFOOD,1,False,0.0,0,False,11:57:06.667,2025-09-05,0.0,False,1,0.0,GRABFOOD,0.0,0,0,-99.99,-10000000000,<NA>,0.0,0,17501,0,0,0,11:57:06.667,0.0,1,0,0.0,0,0,0,11:57:06.667,11:57:06.667
83,Manam,Manam SM Cebu,17502,0.0,0.0,1,0,102267,4,3,<NA>,11:26:28.947,2025-09-05,11:26:28.947,2025-09-05,True,False,2730.0,2730.0,305.34,-216.29,0,1,DINEIN1,1,False,0.0,0,False,11:26:28.947,2025-09-05,0.0,False,1,0.0,DINEIN1,0.0,0,0,-99.99,-10000000000,<NA>,0.0,0,17502,0,0,0,11:26:28.947,0.0,1,0,0.0,0,0,0,11:26:28.947,11:26:28.947
83,Manam,Manam SM Cebu,17503,0.0,0.0,0,0,102267,0,12,<NA>,12:11:36.827,2025-09-05,12:11:36.827,2025-09-05,True,False,556.0,556.0,59.57,0.0,0,1,GRABFOOD,1,False,0.0,0,False,12:11:36.827,2025-09-05,0.0,False,1,0.0,GRABFOOD,0.0,0,0,-99.99,-10000000000,<NA>,0.0,0,17503,0,0,0,12:11:36.827,0.0,1,0,0.0,0,0,0,12:11:36.827,12:11:36.827
83,Manam,Manam SM Cebu,17504,0.0,0.0,0,0,102267,0,12,<NA>,12:13:11.207,2025-09-05,12:13:11.207,2025-09-05,True,False,225.0,225.0,24.11,0.0,0,1,GRABFOOD,1,False,0.0,0,False,12:13:11.207,2025-09-05,0.0,False,1,0.0,GRABFOOD,0.0,0,0,-99.99,-10000000000,<NA>,0.0,0,17504,0,0,0,12:13:11.207,0.0,1,0,0.0,0,0,0,12:13:11.207,12:13:11.207
83,Manam,Manam SM Cebu,17505,0.0,0.0,0,0,102267,0,12,<NA>,12:14:11.843,2025-09-05,12:14:11.843,2025-09-05,True,False,1136.0,1136.0,121.71,0.0,0,1,GRABFOOD,1,False,0.0,0,False,12:14:11.843,2025-09-05,0.0,False,1,0.0,GRABFOOD,0.0,0,0,-99.99,-10000000000,<NA>,0.0,0,17505,0,0,0,12:14:11.843,0.0,1,0,0.0,0,0,0,12:14:11.843,12:14:11.843
83,Manam,Manam SM Cebu,17506,0.0,0.0,0,0,102267,0,12,<NA>,12:15:31.2,2025-09-05,12:15:31.2,2025-09-05,True,False,440.0,440.0,47.14,0.0,0,1,GRABFOOD,1,False,0.0,0,False,12:15:31.2,2025-09-05,0.0,False,1,0.0,GRABFOOD,0.0,0,0,-99.99,-10000000000,<NA>,0.0,0,17506,0,0,0,12:15:31.2,0.0,1,0,0.0,0,0,0,12:15:31.2,12:15:31.2
83,Manam,Manam SM Cebu,17507,0.0,0.0,31,0,102267,3,3,<NA>,11:41:44.597,2025-09-05,11:41:44.597,2025-09-05,True,False,1343.75,1343.75,0.0,-91.38,0,1,DINEIN1,1,False,268.75,0,False,11:41:44.597,2025-09-05,0.0,False,1,0.0,DINEIN1,0.0,0,0,-99.99,-10000000000,<NA>,0.0,0,17507,0,0,0,11:41:44.597,0.0,1,0,0.0,0,0,0,11:41:44.597,11:41:44.597
83,Manam,Manam SM Cebu,17508,0.0,0.0,0,0,102267,0,10,<NA>,12:18:25.147,2025-09-05,12:18:25.147,2025-09-05,True,False,225.0,225.0,24.11,0.0,0,1,FOODPANDA,1,False,0.0,0,False,12:18:25.147,2025-09-05,0.0,False,1,0.0,FOODPANDA,0.0,0,0,-99.99,-10000000000,<NA>,0.0,0,17508,0,0,0,12:18:25.147,0.0,1,0,0.0,0,0,0,12:18:25.147,12:18:25.147
83,Manam,Manam SM Cebu,17509,0.0,0.0,0,0,102267,0,12,<NA>,12:23:17.273,2025-09-05,12:23:17.273,2025-09-05,True,False,710.0,710.0,76.08,0.0,0,1,GRABFOOD,1,False,0.0,0,False,12:23:17.273,2025-09-05,0.0,False,1,0.0,GRABFOOD,0.0,0,0,-99.99,-10000000000,<NA>,0.0,0,17509,0,0,0,12:23:17.273,0.0,1,0,0.0,0,0,0,12:23:17.273,12:23:17.273
83,Manam,Manam SM Cebu,17510,0.0,0.0,0,0,102267,0,12,<NA>,12:24:48.87,2025-09-05,12:24:48.87,2025-09-05,True,False,1079.0,1079.0,115.61,0.0,0,1,GRABFOOD,1,False,0.0,0,False,12:24:48.87,2025-09-05,0.0,False,1,0.0,GRABFOOD,0.0,0,0,-99.99,-10000000000,<NA>,0.0,0,17510,0,0,0,12:24:48.87,0.0,1,0,0.0,0,0,0,12:24:48.87,12:24:48.87
83,Manam,Manam SM Cebu,17511,0.0,0.0,28,0,102267,2,1,<NA>,11:32:54.507,2025-09-05,11:32:54.507,2025-09-05,True,False,1385.0,1385.0,148.4,-105.11,0,1,DINEIN1,1,False,0.0,0,False,11:32:54.507,2025-09-05,0.0,False,1,0.0,DINEIN1,0.0,0,0,-99.99,-10000000000,<NA>,0.0,0,17511,0,0,0,11:32:54.507,0.0,1,0,0.0,0,0,0,11:32:54.507,11:32:54.507
83,Manam,Manam SM Cebu,17512,0.0,0.0,45,0,102267,2,3,<NA>,11:49:07.4,2025-09-05,11:49:07.4,2025-09-05,True,False,465.0,465.0,49.82,-35.29,0,1,DINEIN1,1,False,0.0,0,False,11:49:07.4,2025-09-05,0.0,False,1,0.0,DINEIN1,0.0,0,0,-99.99,-10000000000,<NA>,0.0,0,17512,0,0,0,11:49:07.4,0.0,1,0,0.0,0,0,0,11:49:07.4,11:49:07.4
83,Manam,Manam SM Cebu,17513,0.0,0.0,0,0,102267,0,12,<NA>,12:29:44.39,2025-09-05,12:29:44.39,2025-09-05,True,False,268.0,268.0,28.71,0.0,0,1,GRABFOOD,1,False,0.0,0,False,12:29:44.39,2025-09-05,0.0,False,1,0.0,GRABFOOD,0.0,0,0,-99.99,-10000000000,<NA>,0.0,0,17513,0,0,0,12:29:44.39,0.0,1,0,0.0,0,0,0,12:29:44.39,12:29:44.39
83,Manam,Manam SM Cebu,17514,0.0,0.0,50,0,102267,2,1,<NA>,10:19:40.803,2025-09-05,10:19:40.803,2025-09-05,True,False,812.5,812.5,0.0,-55.25,0,1,DINEIN1,1,False,162.5,0,False,10:19:40.803,2025-09-05,0.0,False,1,0.0,DINEIN1,0.0,0,0,-99.99,-10000000000,<NA>,0.0,0,17514,0,0,0,10:19:40.803,0.0,1,0,0.0,0,0,0,10:19:40.803,10:19:40.803
83,Manam,Manam SM Cebu,17515,0.0,0.0,0,0,102267,0,12,<NA>,12:34:10.22,2025-09-05,12:34:10.22,2025-09-05,True,False,665.0,665.0,71.25,0.0,0,1,GRABFOOD,1,False,0.0,0,False,12:34:10.22,2025-09-05,0.0,False,1,0.0,GRABFOOD,0.0,0,0,-99.99,-10000000000,<NA>,0.0,0,17515,0,0,0,12:34:10.22,0.0,1,0,0.0,0,0,0,12:34:10.22,12:34:10.22
83,Manam,Manam SM Cebu,17516,0.0,0.0,0,0,102267,0,12,<NA>,12:35:55.377,2025-09-05,12:35:55.377,2025-09-05,True,False,918.0,918.0,98.36,0.0,0,1,GRABFOOD,1,False,0.0,0,False,12:35:55.377,2025-09-05,0.0,False,1,0.0,GRABFOOD,0.0,0,0,-99.99,-10000000000,<NA>,0.0,0,17516,0,0,0,12:35:55.377,0.0,1,0,0.0,0,0,0,12:35:55.377,12:35:55.377
83,Manam,Manam SM Cebu,17517,0.0,0.0,30,0,102267,2,1,<NA>,12:18:56.957,2025-09-05,12:18:56.957,2025-09-05,True,False,1102.69,1102.69,0.0,-80.45,0,1,DINEIN1,1,False,236.61,0,False,12:18:56.957,2025-09-05,0.0,False,1,0.0,DINEIN1,0.0,0,0,-99.99,-10000000000,<NA>,0.0,0,17517,0,0,0,12:18:56.957,0.0,1,0,0.0,0,0,0,12:18:56.957,12:18:56.957
83,Manam,Manam SM Cebu,17519,0.0,0.0,0,0,102267,0,1,<NA>,12:53:44.54,2025-09-05,12:53:44.54,2025-09-05,True,False,98.21,98.21,0.0,0.0,0,1,TAKEOUT,1,False,19.64,0,False,12:53:44.54,2025-09-05,0.0,False,1,0.0,TAKEOUT,0.0,0,0,-99.99,-10000000000,<NA>,0.0,0,17519,0,0,0,12:53:44.54,0.0,1,0,0.0,0,0,0,12:53:44.54,12:53:44.54
83,Manam,Manam SM Cebu,17520,0.0,0.0,0,0,102267,0,1,<NA>,12:54:18.667,2025-09-05,12:54:18.667,2025-09-05,True,False,98.21,98.21,0.0,0.0,0,1,TAKEOUT,1,False,19.64,0,False,12:54:18.667,2025-09-05,0.0,False,1,0.0,TAKEOUT,0.0,0,0,-99.99,-10000000000,<NA>,0.0,0,17520,0,0,0,12:54:18.667,0.0,1,0,0.0,0,0,0,12:54:18.667,12:54:18.667
83,Manam,Manam SM Cebu,17521,0.0,0.0,52,0,102267,2,3,<NA>,12:23:35.283,2025-09-05,12:23:35.283,2025-09-05,True,False,1075.0,1075.0,115.18,-81.58,0,1,DINEIN1,1,False,0.0,0,False,12:23:35.283,2025-09-05,0.0,False,1,0.0,DINEIN1,0.0,0,0,-99.99,-10000000000,<NA>,0.0,0,17521,0,0,0,12:23:35.283,0.0,1,0,0.0,0,0,0,12:23:35.283,12:23:35.283
83,Manam,Manam SM Cebu,17522,0.0,0.0,19,0,102267,9,3,<NA>,11:41:40.087,2025-09-05,11:41:40.087,2025-09-05,True,False,6780.0,6780.0,826.08,-585.13,0,1,DINEIN1,1,False,0.0,0,False,11:41:40.087,2025-09-05,0.0,False,1,0.0,DINEIN1,0.0,0,0,-99.99,-10000000000,<NA>,0.0,0,17522,0,0,0,11:41:40.087,0.0,1,0,0.0,0,0,0,11:41:40.087,11:41:40.087
83,Manam,Manam SM Cebu,17523,0.0,0.0,10,0,102267,7,3,<NA>,11:37:49.457,2025-09-05,11:37:49.457,2025-09-05,True,False,4650.0,4650.0,555.01,-393.13,0,1,DINEIN1,1,False,0.0,0,False,11:37:49.457,2025-09-05,0.0,False,1,0.0,DINEIN1,0.0,0,0,-99.99,-10000000000,<NA>,0.0,0,17523,0,0,0,11:37:49.457,0.0,1,0,0.0,0,0,0,11:37:49.457,11:37:49.457
83,Manam,Manam SM Cebu,17524,0.0,0.0,33,0,102267,5,3,<NA>,11:59:08.967,2025-09-05,11:59:08.967,2025-09-05,True,False,2910.7799999999997,2910.7799999999997,216.83428571428573,-234.95,0,1,DINEIN1,1,False,240.35,0,False,11:59:08.967,2025-09-05,0.0,False,1,0.0,DINEIN1,0.0,0,0,-99.99,-10000000000,<NA>,0.0,0,17524,0,0,0,11:59:08.967,0.0,1,0,0.0,0,0,0,11:59:08.967,11:59:08.967
83,Manam,Manam SM Cebu,17525,0.0,0.0,44,0,102267,7,1,<NA>,12:20:12.367,2025-09-05,12:20:12.367,2025-09-05,True,False,1821.68,1821.68,169.89142857142855,-136.39,0,1,DINEIN1,1,False,47.19,0,False,12:20:12.367,2025-09-05,0.0,False,1,0.0,DINEIN1,0.0,0,0,-99.99,-10000000000,<NA>,0.0,0,17525,0,0,0,12:20:12.367,0.0,1,0,0.0,0,0,0,12:20:12.367,12:20:12.367
83,Manam,Manam SM Cebu,17526,0.0,0.0,9,0,102267,8,3,<NA>,12:14:33.06,2025-09-05,12:14:33.06,2025-09-05,True,False,5407.37,5407.37,581.1457142857142,-456.56,0,1,DINEIN1,1,False,137.72,0,False,12:14:33.06,2025-09-05,0.0,False,1,0.0,DINEIN1,0.0,0,0,-99.99,-10000000000,<NA>,0.0,0,17526,0,0,0,12:14:33.06,0.0,1,0,0.0,0,0,0,12:14:33.06,12:14:33.06
83,Manam,Manam SM Cebu,17527,0.0,0.0,0,0,102267,0,1,<NA>,13:11:00.297,2025-09-05,13:11:00.297,2025-09-05,True,False,0.0,0.0,0.0,0.0,0,1,ZR-MAN,1,False,0.0,0,False,13:11:00.297,2025-09-05,0.0,False,1,0.0,ZR-MAN,0.0,0,0,-99.99,-10000000000,<NA>,0.0,0,17527,0,0,0,13:11:00.297,0.0,1,0,0.0,0,0,0,13:11:00.297,13:11:00.297
83,Manam,Manam SM Cebu,17528,0.0,0.0,31,0,102267,4,3,<NA>,12:26:10.157,2025-09-05,12:26:10.157,2025-09-05,True,False,2290.0,2290.0,277.5,-196.56,0,1,DINEIN1,1,False,0.0,0,False,12:26:10.157,2025-09-05,0.0,False,1,0.0,DINEIN1,0.0,0,0,-99.99,-10000000000,<NA>,0.0,0,17528,0,0,0,12:26:10.157,0.0,1,0,0.0,0,0,0,12:26:10.157,12:26:10.157
83,Manam,Manam SM Cebu,17529,0.0,0.0,0,0,102267,0,12,<NA>,13:14:15.103,2025-09-05,13:14:15.103,2025-09-05,True,False,920.0,920.0,98.57,0.0,0,1,GRABFOOD,1,False,0.0,0,False,13:14:15.103,2025-09-05,0.0,False,1,0.0,GRABFOOD,0.0,0,0,-99.99,-10000000000,<NA>,0.0,0,17529,0,0,0,13:14:15.103,0.0,1,0,0.0,0,0,0,13:14:15.103,13:14:15.103
83,Manam,Manam SM Cebu,17530,0.0,0.0,20,0,102267,6,3,<NA>,12:08:05.56,2025-09-05,12:08:05.56,2025-09-05,True,False,3135.3599999999997,3135.3599999999997,64.14,-226.41,0,1,DINEIN1,1,False,532.74,0,False,12:08:05.56,2025-09-05,0.0,False,1,0.0,DINEIN1,0.0,0,0,-99.99,-10000000000,<NA>,0.0,0,17530,0,0,0,12:08:05.56,0.0,1,0,0.0,0,0,0,12:08:05.56,12:08:05.56
83,Manam,Manam SM Cebu,17531,0.0,0.0,23,0,102267,10,1,<NA>,12:04:14.94,2025-09-05,12:04:14.94,2025-09-05,True,False,7585.86,7585.86,720.1428571428571,-609.08,0,1,DINEIN1,1,False,298.57,0,False,12:04:14.94,2025-09-05,0.0,False,1,0.0,DINEIN1,0.0,0,0,-99.99,-10000000000,<NA>,0.0,0,17531,0,0,0,12:04:14.94,0.0,1,0,0.0,0,0,0,12:04:14.94,12:04:14.94
83,Manam,Manam SM Cebu,17532,0.0,0.0,0,0,102267,0,1,<NA>,13:11:38.44,2025-09-05,13:11:38.44,2025-09-05,True,False,1168.21,1168.21,87.86,0.0,0,1,TAKEOUT,1,False,69.64,0,False,13:11:38.44,2025-09-05,0.0,False,1,0.0,TAKEOUT,0.0,0,0,-99.99,-10000000000,<NA>,0.0,0,17532,0,0,0,13:11:38.44,0.0,1,0,0.0,0,0,0,13:11:38.44,13:11:38.44
83,Manam,Manam SM Cebu,17535,0.0,0.0,0,0,102267,0,12,<NA>,13:29:49.643,2025-09-05,13:29:49.643,2025-09-05,True,False,318.0,318.0,34.07,0.0,0,1,GRABFOOD,1,False,0.0,0,False,13:29:49.643,2025-09-05,0.0,False,1,0.0,GRABFOOD,0.0,0,0,-99.99,-10000000000,<NA>,0.0,0,17535,0,0,0,13:29:49.643,0.0,1,0,0.0,0,0,0,13:29:49.643,13:29:49.643
83,Manam,Manam SM Cebu,17536,0.0,0.0,1,0,102267,3,3,<NA>,12:12:44.867,2025-09-05,12:12:44.867,2025-09-05,True,False,4333.04,4333.04,383.56714285714287,-370.82,0,1,DINEIN1,1,False,311.62,0,False,12:12:44.867,2025-09-05,0.0,False,1,0.0,DINEIN1,0.0,0,0,-99.99,-10000000000,<NA>,0.0,0,17536,0,0,0,12:12:44.867,0.0,1,0,0.0,0,0,0,12:12:44.867,12:12:44.867
83,Manam,Manam SM Cebu,17537,0.0,0.0,40,0,102267,5,1,<NA>,12:03:18.31,2025-09-05,12:03:18.31,2025-09-05,True,False,2925.72,2925.72,68.57428571428571,-204.0,0,1,DINEIN1,1,False,457.15,0,False,12:03:18.31,2025-09-05,0.0,False,1,0.0,DINEIN1,0.0,0,0,-99.99,-10000000000,<NA>,0.0,0,17537,0,0,0,12:03:18.31,0.0,1,0,0.0,0,0,0,12:03:18.31,12:03:18.31
83,Manam,Manam SM Cebu,17538,0.0,0.0,4,0,102267,4,3,<NA>,13:01:59.173,2025-09-05,13:01:59.173,2025-09-05,True,False,2155.0,2155.0,254.47,-180.25,0,1,DINEIN1,1,False,0.0,0,False,13:01:59.173,2025-09-05,0.0,False,1,0.0,DINEIN1,0.0,0,0,-99.99,-10000000000,<NA>,0.0,0,17538,0,0,0,13:01:59.173,0.0,1,0,0.0,0,0,0,13:01:59.173,13:01:59.173
83,Manam,Manam SM Cebu,17539,0.0,0.0,15,0,102267,3,1,<NA>,12:12:36.797,2025-09-05,12:12:36.797,2025-09-05,True,False,1908.93,1908.93,80.54,-148.32,0,1,DINEIN1,1,False,268.45,0,False,12:12:36.797,2025-09-05,0.0,False,1,0.0,DINEIN1,0.0,0,0,-99.99,-10000000000,<NA>,0.0,0,17539,0,0,0,12:12:36.797,0.0,1,0,0.0,0,0,0,12:12:36.797,12:12:36.797
83,Manam,Manam SM Cebu,17541,0.0,0.0,50,0,102267,7,1,<NA>,12:33:44.343,2025-09-05,12:33:44.343,2025-09-05,True,False,3461.2,3461.2,322.8071428571428,-259.14,0,1,DINEIN1,1,False,89.67,0,False,12:33:44.343,2025-09-05,0.0,False,1,0.0,DINEIN1,0.0,0,0,-99.99,-10000000000,<NA>,0.0,0,17541,0,0,0,12:33:44.343,0.0,1,0,0.0,0,0,0,12:33:44.343,12:33:44.343
83,Manam,Manam SM Cebu,17542,0.0,0.0,3,0,102267,2,3,<NA>,12:46:32.52,2025-09-05,12:46:32.52,2025-09-05,True,False,1620.0,1620.0,173.57,-122.95,0,1,DINEIN1,1,False,0.0,0,False,12:46:32.52,2025-09-05,0.0,False,1,0.0,DINEIN1,0.0,0,0,-99.99,-10000000000,<NA>,0.0,0,17542,0,0,0,12:46:32.52,0.0,1,0,0.0,0,0,0,12:46:32.52,12:46:32.52
83,Manam,Manam SM Cebu,17543,0.0,0.0,45,0,102267,5,1,<NA>,12:45:14.977,2025-09-05,12:45:14.977,2025-09-05,True,False,2362.14,2362.14,59.46,-176.91,0,1,DINEIN1,1,False,396.43,0,False,12:45:14.977,2025-09-05,0.0,False,1,0.0,DINEIN1,0.0,0,0,-99.99,-10000000000,<NA>,0.0,0,17543,0,0,0,12:45:14.977,0.0,1,0,0.0,0,0,0,12:45:14.977,12:45:14.977
83,Manam,Manam SM Cebu,17544,0.0,0.0,0,0,102267,0,12,<NA>,13:59:25.557,2025-09-05,13:59:25.557,2025-09-05,True,False,873.0,873.0,93.54,0.0,0,1,GRABFOOD,1,False,0.0,0,False,13:59:25.557,2025-09-05,0.0,False,1,0.0,GRABFOOD,0.0,0,0,-99.99,-10000000000,<NA>,0.0,0,17544,0,0,0,13:59:25.557,0.0,1,0,0.0,0,0,0,13:59:25.557,13:59:25.557
83,Manam,Manam SM Cebu,17545,0.0,0.0,31,0,102267,3,1,<NA>,13:16:22.08,2025-09-05,13:16:22.08,2025-09-05,True,False,2363.21,2363.21,90.89571428571429,-167.39,0,1,DINEIN1,1,False,302.98,0,False,13:16:22.08,2025-09-05,0.0,False,1,0.0,DINEIN1,0.0,0,0,-99.99,-10000000000,<NA>,0.0,0,17545,0,0,0,13:16:22.08,0.0,1,0,0.0,0,0,0,13:16:22.08,13:16:22.08
83,Manam,Manam SM Cebu,17546,0.0,0.0,52,0,102267,2,3,<NA>,13:09:56.333,2025-09-05,13:09:56.333,2025-09-05,True,False,1875.0,1875.0,200.89,-142.3,0,1,DINEIN1,1,False,0.0,0,False,13:09:56.333,2025-09-05,0.0,False,1,0.0,DINEIN1,0.0,0,0,-99.99,-10000000000,<NA>,0.0,0,17546,0,0,0,13:09:56.333,0.0,1,0,0.0,0,0,0,13:09:56.333,13:09:56.333
83,Manam,Manam SM Cebu,17547,0.0,0.0,0,0,102267,0,3,<NA>,13:41:57.083,2025-09-05,13:41:57.083,2025-09-05,True,False,383.03999999999996,383.03999999999996,21.43,0.0,0,1,TAKEOUT,1,False,36.61,0,False,13:41:57.083,2025-09-05,0.0,False,1,0.0,TAKEOUT,0.0,0,0,-99.99,-10000000000,<NA>,0.0,0,17547,0,0,0,13:41:57.083,0.0,1,0,0.0,0,0,0,13:41:57.083,13:41:57.083
83,Manam,Manam SM Cebu,17548,0.0,0.0,6,0,102267,2,3,<NA>,13:28:11.92,2025-09-05,13:28:11.92,2025-09-05,True,False,1270.0,1270.0,155.36,-110.04,0,1,DINEIN1,1,False,0.0,0,False,13:28:11.92,2025-09-05,0.0,False,1,0.0,DINEIN1,0.0,0,0,-99.99,-10000000000,<NA>,0.0,0,17548,0,0,0,13:28:11.92,0.0,1,0,0.0,0,0,0,13:28:11.92,13:28:11.92
83,Manam,Manam SM Cebu,17549,0.0,0.0,19,0,102267,5,3,<NA>,13:05:35.577,2025-09-05,13:05:35.577,2025-09-05,True,False,1871.0700000000002,1871.0700000000002,175.71714285714285,-149.35,0,1,DINEIN1,1,False,73.21,0,False,13:05:35.577,2025-09-05,0.0,False,1,0.0,DINEIN1,0.0,0,0,-99.99,-10000000000,<NA>,0.0,0,17549,0,0,0,13:05:35.577,0.0,1,0,0.0,0,0,0,13:05:35.577,13:05:35.577
83,Manam,Manam SM Cebu,17550,0.0,0.0,23,0,102267,1,1,<NA>,13:40:38.03,2025-09-05,13:40:38.03,2025-09-05,True,False,220.0,220.0,23.57,-16.7,0,1,DINEIN1,1,False,0.0,0,False,13:40:38.03,2025-09-05,0.0,False,1,0.0,DINEIN1,0.0,0,0,-99.99,-10000000000,<NA>,0.0,0,17550,0,0,0,13:40:38.03,0.0,1,0,0.0,0,0,0,13:40:38.03,13:40:38.03
83,Manam,Manam SM Cebu,17551,0.0,0.0,27,0,102267,2,1,<NA>,13:35:53.59,2025-09-05,13:35:53.59,2025-09-05,True,False,1640.0,1640.0,191.78,-135.85,0,1,DINEIN1,1,False,0.0,0,False,13:35:53.59,2025-09-05,0.0,False,1,0.0,DINEIN1,0.0,0,0,-99.99,-10000000000,<NA>,0.0,0,17551,0,0,0,13:35:53.59,0.0,1,0,0.0,0,0,0,13:35:53.59,13:35:53.59
83,Manam,Manam SM Cebu,17552,0.0,0.0,28,0,102267,5,3,<NA>,12:51:10.817,2025-09-05,12:51:10.817,2025-09-05,True,False,4787.55,4787.55,350.0442857142857,-380.18,0,1,DINEIN1,1,False,388.94,0,False,12:51:10.817,2025-09-05,0.0,False,1,0.0,DINEIN1,0.0,0,0,-99.99,-10000000000,<NA>,0.0,0,17552,0,0,0,12:51:10.817,0.0,1,0,0.0,0,0,0,12:51:10.817,12:51:10.817
83,Manam,Manam SM Cebu,17553,0.0,0.0,30,0,102267,1,1,<NA>,13:38:48.63,2025-09-05,13:38:48.63,2025-09-05,True,False,770.0,770.0,82.5,-58.44,0,1,DINEIN1,1,False,0.0,0,False,13:38:48.63,2025-09-05,0.0,False,1,0.0,DINEIN1,0.0,0,0,-99.99,-10000000000,<NA>,0.0,0,17553,0,0,0,13:38:48.63,0.0,1,0,0.0,0,0,0,13:38:48.63,13:38:48.63
83,Manam,Manam SM Cebu,17554,0.0,0.0,20,0,102267,2,1,<NA>,13:45:12.15,2025-09-05,13:45:12.15,2025-09-05,True,False,1060.0,1060.0,125.36,-88.79,0,1,DINEIN1,1,False,0.0,0,False,13:45:12.15,2025-09-05,0.0,False,1,0.0,DINEIN1,0.0,0,0,-99.99,-10000000000,<NA>,0.0,0,17554,0,0,0,13:45:12.15,0.0,1,0,0.0,0,0,0,13:45:12.15,13:45:12.15
83,Manam,Manam SM Cebu,17556,0.0,0.0,35,0,102267,6,3,<NA>,13:02:45.713,2025-09-05,13:02:45.713,2025-09-05,True,False,1833.3,1833.3,183.47857142857143,-150.76,0,1,DINEIN1,1,False,61.16,0,False,13:02:45.713,2025-09-05,0.0,False,1,0.0,DINEIN1,0.0,0,0,-99.99,-10000000000,<NA>,0.0,0,17556,0,0,0,13:02:45.713,0.0,1,0,0.0,0,0,0,13:02:45.713,13:02:45.713
83,Manam,Manam SM Cebu,17557,0.0,0.0,10,0,102267,7,1,<NA>,13:12:38.043,2025-09-05,13:12:38.043,2025-09-05,True,False,2319.1,2319.1,113.73142857142857,-241.66,0,1,DINEIN1,1,False,473.85,0,False,13:12:38.043,2025-09-05,0.0,False,1,0.0,DINEIN1,0.0,0,0,-99.99,-10000000000,<NA>,0.0,0,17557,0,0,0,13:12:38.043,0.0,1,0,0.0,0,0,0,13:12:38.043,13:12:38.043
83,Manam,Manam SM Cebu,17558,0.0,0.0,0,0,102267,0,12,<NA>,14:34:27.887,2025-09-05,14:34:27.887,2025-09-05,True,False,268.0,268.0,28.71,0.0,0,1,GRABFOOD,1,False,0.0,0,False,14:34:27.887,2025-09-05,0.0,False,1,0.0,GRABFOOD,0.0,0,0,-99.99,-10000000000,<NA>,0.0,0,17558,0,0,0,14:34:27.887,0.0,1,0,0.0,0,0,0,14:34:27.887,14:34:27.887
83,Manam,Manam SM Cebu,17559,0.0,0.0,7,0,102267,2,3,<NA>,13:22:29.46,2025-09-05,13:22:29.46,2025-09-05,True,False,913.3,913.3,51.68857142857142,-65.91,0,1,DINEIN1,1,False,86.16,0,False,13:22:29.46,2025-09-05,0.0,False,1,0.0,DINEIN1,0.0,0,0,-99.99,-10000000000,<NA>,0.0,0,17559,0,0,0,13:22:29.46,0.0,1,0,0.0,0,0,0,13:22:29.46,13:22:29.46
83,Manam,Manam SM Cebu,17560,0.0,0.0,9,0,102267,4,3,<NA>,13:23:18.663,2025-09-05,13:23:18.663,2025-09-05,True,False,2985.0,2985.0,339.64,-240.58,0,1,DINEIN1,1,False,0.0,0,False,13:23:18.663,2025-09-05,0.0,False,1,0.0,DINEIN1,0.0,0,0,-99.99,-10000000000,<NA>,0.0,0,17560,0,0,0,13:23:18.663,0.0,1,0,0.0,0,0,0,13:23:18.663,13:23:18.663
83,Manam,Manam SM Cebu,17561,0.0,0.0,44,0,102267,5,3,<NA>,13:36:26.287,2025-09-05,13:36:26.287,2025-09-05,True,False,2976.5,2976.5,213.10285714285712,-231.46,0,1,DINEIN1,1,False,236.79,0,False,13:36:26.287,2025-09-05,0.0,False,1,0.0,DINEIN1,0.0,0,0,-99.99,-10000000000,<NA>,0.0,0,17561,0,0,0,13:36:26.287,0.0,1,0,0.0,0,0,0,13:36:26.287,13:36:26.287
83,Manam,Manam SM Cebu,17562,0.0,0.0,14,0,102267,3,3,<NA>,14:08:09.67,2025-09-05,14:08:09.67,2025-09-05,True,False,1053.57,1053.57,0.0,-71.64,0,1,DINEIN1,1,False,210.72,0,False,14:08:09.67,2025-09-05,0.0,False,1,0.0,DINEIN1,0.0,0,0,-99.99,-10000000000,<NA>,0.0,0,17562,0,0,0,14:08:09.67,0.0,1,0,0.0,0,0,0,14:08:09.67,14:08:09.67
83,Manam,Manam SM Cebu,17563,0.0,0.0,21,0,102267,4,3,<NA>,13:54:00.563,2025-09-05,13:54:00.563,2025-09-05,True,False,3730.0,3730.0,486.96,-344.93,0,1,DINEIN1,1,False,0.0,0,False,13:54:00.563,2025-09-05,0.0,False,1,0.0,DINEIN1,0.0,0,0,-99.99,-10000000000,<NA>,0.0,0,17563,0,0,0,13:54:00.563,0.0,1,0,0.0,0,0,0,13:54:00.563,13:54:00.563
83,Manam,Manam SM Cebu,17564,0.0,0.0,4,0,102267,2,3,<NA>,14:06:09.477,2025-09-05,14:06:09.477,2025-09-05,True,False,861.61,861.61,0.0,-63.75,0,1,DINEIN1,1,False,187.51,0,False,14:06:09.477,2025-09-05,0.0,False,1,0.0,DINEIN1,0.0,0,0,-99.99,-10000000000,<NA>,0.0,0,17564,0,0,0,14:06:09.477,0.0,1,0,0.0,0,0,0,14:06:09.477,14:06:09.477
83,Manam,Manam SM Cebu,17565,0.0,0.0,17,0,102267,2,3,<NA>,14:11:48.053,2025-09-05,14:11:48.053,2025-09-05,True,False,1200.0,1200.0,147.32,-104.35,0,1,DINEIN1,1,False,0.0,0,False,14:11:48.053,2025-09-05,0.0,False,1,0.0,DINEIN1,0.0,0,0,-99.99,-10000000000,<NA>,0.0,0,17565,0,0,0,14:11:48.053,0.0,1,0,0.0,0,0,0,14:11:48.053,14:11:48.053
83,Manam,Manam SM Cebu,17566,0.0,0.0,31,0,102267,2,3,<NA>,14:08:26.323,2025-09-05,14:08:26.323,2025-09-05,True,False,900.0,900.0,108.21,-76.65,0,1,DINEIN1,1,False,0.0,0,False,14:08:26.323,2025-09-05,0.0,False,1,0.0,DINEIN1,0.0,0,0,-99.99,-10000000000,<NA>,0.0,0,17566,0,0,0,14:08:26.323,0.0,1,0,0.0,0,0,0,14:08:26.323,14:08:26.323
83,Manam,Manam SM Cebu,17567,0.0,0.0,41,0,102267,2,1,10% LOYAL,14:11:46.397,2025-09-05,14:11:46.397,2025-09-05,True,False,1495.0,1495.0,144.16,-102.11,0,1,DINEIN1,1,False,149.5,0,False,14:11:46.397,2025-09-05,0.0,False,1,0.0,DINEIN1,0.0,0,0,-99.99,-10000000000,630352,0.0,0,17567,0,0,0,14:11:46.397,0.0,1,0,0.0,0,0,0,14:11:46.397,14:11:46.397
83,Manam,Manam SM Cebu,17568,0.0,0.0,1,0,102267,3,1,<NA>,13:53:16.147,2025-09-05,13:53:16.147,2025-09-05,True,False,3080.0,3080.0,346.07,-245.13,0,1,DINEIN1,1,False,0.0,0,False,13:53:16.147,2025-09-05,0.0,False,1,0.0,DINEIN1,0.0,0,0,-99.99,-10000000000,<NA>,0.0,0,17568,0,0,0,13:53:16.147,0.0,1,0,0.0,0,0,0,13:53:16.147,13:53:16.147
83,Manam,Manam SM Cebu,17569,0.0,0.0,23,0,102267,3,3,<NA>,14:24:57.993,2025-09-05,14:24:57.993,2025-09-05,True,False,1700.0,1700.0,182.15,-129.02,0,1,DINEIN1,1,False,0.0,0,False,14:24:57.993,2025-09-05,0.0,False,1,0.0,DINEIN1,0.0,0,0,-99.99,-10000000000,<NA>,0.0,0,17569,0,0,0,14:24:57.993,0.0,1,0,0.0,0,0,0,14:24:57.993,14:24:57.993
83,Manam,Manam SM Cebu,17570,0.0,0.0,19,0,102267,6,3,<NA>,14:25:25.907,2025-09-05,14:25:25.907,2025-09-05,True,False,3207.46,3207.46,350.89142857142855,-288.32,0,1,DINEIN1,1,False,116.96,0,False,14:25:25.907,2025-09-05,0.0,False,1,0.0,DINEIN1,0.0,0,0,-99.99,-10000000000,<NA>,0.0,0,17570,0,0,0,14:25:25.907,0.0,1,0,0.0,0,0,0,14:25:25.907,14:25:25.907
83,Manam,Manam SM Cebu,17571,0.0,0.0,52,0,102267,2,3,<NA>,14:18:44.053,2025-09-05,14:18:44.053,2025-09-05,True,False,906.25,906.25,0.0,-61.63,0,1,DINEIN1,1,False,181.25,0,False,14:18:44.053,2025-09-05,0.0,False,1,0.0,DINEIN1,0.0,0,0,-99.99,-10000000000,<NA>,0.0,0,17571,0,0,0,14:18:44.053,0.0,1,0,0.0,0,0,0,14:18:44.053,14:18:44.053
83,Manam,Manam SM Cebu,17572,0.0,0.0,45,0,102267,3,1,<NA>,14:19:33.11,2025-09-05,14:19:33.11,2025-09-05,True,False,1370.0,1370.0,183.75,-130.16,0,1,DINEIN1,1,False,0.0,0,False,14:19:33.11,2025-09-05,0.0,False,1,0.0,DINEIN1,0.0,0,0,-99.99,-10000000000,<NA>,0.0,0,17572,0,0,0,14:19:33.11,0.0,1,0,0.0,0,0,0,14:19:33.11,14:19:33.11
83,Manam,Manam SM Cebu,17573,0.0,0.0,0,0,102267,0,10,<NA>,15:17:24.747,2025-09-05,15:17:24.747,2025-09-05,True,False,680.0,680.0,72.86,0.0,0,1,FOODPANDA,1,False,0.0,0,False,15:17:24.747,2025-09-05,0.0,False,1,0.0,FOODPANDA,0.0,0,0,-99.99,-10000000000,<NA>,0.0,0,17573,0,0,0,15:17:24.747,0.0,1,0,0.0,0,0,0,15:17:24.747,15:17:24.747
83,Manam,Manam SM Cebu,17574,0.0,0.0,0,0,102267,0,10,<NA>,15:23:11.467,2025-09-05,15:23:11.467,2025-09-05,True,False,1435.0,1435.0,213.75,0.0,0,1,FOODPANDA,1,False,0.0,0,False,15:23:11.467,2025-09-05,0.0,False,1,0.0,FOODPANDA,0.0,0,0,-99.99,-10000000000,<NA>,0.0,0,17574,0,0,0,15:23:11.467,0.0,1,0,0.0,0,0,0,15:23:11.467,15:23:11.467
83,Manam,Manam SM Cebu,17575,0.0,0.0,0,0,102267,0,12,<NA>,15:25:18.113,2025-09-05,15:25:18.113,2025-09-05,True,False,955.0,955.0,102.32,0.0,0,1,GRABFOOD,1,False,0.0,0,False,15:25:18.113,2025-09-05,0.0,False,1,0.0,GRABFOOD,0.0,0,0,-99.99,-10000000000,<NA>,0.0,0,17575,0,0,0,15:25:18.113,0.0,1,0,0.0,0,0,0,15:25:18.113,15:25:18.113
83,Manam,Manam SM Cebu,17576,0.0,0.0,0,0,102267,0,12,<NA>,15:28:56.67,2025-09-05,15:28:56.67,2025-09-05,True,False,200.0,200.0,21.43,0.0,0,1,GRABFOOD,1,False,0.0,0,False,15:28:56.67,2025-09-05,0.0,False,1,0.0,GRABFOOD,0.0,0,0,-99.99,-10000000000,<NA>,0.0,0,17576,0,0,0,15:28:56.67,0.0,1,0,0.0,0,0,0,15:28:56.67,15:28:56.67
83,Manam,Manam SM Cebu,17577,0.0,0.0,33,0,102267,4,1,<NA>,14:43:45.52,2025-09-05,14:43:45.52,2025-09-05,True,False,5860.0,5860.0,701.25,-496.72,0,1,DINEIN1,1,False,0.0,0,False,14:43:45.52,2025-09-05,0.0,False,1,0.0,DINEIN1,0.0,0,0,-99.99,-10000000000,<NA>,0.0,0,17577,0,0,0,14:43:45.52,0.0,1,0,0.0,0,0,0,14:43:45.52,14:43:45.52
83,Manam,Manam SM Cebu,17578,0.0,0.0,50,0,102267,5,3,<NA>,14:16:23.73,2025-09-05,14:16:23.73,2025-09-05,True,False,2917.2200000000003,2917.2200000000003,209.23571428571427,-224.48,0,1,DINEIN1,1,False,229.64,0,False,14:16:23.73,2025-09-05,0.0,False,1,0.0,DINEIN1,0.0,0,0,-99.99,-10000000000,<NA>,0.0,0,17578,0,0,0,14:16:23.73,0.0,1,0,0.0,0,0,0,14:16:23.73,14:16:23.73
83,Manam,Manam SM Cebu,17579,0.0,0.0,51,0,102267,3,3,<NA>,12:47:50.36,2025-09-05,12:47:50.36,2025-09-05,True,False,3105.0,3105.0,401.25,-284.22,0,1,DINEIN1,1,False,0.0,0,False,12:47:50.36,2025-09-05,0.0,False,1,0.0,DINEIN1,0.0,0,0,-99.99,-10000000000,<NA>,0.0,0,17579,0,0,0,12:47:50.36,0.0,1,0,0.0,0,0,0,12:47:50.36,12:47:50.36
83,Manam,Manam SM Cebu,17581,0.0,0.0,44,0,102267,2,1,<NA>,15:13:14.837,2025-09-05,15:13:14.837,2025-09-05,True,False,705.0,705.0,75.54,-53.5,0,1,DINEIN1,1,False,0.0,0,False,15:13:14.837,2025-09-05,0.0,False,1,0.0,DINEIN1,0.0,0,0,-99.99,-10000000000,<NA>,0.0,0,17581,0,0,0,15:13:14.837,0.0,1,0,0.0,0,0,0,15:13:14.837,15:13:14.837
83,Manam,Manam SM Cebu,17582,0.0,0.0,1,0,102267,2,3,<NA>,15:14:49.88,2025-09-05,15:14:49.88,2025-09-05,True,False,1110.0,1110.0,118.93,-84.24,0,1,DINEIN1,1,False,0.0,0,False,15:14:49.88,2025-09-05,0.0,False,1,0.0,DINEIN1,0.0,0,0,-99.99,-10000000000,<NA>,0.0,0,17582,0,0,0,15:14:49.88,0.0,1,0,0.0,0,0,0,15:14:49.88,15:14:49.88
83,Manam,Manam SM Cebu,17583,0.0,0.0,21,0,102267,2,3,<NA>,15:14:10.76,2025-09-05,15:14:10.76,2025-09-05,True,False,1325.0,1325.0,141.97,-100.56,0,1,DINEIN1,1,False,0.0,0,False,15:14:10.76,2025-09-05,0.0,False,1,0.0,DINEIN1,0.0,0,0,-99.99,-10000000000,<NA>,0.0,0,17583,0,0,0,15:14:10.76,0.0,1,0,0.0,0,0,0,15:14:10.76,15:14:10.76
83,Manam,Manam SM Cebu,17584,0.0,0.0,0,0,102267,0,12,<NA>,15:54:13.203,2025-09-05,15:54:13.203,2025-09-05,True,False,793.0,793.0,84.97,0.0,0,1,GRABFOOD,1,False,0.0,0,False,15:54:13.203,2025-09-05,0.0,False,1,0.0,GRABFOOD,0.0,0,0,-99.99,-10000000000,<NA>,0.0,0,17584,0,0,0,15:54:13.203,0.0,1,0,0.0,0,0,0,15:54:13.203,15:54:13.203
83,Manam,Manam SM Cebu,17585,0.0,0.0,20,0,102267,2,3,<NA>,14:59:23.1,2025-09-05,14:59:23.1,2025-09-05,True,False,1605.0,1605.0,171.96,-121.81,0,1,DINEIN1,1,False,0.0,0,False,14:59:23.1,2025-09-05,0.0,False,1,0.0,DINEIN1,0.0,0,0,-99.99,-10000000000,<NA>,0.0,0,17585,0,0,0,14:59:23.1,0.0,1,0,0.0,0,0,0,14:59:23.1,14:59:23.1
83,Manam,Manam SM Cebu,17586,0.0,0.0,23,0,102267,2,3,<NA>,15:17:13.117,2025-09-05,15:17:13.117,2025-09-05,True,False,1610.0,1610.0,172.5,-122.19,0,1,DINEIN1,1,False,0.0,0,False,15:17:13.117,2025-09-05,0.0,False,1,0.0,DINEIN1,0.0,0,0,-99.99,-10000000000,<NA>,0.0,0,17586,0,0,0,15:17:13.117,0.0,1,0,0.0,0,0,0,15:17:13.117,15:17:13.117
83,Manam,Manam SM Cebu,17587,0.0,0.0,52,0,102267,2,3,<NA>,15:29:49.81,2025-09-05,15:29:49.81,2025-09-05,True,False,1215.0,1215.0,130.18,-92.21,0,1,DINEIN1,1,False,0.0,0,False,15:29:49.81,2025-09-05,0.0,False,1,0.0,DINEIN1,0.0,0,0,-99.99,-10000000000,<NA>,0.0,0,17587,0,0,0,15:29:49.81,0.0,1,0,0.0,0,0,0,15:29:49.81,15:29:49.81
83,Manam,Manam SM Cebu,17588,0.0,0.0,0,0,102267,0,12,<NA>,16:19:30.307,2025-09-05,16:19:30.307,2025-09-05,True,False,586.0,586.0,62.79,0.0,0,1,GRABFOOD,1,False,0.0,0,False,16:19:30.307,2025-09-05,0.0,False,1,0.0,GRABFOOD,0.0,0,0,-99.99,-10000000000,<NA>,0.0,0,17588,0,0,0,16:19:30.307,0.0,1,0,0.0,0,0,0,16:19:30.307,16:19:30.307
83,Manam,Manam SM Cebu,17589,0.0,0.0,28,0,102267,3,3,<NA>,15:40:53.027,2025-09-05,15:40:53.027,2025-09-05,True,False,1731.97,1731.97,138.21428571428572,-137.06,0,1,DINEIN1,1,False,115.18,0,False,15:40:53.027,2025-09-05,0.0,False,1,0.0,DINEIN1,0.0,0,0,-99.99,-10000000000,<NA>,0.0,0,17589,0,0,0,15:40:53.027,0.0,1,0,0.0,0,0,0,15:40:53.027,15:40:53.027
83,Manam,Manam SM Cebu,17590,0.0,0.0,42,0,102267,2,3,<NA>,15:50:30.247,2025-09-05,15:50:30.247,2025-09-05,True,False,1390.0,1390.0,158.03,-111.94,0,1,DINEIN1,1,False,0.0,0,False,15:50:30.247,2025-09-05,0.0,False,1,0.0,DINEIN1,0.0,0,0,-99.99,-10000000000,<NA>,0.0,0,17590,0,0,0,15:50:30.247,0.0,1,0,0.0,0,0,0,15:50:30.247,15:50:30.247
83,Manam,Manam SM Cebu,17591,0.0,0.0,4,0,102267,3,3,<NA>,15:56:13.473,2025-09-05,15:56:13.473,2025-09-05,True,False,863.5699999999999,863.5699999999999,33.21142857142857,-61.17,0,1,DINEIN1,1,False,110.71,0,False,15:56:13.473,2025-09-05,0.0,False,1,0.0,DINEIN1,0.0,0,0,-99.99,-10000000000,<NA>,0.0,0,17591,0,0,0,15:56:13.473,0.0,1,0,0.0,0,0,0,15:56:13.473,15:56:13.473
83,Manam,Manam SM Cebu,17592,0.0,0.0,10,0,102267,1,3,<NA>,16:02:11.327,2025-09-05,16:02:11.327,2025-09-05,True,False,530.0,530.0,56.79,-40.22,0,1,DINEIN1,1,False,0.0,0,False,16:02:11.327,2025-09-05,0.0,False,1,0.0,DINEIN1,0.0,0,0,-99.99,-10000000000,<NA>,0.0,0,17592,0,0,0,16:02:11.327,0.0,1,0,0.0,0,0,0,16:02:11.327,16:02:11.327
83,Manam,Manam SM Cebu,17593,0.0,0.0,0,0,102267,0,10,<NA>,16:44:07.587,2025-09-05,16:44:07.587,2025-09-05,True,False,1390.0,1390.0,148.93,0.0,0,1,FOODPANDA,1,False,0.0,0,False,16:44:07.587,2025-09-05,0.0,False,1,0.0,FOODPANDA,0.0,0,0,-99.99,-10000000000,<NA>,0.0,0,17593,0,0,0,16:44:07.587,0.0,1,0,0.0,0,0,0,16:44:07.587,16:44:07.587
83,Manam,Manam SM Cebu,17594,0.0,0.0,50,0,102267,4,3,<NA>,16:13:51.11,2025-09-05,16:13:51.11,2025-09-05,True,False,2650.0,2650.0,295.72,-209.46,0,1,DINEIN1,1,False,0.0,0,False,16:13:51.11,2025-09-05,0.0,False,1,0.0,DINEIN1,0.0,0,0,-99.99,-10000000000,<NA>,0.0,0,17594,0,0,0,16:13:51.11,0.0,1,0,0.0,0,0,0,16:13:51.11,16:13:51.11
83,Manam,Manam SM Cebu,17595,0.0,0.0,31,0,102267,3,3,<NA>,15:57:51.703,2025-09-05,15:57:51.703,2025-09-05,True,False,1865.0,1865.0,199.81,-141.54,0,1,DINEIN1,1,False,0.0,0,False,15:57:51.703,2025-09-05,0.0,False,1,0.0,DINEIN1,0.0,0,0,-99.99,-10000000000,<NA>,0.0,0,17595,0,0,0,15:57:51.703,0.0,1,0,0.0,0,0,0,15:57:51.703,15:57:51.703
83,Manam,Manam SM Cebu,17596,0.0,0.0,0,0,102267,0,12,<NA>,16:48:16.937,2025-09-05,16:48:16.937,2025-09-05,True,False,2325.0,2325.0,261.43,0.0,0,1,GRABFOOD,1,False,0.0,0,False,16:48:16.937,2025-09-05,0.0,False,1,0.0,GRABFOOD,0.0,0,0,-99.99,-10000000000,<NA>,0.0,0,17596,0,0,0,16:48:16.937,0.0,1,0,0.0,0,0,0,16:48:16.937,16:48:16.937
83,Manam,Manam SM Cebu,17599,0.0,0.0,0,0,102267,0,12,<NA>,17:02:46.75,2025-09-05,17:02:46.75,2025-09-05,True,False,1180.0,1180.0,126.43,0.0,0,1,GRABFOOD,1,False,0.0,0,False,17:02:46.75,2025-09-05,0.0,False,1,0.0,GRABFOOD,0.0,0,0,-99.99,-10000000000,<NA>,0.0,0,17599,0,0,0,17:02:46.75,0.0,1,0,0.0,0,0,0,17:02:46.75,17:02:46.75
83,Manam,Manam SM Cebu,17600,0.0,0.0,28,0,102267,5,3,<NA>,16:43:15.623,2025-09-05,16:43:15.623,2025-09-05,True,False,1319.3600000000001,1319.3600000000001,60.425714285714285,-94.16,0,1,DINEIN1,1,False,151.08,0,False,16:43:15.623,2025-09-05,0.0,False,1,0.0,DINEIN1,0.0,0,0,-99.99,-10000000000,<NA>,0.0,0,17600,0,0,0,16:43:15.623,0.0,1,0,0.0,0,0,0,16:43:15.623,16:43:15.623
83,Manam,Manam SM Cebu,17601,0.0,0.0,11,0,102267,2,3,<NA>,16:05:59.12,2025-09-05,16:05:59.12,2025-09-05,True,False,1390.0,1390.0,148.93,-105.49,0,1,DINEIN1,1,False,0.0,0,False,16:05:59.12,2025-09-05,0.0,False,1,0.0,DINEIN1,0.0,0,0,-99.99,-10000000000,<NA>,0.0,0,17601,0,0,0,16:05:59.12,0.0,1,0,0.0,0,0,0,16:05:59.12,16:05:59.12
83,Manam,Manam SM Cebu,17602,0.0,0.0,20,0,102267,2,3,<NA>,16:32:36.627,2025-09-05,16:32:36.627,2025-09-05,True,False,1130.0,1130.0,121.07,-85.76,0,1,DINEIN1,1,False,0.0,0,False,16:32:36.627,2025-09-05,0.0,False,1,0.0,DINEIN1,0.0,0,0,-99.99,-10000000000,<NA>,0.0,0,17602,0,0,0,16:32:36.627,0.0,1,0,0.0,0,0,0,16:32:36.627,16:32:36.627
83,Manam,Manam SM Cebu,17603,0.0,0.0,51,0,102267,4,1,<NA>,16:42:31.767,2025-09-05,16:42:31.767,2025-09-05,True,False,1245.0,1245.0,145.17,-102.83,0,1,DINEIN1,1,False,0.0,0,False,16:42:31.767,2025-09-05,0.0,False,1,0.0,DINEIN1,0.0,0,0,-99.99,-10000000000,<NA>,0.0,0,17603,0,0,0,16:42:31.767,0.0,1,0,0.0,0,0,0,16:42:31.767,16:42:31.767
83,Manam,Manam SM Cebu,17604,0.0,0.0,0,0,102267,0,12,<NA>,17:25:25.983,2025-09-05,17:25:25.983,2025-09-05,True,False,510.0,510.0,54.64,0.0,0,1,GRABFOOD,1,False,0.0,0,False,17:25:25.983,2025-09-05,0.0,False,1,0.0,GRABFOOD,0.0,0,0,-99.99,-10000000000,<NA>,0.0,0,17604,0,0,0,17:25:25.983,0.0,1,0,0.0,0,0,0,17:25:25.983,17:25:25.983
83,Manam,Manam SM Cebu,17605,0.0,0.0,0,0,102267,0,12,<NA>,17:29:47.79,2025-09-05,17:29:47.79,2025-09-05,True,False,235.0,235.0,25.18,0.0,0,1,GRABFOOD,1,False,0.0,0,False,17:29:47.79,2025-09-05,0.0,False,1,0.0,GRABFOOD,0.0,0,0,-99.99,-10000000000,<NA>,0.0,0,17605,0,0,0,17:29:47.79,0.0,1,0,0.0,0,0,0,17:29:47.79,17:29:47.79
83,Manam,Manam SM Cebu,17606,0.0,0.0,0,0,102267,0,12,<NA>,17:30:41.183,2025-09-05,17:30:41.183,2025-09-05,True,False,955.0,955.0,102.32,0.0,0,1,GRABFOOD,1,False,0.0,0,False,17:30:41.183,2025-09-05,0.0,False,1,0.0,GRABFOOD,0.0,0,0,-99.99,-10000000000,<NA>,0.0,0,17606,0,0,0,17:30:41.183,0.0,1,0,0.0,0,0,0,17:30:41.183,17:30:41.183
83,Manam,Manam SM Cebu,17607,0.0,0.0,0,0,102267,0,12,<NA>,17:32:16.143,2025-09-05,17:32:16.143,2025-09-05,True,False,598.0,598.0,64.07,0.0,0,1,GRABFOOD,1,False,0.0,0,False,17:32:16.143,2025-09-05,0.0,False,1,0.0,GRABFOOD,0.0,0,0,-99.99,-10000000000,<NA>,0.0,0,17607,0,0,0,17:32:16.143,0.0,1,0,0.0,0,0,0,17:32:16.143,17:32:16.143
83,Manam,Manam SM Cebu,17608,0.0,0.0,0,0,102267,0,12,<NA>,17:39:59.927,2025-09-05,17:39:59.927,2025-09-05,True,False,785.0,785.0,84.11,0.0,0,1,GRABFOOD,1,False,0.0,0,False,17:39:59.927,2025-09-05,0.0,False,1,0.0,GRABFOOD,0.0,0,0,-99.99,-10000000000,<NA>,0.0,0,17608,0,0,0,17:39:59.927,0.0,1,0,0.0,0,0,0,17:39:59.927,17:39:59.927
83,Manam,Manam SM Cebu,17609,0.0,0.0,0,0,102267,0,12,<NA>,17:43:39.887,2025-09-05,17:43:39.887,2025-09-05,True,False,923.0,923.0,98.88,0.0,0,1,GRABFOOD,1,False,0.0,0,False,17:43:39.887,2025-09-05,0.0,False,1,0.0,GRABFOOD,0.0,0,0,-99.99,-10000000000,<NA>,0.0,0,17609,0,0,0,17:43:39.887,0.0,1,0,0.0,0,0,0,17:43:39.887,17:43:39.887
83,Manam,Manam SM Cebu,17610,0.0,0.0,0,0,102267,0,10,<NA>,17:46:07.99,2025-09-05,17:46:07.99,2025-09-05,True,False,6115.0,6115.0,655.19,0.0,0,1,FOODPANDA,1,False,0.0,0,False,17:46:07.99,2025-09-05,0.0,False,1,0.0,FOODPANDA,0.0,0,0,-99.99,-10000000000,<NA>,0.0,0,17610,0,0,0,17:46:07.99,0.0,1,0,0.0,0,0,0,17:46:07.99,17:46:07.99
83,Manam,Manam SM Cebu,17611,0.0,0.0,40,0,102267,1,1,<NA>,17:17:23.023,2025-09-05,17:17:23.023,2025-09-05,True,False,473.21000000000004,473.21000000000004,0.0,-32.18,0,1,DINEIN1,1,False,94.65,0,False,17:17:23.023,2025-09-05,0.0,False,1,0.0,DINEIN1,0.0,0,0,-99.99,-10000000000,<NA>,0.0,0,17611,0,0,0,17:17:23.023,0.0,1,0,0.0,0,0,0,17:17:23.023,17:17:23.023
83,Manam,Manam SM Cebu,17612,0.0,0.0,10,0,102267,2,3,<NA>,17:11:21.73,2025-09-05,17:11:21.73,2025-09-05,True,False,1255.0,1255.0,143.57,-101.7,0,1,DINEIN1,1,False,0.0,0,False,17:11:21.73,2025-09-05,0.0,False,1,0.0,DINEIN1,0.0,0,0,-99.99,-10000000000,<NA>,0.0,0,17612,0,0,0,17:11:21.73,0.0,1,0,0.0,0,0,0,17:11:21.73,17:11:21.73
83,Manam,Manam SM Cebu,17613,0.0,0.0,0,0,102267,0,12,<NA>,17:51:57.21,2025-09-05,17:51:57.21,2025-09-05,True,False,525.0,525.0,56.25,0.0,0,1,GRABFOOD,1,False,0.0,0,False,17:51:57.21,2025-09-05,0.0,False,1,0.0,GRABFOOD,0.0,0,0,-99.99,-10000000000,<NA>,0.0,0,17613,0,0,0,17:51:57.21,0.0,1,0,0.0,0,0,0,17:51:57.21,17:51:57.21
83,Manam,Manam SM Cebu,17614,0.0,0.0,21,0,102267,4,3,<NA>,16:59:18.507,2025-09-05,16:59:18.507,2025-09-05,True,False,2749.37,2749.37,155.62857142857143,-198.42,0,1,DINEIN1,1,False,259.37,0,False,16:59:18.507,2025-09-05,0.0,False,1,0.0,DINEIN1,0.0,0,0,-99.99,-10000000000,<NA>,0.0,0,17614,0,0,0,16:59:18.507,0.0,1,0,0.0,0,0,0,16:59:18.507,16:59:18.507
83,Manam,Manam SM Cebu,17615,0.0,0.0,52,0,102267,2,3,<NA>,17:16:22.147,2025-09-05,17:16:22.147,2025-09-05,True,False,1605.0,1605.0,181.07,-128.26,0,1,DINEIN1,1,False,0.0,0,False,17:16:22.147,2025-09-05,0.0,False,1,0.0,DINEIN1,0.0,0,0,-99.99,-10000000000,<NA>,0.0,0,17615,0,0,0,17:16:22.147,0.0,1,0,0.0,0,0,0,17:16:22.147,17:16:22.147
83,Manam,Manam SM Cebu,17616,0.0,0.0,0,0,102267,0,12,<NA>,17:55:41.723,2025-09-05,17:55:41.723,2025-09-05,True,False,1686.0,1686.0,223.49,0.0,0,1,GRABFOOD,1,False,0.0,0,False,17:55:41.723,2025-09-05,0.0,False,1,0.0,GRABFOOD,0.0,0,0,-99.99,-10000000000,<NA>,0.0,0,17616,0,0,0,17:55:41.723,0.0,1,0,0.0,0,0,0,17:55:41.723,17:55:41.723
83,Manam,Manam SM Cebu,17617,0.0,0.0,0,0,102267,0,1,<NA>,18:00:15.45,2025-09-05,18:00:15.45,2025-09-05,True,False,145.0,145.0,15.54,0.0,0,1,TAKEOUT,1,False,0.0,0,False,18:00:15.45,2025-09-05,0.0,False,1,0.0,TAKEOUT,0.0,0,0,-99.99,-10000000000,<NA>,0.0,0,17617,0,0,0,18:00:15.45,0.0,1,0,0.0,0,0,0,18:00:15.45,18:00:15.45
83,Manam,Manam SM Cebu,17618,0.0,0.0,33,0,102267,3,3,<NA>,17:14:51.257,2025-09-05,17:14:51.257,2025-09-05,True,False,2370.0,2370.0,263.04,-186.32,0,1,DINEIN1,1,False,0.0,0,False,17:14:51.257,2025-09-05,0.0,False,1,0.0,DINEIN1,0.0,0,0,-99.99,-10000000000,<NA>,0.0,0,17618,0,0,0,17:14:51.257,0.0,1,0,0.0,0,0,0,17:14:51.257,17:14:51.257
83,Manam,Manam SM Cebu,17619,0.0,0.0,50,0,102267,5,1,<NA>,17:18:15.467,2025-09-05,17:18:15.467,2025-09-05,True,False,1996.29,1996.29,174.86142857142855,-148.63,0,1,DINEIN1,1,False,72.86,0,False,17:18:15.467,2025-09-05,0.0,False,1,0.0,DINEIN1,0.0,0,0,-99.99,-10000000000,<NA>,0.0,0,17619,0,0,0,17:18:15.467,0.0,1,0,0.0,0,0,0,17:18:15.467,17:18:15.467
83,Manam,Manam SM Cebu,17620,0.0,0.0,1,0,102267,4,3,<NA>,17:19:22.303,2025-09-05,17:19:22.303,2025-09-05,True,False,2265.0,2265.0,264.65,-187.46,0,1,DINEIN1,1,False,0.0,0,False,17:19:22.303,2025-09-05,0.0,False,1,0.0,DINEIN1,0.0,0,0,-99.99,-10000000000,<NA>,0.0,0,17620,0,0,0,17:19:22.303,0.0,1,0,0.0,0,0,0,17:19:22.303,17:19:22.303
83,Manam,Manam SM Cebu,17621,0.0,0.0,0,0,102267,0,10,<NA>,18:11:51.83,2025-09-05,18:11:51.83,2025-09-05,True,False,820.0,820.0,87.86,0.0,0,1,FOODPANDA,1,False,0.0,0,False,18:11:51.83,2025-09-05,0.0,False,1,0.0,FOODPANDA,0.0,0,0,-99.99,-10000000000,<NA>,0.0,0,17621,0,0,0,18:11:51.83,0.0,1,0,0.0,0,0,0,18:11:51.83,18:11:51.83
83,Manam,Manam SM Cebu,17622,0.0,0.0,23,0,102267,3,1,<NA>,17:25:02.957,2025-09-05,17:25:02.957,2025-09-05,True,False,1996.08,1996.08,147.85714285714283,-146.62,0,1,DINEIN1,1,False,123.21,0,False,17:25:02.957,2025-09-05,0.0,False,1,0.0,DINEIN1,0.0,0,0,-99.99,-10000000000,<NA>,0.0,0,17622,0,0,0,17:25:02.957,0.0,1,0,0.0,0,0,0,17:25:02.957,17:25:02.957
83,Manam,Manam SM Cebu,17623,0.0,0.0,0,0,102267,0,12,<NA>,18:15:15.443,2025-09-05,18:15:15.443,2025-09-05,True,False,750.0,750.0,80.36,0.0,0,1,GRABFOOD,1,False,0.0,0,False,18:15:15.443,2025-09-05,0.0,False,1,0.0,GRABFOOD,0.0,0,0,-99.99,-10000000000,<NA>,0.0,0,17623,0,0,0,18:15:15.443,0.0,1,0,0.0,0,0,0,18:15:15.443,18:15:15.443
83,Manam,Manam SM Cebu,17624,0.0,0.0,0,0,102267,0,12,<NA>,18:20:18.267,2025-09-05,18:20:18.267,2025-09-05,True,False,533.0,533.0,57.11,0.0,0,1,GRABFOOD,1,False,0.0,0,False,18:20:18.267,2025-09-05,0.0,False,1,0.0,GRABFOOD,0.0,0,0,-99.99,-10000000000,<NA>,0.0,0,17624,0,0,0,18:20:18.267,0.0,1,0,0.0,0,0,0,18:20:18.267,18:20:18.267
83,Manam,Manam SM Cebu,17625,0.0,0.0,11,0,102267,3,3,<NA>,17:41:28.203,2025-09-05,17:41:28.203,2025-09-05,True,False,1576.6,1576.6,116.78142857142856,-115.81,0,1,DINEIN1,1,False,97.32,0,False,17:41:28.203,2025-09-05,0.0,False,1,0.0,DINEIN1,0.0,0,0,-99.99,-10000000000,<NA>,0.0,0,17625,0,0,0,17:41:28.203,0.0,1,0,0.0,0,0,0,17:41:28.203,17:41:28.203
83,Manam,Manam SM Cebu,17628,0.0,0.0,0,0,105539,0,10,<NA>,18:25:51.593,2025-09-05,18:25:51.593,2025-09-05,True,False,258.0,258.0,27.64,0.0,0,1,FOODPANDA,1,False,0.0,0,False,18:25:51.593,2025-09-05,0.0,False,1,0.0,FOODPANDA,0.0,0,0,-99.99,-10000000000,<NA>,0.0,0,17628,0,0,0,18:25:51.593,0.0,1,0,0.0,0,0,0,18:25:51.593,18:25:51.593
83,Manam,Manam SM Cebu,17629,0.0,0.0,0,0,105539,0,10,<NA>,18:27:50.773,2025-09-05,18:27:50.773,2025-09-05,True,False,700.0,700.0,75.0,0.0,0,1,FOODPANDA,1,False,0.0,0,False,18:27:50.773,2025-09-05,0.0,False,1,0.0,FOODPANDA,0.0,0,0,-99.99,-10000000000,<NA>,0.0,0,17629,0,0,0,18:27:50.773,0.0,1,0,0.0,0,0,0,18:27:50.773,18:27:50.773
83,Manam,Manam SM Cebu,17631,0.0,0.0,20,0,105539,2,3,<NA>,17:33:02.573,2025-09-05,17:33:02.573,2025-09-05,True,False,1570.0,1570.0,168.22,-119.15,0,1,DINEIN1,1,False,0.0,0,False,17:33:02.573,2025-09-05,0.0,False,1,0.0,DINEIN1,0.0,0,0,-99.99,-10000000000,<NA>,0.0,0,17631,0,0,0,17:33:02.573,0.0,1,0,0.0,0,0,0,17:33:02.573,17:33:02.573
83,Manam,Manam SM Cebu,17632,0.0,0.0,30,0,105539,2,1,<NA>,17:50:10.633,2025-09-05,17:50:10.633,2025-09-05,True,False,1405.0,1405.0,150.53,-106.63,0,1,DINEIN1,1,False,0.0,0,False,17:50:10.633,2025-09-05,0.0,False,1,0.0,DINEIN1,0.0,0,0,-99.99,-10000000000,<NA>,0.0,0,17632,0,0,0,17:50:10.633,0.0,1,0,0.0,0,0,0,17:50:10.633,17:50:10.633
83,Manam,Manam SM Cebu,17633,0.0,0.0,51,0,105539,2,1,<NA>,17:44:23.893,2025-09-05,17:44:23.893,2025-09-05,True,False,1060.0,1060.0,113.58,-80.45,0,1,DINEIN1,1,False,0.0,0,False,17:44:23.893,2025-09-05,0.0,False,1,0.0,DINEIN1,0.0,0,0,-99.99,-10000000000,<NA>,0.0,0,17633,0,0,0,17:44:23.893,0.0,1,0,0.0,0,0,0,17:44:23.893,17:44:23.893
83,Manam,Manam SM Cebu,17634,0.0,0.0,19,0,105539,5,3,<NA>,17:37:28.683,2025-09-05,17:37:28.683,2025-09-05,True,False,2700.0,2700.0,309.1,-218.95,0,1,DINEIN1,1,False,0.0,0,False,17:37:28.683,2025-09-05,0.0,False,1,0.0,DINEIN1,0.0,0,0,-99.99,-10000000000,<NA>,0.0,0,17634,0,0,0,17:37:28.683,0.0,1,0,0.0,0,0,0,17:37:28.683,17:37:28.683
83,Manam,Manam SM Cebu,17635,0.0,0.0,0,0,105539,0,10,<NA>,18:36:45.97,2025-09-05,18:36:45.97,2025-09-05,True,False,941.0,941.0,100.82,0.0,0,1,FOODPANDA,1,False,0.0,0,False,18:36:45.97,2025-09-05,0.0,False,1,0.0,FOODPANDA,0.0,0,0,-99.99,-10000000000,<NA>,0.0,0,17635,0,0,0,18:36:45.97,0.0,1,0,0.0,0,0,0,18:36:45.97,18:36:45.97
83,Manam,Manam SM Cebu,17636,0.0,0.0,0,0,105539,0,12,<NA>,18:38:43.773,2025-09-05,18:38:43.773,2025-09-05,True,False,288.0,288.0,30.86,0.0,0,1,GRABFOOD,1,False,0.0,0,False,18:38:43.773,2025-09-05,0.0,False,1,0.0,GRABFOOD,0.0,0,0,-99.99,-10000000000,<NA>,0.0,0,17636,0,0,0,18:38:43.773,0.0,1,0,0.0,0,0,0,18:38:43.773,18:38:43.773
83,Manam,Manam SM Cebu,17637,0.0,0.0,18,0,105539,4,3,<NA>,17:48:29.19,2025-09-05,17:48:29.19,2025-09-05,True,False,2337.68,2337.68,132.3242857142857,-168.71,0,1,DINEIN1,1,False,220.54,0,False,17:48:29.19,2025-09-05,0.0,False,1,0.0,DINEIN1,0.0,0,0,-99.99,-10000000000,<NA>,0.0,0,17637,0,0,0,17:48:29.19,0.0,1,0,0.0,0,0,0,17:48:29.19,17:48:29.19
83,Manam,Manam SM Cebu,17638,0.0,0.0,23,0,105539,2,3,<NA>,18:08:45.337,2025-09-05,18:08:45.337,2025-09-05,True,False,1630.63,1630.63,102.03857142857142,-126.7,0,1,DINEIN1,1,False,165.63,0,False,18:08:45.337,2025-09-05,0.0,False,1,0.0,DINEIN1,0.0,0,0,-99.99,-10000000000,<NA>,0.0,0,17638,0,0,0,18:08:45.337,0.0,1,0,0.0,0,0,0,18:08:45.337,18:08:45.337
83,Manam,Manam SM Cebu,17639,0.0,0.0,3,0,105539,1,1,<NA>,18:18:04.447,2025-09-05,18:18:04.447,2025-09-05,True,False,635.0,635.0,77.15,-54.64,0,1,DINEIN1,1,False,0.0,0,False,18:18:04.447,2025-09-05,0.0,False,1,0.0,DINEIN1,0.0,0,0,-99.99,-10000000000,<NA>,0.0,0,17639,0,0,0,18:18:04.447,0.0,1,0,0.0,0,0,0,18:18:04.447,18:18:04.447
83,Manam,Manam SM Cebu,17640,0.0,0.0,0,0,105539,0,12,<NA>,18:47:00.91,2025-09-05,18:47:00.91,2025-09-05,True,False,1470.0,1470.0,157.49,0.0,0,1,GRABFOOD,1,False,0.0,0,False,18:47:00.91,2025-09-05,0.0,False,1,0.0,GRABFOOD,0.0,0,0,-99.99,-10000000000,<NA>,0.0,0,17640,0,0,0,18:47:00.91,0.0,1,0,0.0,0,0,0,18:47:00.91,18:47:00.91
83,Manam,Manam SM Cebu,17641,0.0,0.0,31,0,105539,3,1,<NA>,17:12:43.023,2025-09-05,17:12:43.023,2025-09-05,True,False,2222.5,2222.5,177.86142857142855,-176.37,0,1,DINEIN1,1,False,148.21,0,False,17:12:43.023,2025-09-05,0.0,False,1,0.0,DINEIN1,0.0,0,0,-99.99,-10000000000,<NA>,0.0,0,17641,0,0,0,17:12:43.023,0.0,1,0,0.0,0,0,0,17:12:43.023,17:12:43.023
83,Manam,Manam SM Cebu,17643,0.0,0.0,0,0,105539,0,12,<NA>,18:54:19.58,2025-09-05,18:54:19.58,2025-09-05,True,False,676.0,676.0,72.43,0.0,0,1,GRABFOOD,1,False,0.0,0,False,18:54:19.58,2025-09-05,0.0,False,1,0.0,GRABFOOD,0.0,0,0,-99.99,-10000000000,<NA>,0.0,0,17643,0,0,0,18:54:19.58,0.0,1,0,0.0,0,0,0,18:54:19.58,18:54:19.58
83,Manam,Manam SM Cebu,17644,0.0,0.0,50,0,105539,5,3,<NA>,18:09:55.837,2025-09-05,18:09:55.837,2025-09-05,True,False,2100.0,2100.0,225.0,-159.38,0,1,DINEIN1,1,False,0.0,0,False,18:09:55.837,2025-09-05,0.0,False,1,0.0,DINEIN1,0.0,0,0,-99.99,-10000000000,<NA>,0.0,0,17644,0,0,0,18:09:55.837,0.0,1,0,0.0,0,0,0,18:09:55.837,18:09:55.837
83,Manam,Manam SM Cebu,17645,0.0,0.0,0,0,105539,0,12,<NA>,18:56:38.653,2025-09-05,18:56:38.653,2025-09-05,True,False,408.0,408.0,43.71,0.0,0,1,GRABFOOD,1,False,0.0,0,False,18:56:38.653,2025-09-05,0.0,False,1,0.0,GRABFOOD,0.0,0,0,-99.99,-10000000000,<NA>,0.0,0,17645,0,0,0,18:56:38.653,0.0,1,0,0.0,0,0,0,18:56:38.653,18:56:38.653
83,Manam,Manam SM Cebu,17646,0.0,0.0,28,0,105539,7,3,20% EMP,17:45:39.823,2025-09-05,17:45:39.823,2025-09-05,True,False,3565.0,3565.0,305.57,-216.45,0,1,DINEIN1,1,False,713.0,0,False,17:45:39.823,2025-09-05,0.0,False,1,0.0,DINEIN1,0.0,0,0,-99.99,-10000000000,<NA>,0.0,0,17646,0,0,0,17:45:39.823,0.0,1,0,0.0,0,0,0,17:45:39.823,17:45:39.823
83,Manam,Manam SM Cebu,17647,0.0,0.0,52,0,105539,3,1,<NA>,18:20:55.87,2025-09-05,18:20:55.87,2025-09-05,True,False,1925.0,1925.0,206.25,-146.09,0,1,DINEIN1,1,False,0.0,0,False,18:20:55.87,2025-09-05,0.0,False,1,0.0,DINEIN1,0.0,0,0,-99.99,-10000000000,<NA>,0.0,0,17647,0,0,0,18:20:55.87,0.0,1,0,0.0,0,0,0,18:20:55.87,18:20:55.87
83,Manam,Manam SM Cebu,17648,0.0,0.0,21,0,105539,3,3,<NA>,18:03:08.06,2025-09-05,18:03:08.06,2025-09-05,True,False,2315.0,2315.0,248.03,-175.69,0,1,DINEIN1,1,False,0.0,0,False,18:03:08.06,2025-09-05,0.0,False,1,0.0,DINEIN1,0.0,0,0,-99.99,-10000000000,<NA>,0.0,0,17648,0,0,0,18:03:08.06,0.0,1,0,0.0,0,0,0,18:03:08.06,18:03:08.06
83,Manam,Manam SM Cebu,17649,0.0,0.0,14,0,105539,3,3,<NA>,18:01:17.393,2025-09-05,18:01:17.393,2025-09-05,True,False,2650.0,2650.0,303.76,-215.16,0,1,DINEIN1,1,False,0.0,0,False,18:01:17.393,2025-09-05,0.0,False,1,0.0,DINEIN1,0.0,0,0,-99.99,-10000000000,<NA>,0.0,0,17649,0,0,0,18:01:17.393,0.0,1,0,0.0,0,0,0,18:01:17.393,18:01:17.393
83,Manam,Manam SM Cebu,17650,0.0,0.0,45,0,105539,11,3,<NA>,16:58:53.897,2025-09-05,16:58:53.897,2025-09-05,True,False,4878.17,4878.17,553.3257142857142,-571.08,0,1,DINEIN1,1,False,526.94,0,False,16:58:53.897,2025-09-05,0.0,False,1,0.0,DINEIN1,0.0,0,0,-99.99,-10000000000,<NA>,0.0,0,17650,0,0,0,16:58:53.897,0.0,1,0,0.0,0,0,0,16:58:53.897,16:58:53.897
83,Manam,Manam SM Cebu,17651,0.0,0.0,8,0,105539,7,3,<NA>,16:57:15.953,2025-09-05,16:57:15.953,2025-09-05,True,False,3910.0,3910.0,978.21,-692.9,0,1,DINEIN1,1,False,0.0,0,False,16:57:15.953,2025-09-05,0.0,False,1,0.0,DINEIN1,0.0,0,0,-99.99,-10000000000,<NA>,0.0,0,17651,0,0,0,16:57:15.953,0.0,1,0,0.0,0,0,0,16:57:15.953,16:57:15.953
83,Manam,Manam SM Cebu,17652,0.0,0.0,9,0,105539,5,3,<NA>,16:57:15.953,2025-09-05,16:57:15.953,2025-09-05,True,False,705.0,705.0,266.79,-188.97,0,1,DINEIN1,1,False,0.0,0,False,16:57:15.953,2025-09-05,0.0,False,1,0.0,DINEIN1,0.0,0,0,-99.99,-10000000000,<NA>,0.0,0,17652,0,0,0,16:57:15.953,0.0,1,0,0.0,0,0,0,16:57:15.953,16:57:15.953
83,Manam,Manam SM Cebu,17655,0.0,0.0,33,0,105539,5,3,<NA>,18:14:50.85,2025-09-05,18:14:50.85,2025-09-05,True,False,2915.0,2915.0,376.62,-266.76,0,1,DINEIN1,1,False,0.0,0,False,18:14:50.85,2025-09-05,0.0,False,1,0.0,DINEIN1,0.0,0,0,-99.99,-10000000000,<NA>,0.0,0,17655,0,0,0,18:14:50.85,0.0,1,0,0.0,0,0,0,18:14:50.85,18:14:50.85
83,Manam,Manam SM Cebu,17656,0.0,0.0,10,0,105539,2,1,<NA>,18:19:35.423,2025-09-05,18:19:35.423,2025-09-05,True,False,1367.5900000000001,1367.5900000000001,77.40857142857142,-98.7,0,1,DINEIN1,1,False,129.02,0,False,18:19:35.423,2025-09-05,0.0,False,1,0.0,DINEIN1,0.0,0,0,-99.99,-10000000000,<NA>,0.0,0,17656,0,0,0,18:19:35.423,0.0,1,0,0.0,0,0,0,18:19:35.423,18:19:35.423
83,Manam,Manam SM Cebu,17657,0.0,0.0,0,0,105539,0,10,<NA>,19:28:13.267,2025-09-05,19:28:13.267,2025-09-05,True,False,480.0,480.0,51.43,0.0,0,1,FOODPANDA,1,False,0.0,0,False,19:28:13.267,2025-09-05,0.0,False,1,0.0,FOODPANDA,0.0,0,0,-99.99,-10000000000,<NA>,0.0,0,17657,0,0,0,19:28:13.267,0.0,1,0,0.0,0,0,0,19:28:13.267,19:28:13.267
83,Manam,Manam SM Cebu,17658,0.0,0.0,0,0,105539,0,12,<NA>,19:29:51.42,2025-09-05,19:29:51.42,2025-09-05,True,False,595.0,595.0,63.75,0.0,0,1,GRABFOOD,1,False,0.0,0,False,19:29:51.42,2025-09-05,0.0,False,1,0.0,GRABFOOD,0.0,0,0,-99.99,-10000000000,<NA>,0.0,0,17658,0,0,0,19:29:51.42,0.0,1,0,0.0,0,0,0,19:29:51.42,19:29:51.42
83,Manam,Manam SM Cebu,17659,0.0,0.0,27,0,105539,7,1,<NA>,19:01:14.557,2025-09-05,19:01:14.557,2025-09-05,True,False,3722.37,3722.37,260.4042857142857,-291.09,0,1,DINEIN1,1,False,321.04,0,False,19:01:14.557,2025-09-05,0.0,False,1,0.0,DINEIN1,0.0,0,0,-99.99,-10000000000,<NA>,0.0,0,17659,0,0,0,19:01:14.557,0.0,1,0,0.0,0,0,0,19:01:14.557,19:01:14.557
83,Manam,Manam SM Cebu,17661,0.0,0.0,1,0,105539,18,3,<NA>,18:39:36.323,2025-09-05,18:39:36.323,2025-09-05,True,False,4405.0,4405.0,957.88,-678.48,0,1,DINEIN1,1,False,0.0,0,False,18:39:36.323,2025-09-05,0.0,False,1,0.0,DINEIN1,0.0,0,0,-99.99,-10000000000,<NA>,0.0,0,17661,0,0,0,18:39:36.323,0.0,1,0,0.0,0,0,0,18:39:36.323,18:39:36.323
83,Manam,Manam SM Cebu,17662,0.0,0.0,52,0,105539,2,3,<NA>,19:07:50.99,2025-09-05,19:07:50.99,2025-09-05,True,False,894.01,894.01,55.98,-71.37,0,1,DINEIN1,1,False,93.3,0,False,19:07:50.99,2025-09-05,0.0,False,1,0.0,DINEIN1,0.0,0,0,-99.99,-10000000000,<NA>,0.0,0,17662,0,0,0,19:07:50.99,0.0,1,0,0.0,0,0,0,19:07:50.99,19:07:50.99
83,Manam,Manam SM Cebu,17663,0.0,0.0,0,0,105539,0,12,<NA>,19:49:54.453,2025-09-05,19:49:54.453,2025-09-05,True,False,583.0,583.0,62.46,0.0,0,1,GRABFOOD,1,False,0.0,0,False,19:49:54.453,2025-09-05,0.0,False,1,0.0,GRABFOOD,0.0,0,0,-99.99,-10000000000,<NA>,0.0,0,17663,0,0,0,19:49:54.453,0.0,1,0,0.0,0,0,0,19:49:54.453,19:49:54.453
83,Manam,Manam SM Cebu,17664,0.0,0.0,0,0,105539,0,12,<NA>,19:54:19.993,2025-09-05,19:54:19.993,2025-09-05,True,False,458.0,458.0,49.07,0.0,0,1,GRABFOOD,1,False,0.0,0,False,19:54:19.993,2025-09-05,0.0,False,1,0.0,GRABFOOD,0.0,0,0,-99.99,-10000000000,<NA>,0.0,0,17664,0,0,0,19:54:19.993,0.0,1,0,0.0,0,0,0,19:54:19.993,19:54:19.993
83,Manam,Manam SM Cebu,17665,0.0,0.0,40,0,105539,4,3,<NA>,19:12:53.55,2025-09-05,19:12:53.55,2025-09-05,True,False,1508.21,1508.21,43.93,-105.8,0,1,DINEIN1,1,False,219.64,0,False,19:12:53.55,2025-09-05,0.0,False,1,0.0,DINEIN1,0.0,0,0,-99.99,-10000000000,<NA>,0.0,0,17665,0,0,0,19:12:53.55,0.0,1,0,0.0,0,0,0,19:12:53.55,19:12:53.55
83,Manam,Manam SM Cebu,17666,0.0,0.0,0,0,105539,0,10,<NA>,19:59:47.84,2025-09-05,19:59:47.84,2025-09-05,True,False,1405.0,1405.0,150.53,0.0,0,1,FOODPANDA,1,False,0.0,0,False,19:59:47.84,2025-09-05,0.0,False,1,0.0,FOODPANDA,0.0,0,0,-99.99,-10000000000,<NA>,0.0,0,17666,0,0,0,19:59:47.84,0.0,1,0,0.0,0,0,0,19:59:47.84,19:59:47.84
83,Manam,Manam SM Cebu,17667,0.0,0.0,51,0,105539,3,1,<NA>,18:59:42.67,2025-09-05,18:59:42.67,2025-09-05,True,False,1375.0,1375.0,158.03,-111.94,0,1,DINEIN1,1,False,0.0,0,False,18:59:42.67,2025-09-05,0.0,False,1,0.0,DINEIN1,0.0,0,0,-99.99,-10000000000,<NA>,0.0,0,17667,0,0,0,18:59:42.67,0.0,1,0,0.0,0,0,0,18:59:42.67,18:59:42.67
83,Manam,Manam SM Cebu,17668,0.0,0.0,10,0,105539,1,1,<NA>,19:26:35.297,2025-09-05,19:26:35.297,2025-09-05,True,False,750.0,750.0,80.35,-56.92,0,1,DINEIN1,1,False,0.0,0,False,19:26:35.297,2025-09-05,0.0,False,1,0.0,DINEIN1,0.0,0,0,-99.99,-10000000000,<NA>,0.0,0,17668,0,0,0,19:26:35.297,0.0,1,0,0.0,0,0,0,19:26:35.297,19:26:35.297
83,Manam,Manam SM Cebu,17669,0.0,0.0,25,0,105539,6,3,<NA>,19:02:35.7,2025-09-05,19:02:35.7,2025-09-05,True,False,2565.0,2565.0,189.99571428571429,-188.41,0,1,DINEIN1,1,False,158.33,0,False,19:02:35.7,2025-09-05,0.0,False,1,0.0,DINEIN1,0.0,0,0,-99.99,-10000000000,<NA>,0.0,0,17669,0,0,0,19:02:35.7,0.0,1,0,0.0,0,0,0,19:02:35.7,19:02:35.7
83,Manam,Manam SM Cebu,17670,0.0,0.0,11,0,105539,3,3,<NA>,18:49:00.223,2025-09-05,18:49:00.223,2025-09-05,True,False,2815.0,2815.0,317.67,-225.02,0,1,DINEIN1,1,False,0.0,0,False,18:49:00.223,2025-09-05,0.0,False,1,0.0,DINEIN1,0.0,0,0,-99.99,-10000000000,<NA>,0.0,0,17670,0,0,0,18:49:00.223,0.0,1,0,0.0,0,0,0,18:49:00.223,18:49:00.223
83,Manam,Manam SM Cebu,17671,0.0,0.0,28,0,105539,2,3,<NA>,19:46:14.52,2025-09-05,19:46:14.52,2025-09-05,True,False,834.8299999999999,834.8299999999999,0.0,-56.77,0,1,DINEIN1,1,False,166.97,0,False,19:46:14.52,2025-09-05,0.0,False,1,0.0,DINEIN1,0.0,0,0,-99.99,-10000000000,<NA>,0.0,0,17671,0,0,0,19:46:14.52,0.0,1,0,0.0,0,0,0,19:46:14.52,19:46:14.52
83,Manam,Manam SM Cebu,17672,0.0,0.0,9,0,105539,7,1,<NA>,19:21:44.3,2025-09-05,19:21:44.3,2025-09-05,True,False,3260.42,3260.42,535.8814285714286,-429.44,0,1,DINEIN1,1,False,148.6,0,False,19:21:44.3,2025-09-05,0.0,False,1,0.0,DINEIN1,0.0,0,0,-99.99,-10000000000,<NA>,0.0,0,17672,0,0,0,19:21:44.3,0.0,1,0,0.0,0,0,0,19:21:44.3,19:21:44.3
83,Manam,Manam SM Cebu,17673,0.0,0.0,20,0,105539,8,3,<NA>,19:06:41.66,2025-09-05,19:06:41.66,2025-09-05,True,False,5489.77,5489.77,541.1957142857142,-485.58,0,1,DINEIN1,1,False,300.67,0,False,19:06:41.66,2025-09-05,0.0,False,1,0.0,DINEIN1,0.0,0,0,-99.99,-10000000000,<NA>,0.0,0,17673,0,0,0,19:06:41.66,0.0,1,0,0.0,0,0,0,19:06:41.66,19:06:41.66
83,Manam,Manam SM Cebu,17674,0.0,0.0,18,0,105539,5,3,<NA>,18:36:56.907,2025-09-05,18:36:56.907,2025-09-05,True,False,4100.0,4100.0,536.8,-380.22,0,1,DINEIN1,1,False,0.0,0,False,18:36:56.907,2025-09-05,0.0,False,1,0.0,DINEIN1,0.0,0,0,-99.99,-10000000000,<NA>,0.0,0,17674,0,0,0,18:36:56.907,0.0,1,0,0.0,0,0,0,18:36:56.907,18:36:56.907
83,Manam,Manam SM Cebu,17675,0.0,0.0,0,0,105539,0,12,<NA>,20:16:04.077,2025-09-05,20:16:04.077,2025-09-05,True,False,305.0,305.0,32.68,0.0,0,1,GRABFOOD,1,False,0.0,0,False,20:16:04.077,2025-09-05,0.0,False,1,0.0,GRABFOOD,0.0,0,0,-99.99,-10000000000,<NA>,0.0,0,17675,0,0,0,20:16:04.077,0.0,1,0,0.0,0,0,0,20:16:04.077,20:16:04.077
83,Manam,Manam SM Cebu,17676,0.0,0.0,45,0,105539,1,3,<NA>,19:14:55.847,2025-09-05,19:14:55.847,2025-09-05,True,False,1100.0,1100.0,117.85,-83.48,0,1,DINEIN1,1,False,0.0,0,False,19:14:55.847,2025-09-05,0.0,False,1,0.0,DINEIN1,0.0,0,0,-99.99,-10000000000,<NA>,0.0,0,17676,0,0,0,19:14:55.847,0.0,1,0,0.0,0,0,0,19:14:55.847,19:14:55.847
83,Manam,Manam SM Cebu,17677,0.0,0.0,50,0,105539,7,3,<NA>,18:57:07.56,2025-09-05,18:57:07.56,2025-09-05,True,False,3717.6,3717.6,293.49285714285713,-274.42,0,1,DINEIN1,1,False,195.66,0,False,18:57:07.56,2025-09-05,0.0,False,1,0.0,DINEIN1,0.0,0,0,-99.99,-10000000000,<NA>,0.0,0,17677,0,0,0,18:57:07.56,0.0,1,0,0.0,0,0,0,18:57:07.56,18:57:07.56
83,Manam,Manam SM Cebu,17678,0.0,0.0,34,0,105539,4,3,<NA>,19:19:21.33,2025-09-05,19:19:21.33,2025-09-05,True,False,3825.0,3825.0,440.88,-312.3,0,1,DINEIN1,1,False,0.0,0,False,19:19:21.33,2025-09-05,0.0,False,1,0.0,DINEIN1,0.0,0,0,-99.99,-10000000000,<NA>,0.0,0,17678,0,0,0,19:19:21.33,0.0,1,0,0.0,0,0,0,19:19:21.33,19:19:21.33
83,Manam,Manam SM Cebu,17679,0.0,0.0,4,0,105539,3,1,<NA>,19:32:46.113,2025-09-05,19:32:46.113,2025-09-05,True,False,3200.0,3200.0,342.86,-242.86,0,1,DINEIN1,1,False,0.0,0,False,19:32:46.113,2025-09-05,0.0,False,1,0.0,DINEIN1,0.0,0,0,-99.99,-10000000000,<NA>,0.0,0,17679,0,0,0,19:32:46.113,0.0,1,0,0.0,0,0,0,19:32:46.113,19:32:46.113
83,Manam,Manam SM Cebu,17681,0.0,0.0,43,0,105539,5,3,10% LOYAL,19:13:39.29,2025-09-05,19:13:39.29,2025-09-05,True,False,2880.0,2880.0,445.49,-315.56,0,1,DINEIN1,1,False,462.0,0,False,19:13:39.29,2025-09-05,0.0,False,1,0.0,DINEIN1,0.0,0,0,-99.99,-10000000000,10472162,0.0,0,17681,0,0,0,19:13:39.29,0.0,1,0,0.0,0,0,0,19:13:39.29,19:13:39.29
83,Manam,Manam SM Cebu,17682,0.0,0.0,0,0,105539,0,12,<NA>,20:33:34.597,2025-09-05,20:33:34.597,2025-09-05,True,False,540.0,540.0,57.86,0.0,0,1,GRABFOOD,1,False,0.0,0,False,20:33:34.597,2025-09-05,0.0,False,1,0.0,GRABFOOD,0.0,0,0,-99.99,-10000000000,<NA>,0.0,0,17682,0,0,0,20:33:34.597,0.0,1,0,0.0,0,0,0,20:33:34.597,20:33:34.597
83,Manam,Manam SM Cebu,17683,0.0,0.0,27,0,105539,3,3,<NA>,19:43:53.877,2025-09-05,19:43:53.877,2025-09-05,True,False,2635.0,2635.0,294.11,-208.33,0,1,DINEIN1,1,False,0.0,0,False,19:43:53.877,2025-09-05,0.0,False,1,0.0,DINEIN1,0.0,0,0,-99.99,-10000000000,<NA>,0.0,0,17683,0,0,0,19:43:53.877,0.0,1,0,0.0,0,0,0,19:43:53.877,19:43:53.877
83,Manam,Manam SM Cebu,17684,0.0,0.0,52,0,105539,2,3,<NA>,19:48:32.867,2025-09-05,19:48:32.867,2025-09-05,True,False,1410.0,1410.0,151.07,-107.01,0,1,DINEIN1,1,False,0.0,0,False,19:48:32.867,2025-09-05,0.0,False,1,0.0,DINEIN1,0.0,0,0,-99.99,-10000000000,<NA>,0.0,0,17684,0,0,0,19:48:32.867,0.0,1,0,0.0,0,0,0,19:48:32.867,19:48:32.867
83,Manam,Manam SM Cebu,17685,0.0,0.0,19,0,105539,1,3,<NA>,20:09:20.273,2025-09-05,20:09:20.273,2025-09-05,True,False,995.0,995.0,106.61,-75.51,0,1,DINEIN1,1,False,0.0,0,False,20:09:20.273,2025-09-05,0.0,False,1,0.0,DINEIN1,0.0,0,0,-99.99,-10000000000,<NA>,0.0,0,17685,0,0,0,20:09:20.273,0.0,1,0,0.0,0,0,0,20:09:20.273,20:09:20.273
83,Manam,Manam SM Cebu,17686,0.0,0.0,11,0,105539,2,7,<NA>,20:16:58.037,2025-09-05,20:16:58.037,2025-09-05,True,False,1300.0,1300.0,139.28,-98.66,0,1,DINEIN1,1,False,0.0,0,False,20:16:58.037,2025-09-05,0.0,False,1,0.0,DINEIN1,0.0,0,0,-99.99,-10000000000,<NA>,0.0,0,17686,0,0,0,20:16:58.037,0.0,1,0,0.0,0,0,0,20:16:58.037,20:16:58.037
83,Manam,Manam SM Cebu,17687,0.0,0.0,51,0,105539,2,1,<NA>,19:55:12.647,2025-09-05,19:55:12.647,2025-09-05,True,False,1270.0,1270.0,136.08,-96.38,0,1,DINEIN1,1,False,0.0,0,False,19:55:12.647,2025-09-05,0.0,False,1,0.0,DINEIN1,0.0,0,0,-99.99,-10000000000,<NA>,0.0,0,17687,0,0,0,19:55:12.647,0.0,1,0,0.0,0,0,0,19:55:12.647,19:55:12.647
83,Manam,Manam SM Cebu,17688,0.0,0.0,14,0,105539,4,3,<NA>,19:49:48.323,2025-09-05,19:49:48.323,2025-09-05,True,False,2640.54,2640.54,272.04857142857145,-240.81,0,1,DINEIN1,1,False,149.11,0,False,19:49:48.323,2025-09-05,0.0,False,1,0.0,DINEIN1,0.0,0,0,-99.99,-10000000000,<NA>,0.0,0,17688,0,0,0,19:49:48.323,0.0,1,0,0.0,0,0,0,19:49:48.323,19:49:48.323
83,Manam,Manam SM Cebu,17689,0.0,0.0,28,0,105539,2,3,<NA>,20:13:47.367,2025-09-05,20:13:47.367,2025-09-05,True,False,1090.0,1090.0,127.5,-90.31,0,1,DINEIN1,1,False,0.0,0,False,20:13:47.367,2025-09-05,0.0,False,1,0.0,DINEIN1,0.0,0,0,-99.99,-10000000000,<NA>,0.0,0,17689,0,0,0,20:13:47.367,0.0,1,0,0.0,0,0,0,20:13:47.367,20:13:47.367
83,Manam,Manam SM Cebu,17690,0.0,0.0,30,0,105539,5,3,<NA>,19:58:00.227,2025-09-05,19:58:00.227,2025-09-05,True,False,3749.75,3749.75,381.0,-323.85,0,1,DINEIN1,1,False,158.75,0,False,19:58:00.227,2025-09-05,0.0,False,1,0.0,DINEIN1,0.0,0,0,-99.99,-10000000000,<NA>,0.0,0,17690,0,0,0,19:58:00.227,0.0,1,0,0.0,0,0,0,19:58:00.227,19:58:00.227
83,Manam,Manam SM Cebu,17691,0.0,0.0,0,0,105539,0,12,<NA>,21:03:25.837,2025-09-05,21:03:25.837,2025-09-05,True,False,370.0,370.0,39.64,0.0,0,1,GRABFOOD,1,False,0.0,0,False,21:03:25.837,2025-09-05,0.0,False,1,0.0,GRABFOOD,0.0,0,0,-99.99,-10000000000,<NA>,0.0,0,17691,0,0,0,21:03:25.837,0.0,1,0,0.0,0,0,0,21:03:25.837,21:03:25.837
83,Manam,Manam SM Cebu,17692,0.0,0.0,0,0,105539,0,12,<NA>,21:04:30.777,2025-09-05,21:04:30.777,2025-09-05,True,False,268.0,268.0,28.71,0.0,0,1,GRABFOOD,1,False,0.0,0,False,21:04:30.777,2025-09-05,0.0,False,1,0.0,GRABFOOD,0.0,0,0,-99.99,-10000000000,<NA>,0.0,0,17692,0,0,0,21:04:30.777,0.0,1,0,0.0,0,0,0,21:04:30.777,21:04:30.777
83,Manam,Manam SM Cebu,17693,0.0,0.0,4,0,105539,3,3,<NA>,20:32:51.5,2025-09-05,20:32:51.5,2025-09-05,True,False,1065.0,1065.0,151.6,-107.39,0,1,DINEIN1,1,False,0.0,0,False,20:32:51.5,2025-09-05,0.0,False,1,0.0,DINEIN1,0.0,0,0,-99.99,-10000000000,<NA>,0.0,0,17693,0,0,0,20:32:51.5,0.0,1,0,0.0,0,0,0,20:32:51.5,20:32:51.5
83,Manam,Manam SM Cebu,17694,0.0,0.0,34,0,105539,3,3,<NA>,20:30:13.6,2025-09-05,20:30:13.6,2025-09-05,True,False,560.0,560.0,59.99,-42.5,0,1,DINEIN1,1,False,0.0,0,False,20:30:13.6,2025-09-05,0.0,False,1,0.0,DINEIN1,0.0,0,0,-99.99,-10000000000,<NA>,0.0,0,17694,0,0,0,20:30:13.6,0.0,1,0,0.0,0,0,0,20:30:13.6,20:30:13.6
83,Manam,Manam SM Cebu,17695,0.0,0.0,0,0,105539,0,1,<NA>,21:16:32.293,2025-09-05,21:16:32.293,2025-09-05,True,False,400.0,400.0,42.86,0.0,0,1,TAKEOUT,1,False,0.0,0,False,21:16:32.293,2025-09-05,0.0,False,1,0.0,TAKEOUT,0.0,0,0,-99.99,-10000000000,<NA>,0.0,0,17695,0,0,0,21:16:32.293,0.0,1,0,0.0,0,0,0,21:16:32.293,21:16:32.293
83,Manam,Manam SM Cebu,17696,0.0,0.0,10,0,105539,2,3,<NA>,20:04:42.957,2025-09-05,20:04:42.957,2025-09-05,True,False,1080.0,1080.0,154.28,-109.29,0,1,DINEIN1,1,False,0.0,0,False,20:04:42.957,2025-09-05,0.0,False,1,0.0,DINEIN1,0.0,0,0,-99.99,-10000000000,<NA>,0.0,0,17696,0,0,0,20:04:42.957,0.0,1,0,0.0,0,0,0,20:04:42.957,20:04:42.957
83,Manam,Manam SM Cebu,17697,0.0,0.0,1,0,105539,6,3,<NA>,20:08:18.443,2025-09-05,20:08:18.443,2025-09-05,True,False,4048.84,4048.84,408.17571428571426,-333.43,0,1,DINEIN1,1,False,135.27,0,False,20:08:18.443,2025-09-05,0.0,False,1,0.0,DINEIN1,0.0,0,0,-99.99,-10000000000,<NA>,0.0,0,17697,0,0,0,20:08:18.443,0.0,1,0,0.0,0,0,0,20:08:18.443,20:08:18.443
83,Manam,Manam SM Cebu,17698,0.0,0.0,33,0,105539,3,3,<NA>,20:25:43.917,2025-09-05,20:25:43.917,2025-09-05,True,False,2454.12,2454.12,181.79142857142855,-180.27,0,1,DINEIN1,1,False,151.49,0,False,20:25:43.917,2025-09-05,0.0,False,1,0.0,DINEIN1,0.0,0,0,-99.99,-10000000000,<NA>,0.0,0,17698,0,0,0,20:25:43.917,0.0,1,0,0.0,0,0,0,20:25:43.917,20:25:43.917
83,Manam,Manam SM Cebu,17699,0.0,0.0,20,0,105539,9,3,<NA>,20:27:19.247,2025-09-05,20:27:19.247,2025-09-05,True,False,3230.0,3230.0,493.39,-349.49,0,1,DINEIN1,1,False,0.0,0,False,20:27:19.247,2025-09-05,0.0,False,1,0.0,DINEIN1,0.0,0,0,-99.99,-10000000000,<NA>,0.0,0,17699,0,0,0,20:27:19.247,0.0,1,0,0.0,0,0,0,20:27:19.247,20:27:19.247
83,Manam,Manam SM Cebu,17700,0.0,0.0,50,0,105539,8,3,<NA>,20:38:28.27,2025-09-05,20:38:28.27,2025-09-05,True,False,2190.27,2190.27,208.12857142857143,-164.27,0,1,DINEIN1,1,False,49.55,0,False,20:38:28.27,2025-09-05,0.0,False,1,0.0,DINEIN1,0.0,0,0,-99.99,-10000000000,<NA>,0.0,0,17700,0,0,0,20:38:28.27,0.0,1,0,0.0,0,0,0,20:38:28.27,20:38:28.27
83,Manam,Manam SM Cebu,17701,0.0,0.0,40,0,105539,4,3,<NA>,20:00:28.433,2025-09-05,20:00:28.433,2025-09-05,True,False,2877.5,2877.5,247.49714285714285,-222.06,0,1,DINEIN1,1,False,137.5,0,False,20:00:28.433,2025-09-05,0.0,False,1,0.0,DINEIN1,0.0,0,0,-99.99,-10000000000,<NA>,0.0,0,17701,0,0,0,20:00:28.433,0.0,1,0,0.0,0,0,0,20:00:28.433,20:00:28.433
83,Manam,Manam SM Cebu,17702,0.0,0.0,44,0,105539,2,3,<NA>,20:23:45.08,2025-09-05,20:23:45.08,2025-09-05,True,False,1550.0,1550.0,166.07,-117.63,0,1,DINEIN1,1,False,0.0,0,False,20:23:45.08,2025-09-05,0.0,False,1,0.0,DINEIN1,0.0,0,0,-99.99,-10000000000,<NA>,0.0,0,17702,0,0,0,20:23:45.08,0.0,1,0,0.0,0,0,0,20:23:45.08,20:23:45.08
83,Manam,Manam SM Cebu,17703,0.0,0.0,23,0,105539,3,3,<NA>,20:19:44.02,2025-09-05,20:19:44.02,2025-09-05,True,False,1388.58,1388.58,102.86571428571428,-102.0,0,1,DINEIN1,1,False,85.72,0,False,20:19:44.02,2025-09-05,0.0,False,1,0.0,DINEIN1,0.0,0,0,-99.99,-10000000000,<NA>,0.0,0,17703,0,0,0,20:19:44.02,0.0,1,0,0.0,0,0,0,20:19:44.02,20:19:44.02
83,Manam,Manam SM Cebu,17704,0.0,0.0,18,0,105539,3,3,<NA>,20:50:12.3,2025-09-05,20:50:12.3,2025-09-05,True,False,980.0,980.0,105.0,-74.38,0,1,DINEIN1,1,False,0.0,0,False,20:50:12.3,2025-09-05,0.0,False,1,0.0,DINEIN1,0.0,0,0,-99.99,-10000000000,<NA>,0.0,0,17704,0,0,0,20:50:12.3,0.0,1,0,0.0,0,0,0,20:50:12.3,20:50:12.3
83,Manam,Manam SM Cebu,17705,0.0,0.0,0,0,105539,0,1,<NA>,18:24:35.67,2025-09-05,18:24:35.67,2025-09-05,True,False,0.0,0.0,0.0,0.0,0,1,ZR-COMP +,1,False,0.0,0,False,18:24:35.67,2025-09-05,0.0,False,1,0.0,ZR-COMP +,0.0,0,0,-99.99,-10000000000,<NA>,0.0,0,17705,0,0,0,18:24:35.67,0.0,1,0,0.0,0,0,0,18:24:35.67,18:24:35.67
83,Manam,Manam SM Cebu,17706,0.0,0.0,0,0,105539,0,1,<NA>,21:47:54.81,2025-09-05,21:47:54.81,2025-09-05,True,False,20.0,20.0,2.14,0.0,0,1,TAKEOUT,1,False,0.0,0,False,21:47:54.81,2025-09-05,0.0,False,1,0.0,TAKEOUT,0.0,0,0,-99.99,-10000000000,<NA>,0.0,0,17706,0,0,0,21:47:54.81,0.0,1,0,0.0,0,0,0,21:47:54.81,21:47:54.81
83,Manam,Manam SM Cebu,17707,0.0,0.0,52,0,105539,2,3,<NA>,21:07:58.82,2025-09-05,21:07:58.82,2025-09-05,True,False,1695.0,1695.0,190.71,-135.09,0,1,DINEIN1,1,False,0.0,0,False,21:07:58.82,2025-09-05,0.0,False,1,0.0,DINEIN1,0.0,0,0,-99.99,-10000000000,<NA>,0.0,0,17707,0,0,0,21:07:58.82,0.0,1,0,0.0,0,0,0,21:07:58.82,21:07:58.82
83,Manam,Manam SM Cebu,17708,0.0,0.0,1,0,105539,9,3,<NA>,22:01:34.76,2025-09-05,22:01:34.76,2025-09-05,True,False,4405.0,4405.0,957.88,-678.48,0,1,DINEIN1,1,False,0.0,0,False,22:01:34.76,2025-09-05,0.0,False,1,0.0,DINEIN1,0.0,0,0,-99.99,-10000000000,<NA>,0.0,0,17708,0,0,0,22:01:34.76,0.0,1,0,0.0,0,0,0,22:01:34.76,22:01:34.76
